sep=;;
Type;1.4;
Version;1.40;
Date;16.Oct 2023;
Mode;ANALYZER;
Preamplifier;OFF;
Transducer;OFF;
Center Freq;15076500.000000;Hz
Freq Offset;0.000000;Hz
Start;154500.000000;Hz
Stop;29998500.000000;Hz
Span;29844000.000000;Hz
Ref Level;62.000000;dB”V
Level Offset;0.000000;dB
Rf Att;0.000000;dB
El Att;0.000000;dB
RBW;9000.000000;Hz
VBW;100000.000000;Hz
SWT;0.000654;s
Sweep Count;10;
Window;1;Frequency Sweep
Ref Position;100.000000;%
Level Range;100.000000;dB
x-Axis;LIN;
y-Axis;LOG;
x-Unit;Hz;
y-Unit;dB”V;
Trace;1;
Trace Mode;CLR/WRITE;
Detector;RMS;
Values;3317;
154500;36.804664611816406;
163500;40.91004180908203;
172500;37.798431396484375;
181500;53.4909782409668;
190500;66.63310241699219;
199500;55.28955078125;
208500;41.82872009277344;
217500;37.44671630859375;
226500;37.01226043701172;
235500;64.22196960449219;
244500;62.24949264526367;
253500;37.206336975097656;
262500;37.91558074951172;
271500;33.79410552978516;
280500;52.393672943115234;
289500;62.029598236083984;
298500;46.33906173706056;
307500;41.681838989257805;
316500;42.129127502441406;
325500;35.89551544189453;
334500;61.772064208984375;
343500;57.69268035888672;
352500;41.56097412109375;
361500;46.5698356628418;
370500;41.224586486816406;
379500;63.58847427368164;
388500;65.46823120117188;
397500;36.53238677978516;
406500;39.43401336669922;
415500;34.14922332763672;
424500;35.75916290283203;
433500;57.015438079833984;
442500;48.37699508666992;
451500;34.38030242919922;
460500;36.41713714599609;
469500;30.502693176269528;
478500;43.6190185546875;
487500;48.01535415649414;
496500;32.15093231201172;
505500;28.75692749023437;
514500;31.78064727783203;
523500;32.37566375732422;
532500;34.69584655761719;
541500;33.500244140625;
550500;29.142799377441406;
559500;31.016853332519528;
568500;40.9731674194336;
577500;48.51108551025391;
586500;47.23892974853516;
595500;40.01985168457031;
604500;40.202239990234375;
613500;38.35888671875;
622500;45.73881149291992;
631500;56.04652786254882;
640500;46.94513320922852;
649500;45.34810256958008;
658500;37.927467346191406;
667500;41.60205078125;
676500;55.79270935058594;
685500;46.83269119262695;
694500;40.97688293457031;
703500;42.50165557861328;
712500;48.86932373046875;
721500;52.5840301513672;
730500;54.201416015625;
739500;42.73052215576172;
748500;45.17595291137695;
757500;52.574466705322266;
766500;50.42557144165039;
775500;51.18804931640625;
784500;49.09200286865234;
793500;54.81942367553711;
802500;52.50209808349609;
811500;55.17305755615234;
820500;54.05084991455078;
829500;53.61045837402344;
838500;56.08644485473633;
847500;60.10616302490234;
856500;56.64316177368164;
865500;56.815032958984375;
874500;61.721843719482415;
883500;61.056129455566406;
892500;66.03950500488281;
901500;61.57754135131836;
910500;55.679492950439446;
919500;60.22018814086913;
928500;68.22056579589844;
937500;60.92451095581056;
946500;58.70697021484375;
955500;59.51192092895508;
964500;58.05795669555664;
973500;62.65837478637695;
982500;54.335914611816406;
991500;53.64073944091797;
1000500;56.469181060791016;
1009500;56.310813903808594;
1018500;52.19319152832031;
1027500;48.491004943847656;
1036500;52.03426742553711;
1045500;45.804931640625;
1054500;43.856971740722656;
1063500;35.73087310791016;
1072500;41.81842803955078;
1081500;43.340496063232415;
1090500;39.26255798339844;
1099500;34.15811920166016;
1108500;33.393287658691406;
1117500;41.26015472412109;
1126500;35.001670837402344;
1135500;32.670318603515625;
1144500;29.989578247070312;
1153500;33.5550537109375;
1162500;39.08435821533203;
1171500;38.11278533935546;
1180500;29.578353881835938;
1189500;30.85112762451172;
1198500;37.030303955078125;
1207500;33.40080261230469;
1216500;44.25338363647461;
1225500;34.14867401123047;
1234500;35.45893096923828;
1243500;34.95081329345703;
1252500;36.37960815429688;
1261500;44.849884033203125;
1270500;40.86392974853516;
1279500;41.21881103515625;
1288500;33.50481414794922;
1297500;35.58411407470703;
1306500;41.82933044433594;
1315500;38.55833435058594;
1324500;33.123130798339844;
1333500;36.079376220703125;
1342500;38.83462524414063;
1351500;33.64005279541016;
1360500;41.7470703125;
1369500;37.27909851074219;
1378500;35.78764343261719;
1387500;35.429969787597656;
1396500;39.30604553222656;
1405500;37.08316802978516;
1414500;40.51881408691406;
1423500;34.50385284423828;
1432500;38.79851531982422;
1441500;37.567337036132805;
1450500;36.56627655029297;
1459500;33.65345001220703;
1468500;37.6751708984375;
1477500;41.435821533203125;
1486500;34.5284423828125;
1495500;31.87317657470703;
1504500;40.45504760742188;
1513500;37.79528045654297;
1522500;36.60871887207031;
1531500;29.873054504394528;
1540500;39.29596710205078;
1549500;38.88770294189453;
1558500;46.51552963256836;
1567500;37.401214599609375;
1576500;39.712715148925774;
1585500;45.32627868652344;
1594500;44.16979217529297;
1603500;44.38598251342773;
1612500;45.35682678222656;
1621500;41.569602966308594;
1630500;40.3631591796875;
1639500;46.851688385009766;
1648500;40.98552703857422;
1657500;39.63727569580078;
1666500;41.8994598388672;
1675500;44.37288284301758;
1684500;40.91568756103516;
1693500;39.11175537109375;
1702500;41.65257263183594;
1711500;37.973968505859375;
1720500;43.32547378540039;
1729500;34.27018737792969;
1738500;33.62823486328125;
1747500;40.51752471923828;
1756500;39.49456024169922;
1765500;32.28721618652344;
1774500;38.71944427490234;
1783500;33.58063507080078;
1792500;34.625213623046875;
1801500;39.95082092285156;
1810500;39.279518127441406;
1819500;31.486091613769528;
1828500;31.29607391357421;
1837500;30.48138427734375;
1846500;42.065742492675774;
1855500;41.107032775878906;
1864500;27.825836181640625;
1873500;24.4931869506836;
1882500;34.438430786132805;
1891500;35.986114501953125;
1900500;42.02507019042969;
1909500;31.374099731445312;
1918500;29.636070251464844;
1927500;38.13396453857422;
1936500;35.467132568359375;
1945500;41.90120697021484;
1954500;40.58126068115234;
1963500;36.09233856201172;
1972500;26.887535095214844;
1981500;30.85273742675781;
1990500;28.6001205444336;
1999500;38.41636657714844;
2008500;35.07584381103516;
2017500;43.24406433105469;
2026500;40.32088470458984;
2035500;45.91181564331056;
2044500;38.239700317382805;
2053500;33.88996124267578;
2062500;33.689598083496094;
2071500;34.478965759277344;
2080500;32.93621063232422;
2089500;28.375778198242188;
2098500;33.416168212890625;
2107500;43.99859619140625;
2116500;45.25705337524414;
2125500;39.10943603515625;
2134500;39.51046752929688;
2143500;35.089813232421875;
2152500;40.141876220703125;
2161500;43.53334426879882;
2170500;38.4420166015625;
2179500;39.02481842041016;
2188500;47.11187744140625;
2197500;42.10239410400391;
2206500;36.66835784912109;
2215500;42.94321441650391;
2224500;37.815696716308594;
2233500;38.596015930175774;
2242500;40.10243988037109;
2251500;38.18220520019531;
2260500;39.850540161132805;
2269500;34.919715881347656;
2278500;43.10088348388672;
2287500;42.47420501708984;
2296500;35.76116943359375;
2305500;29.669189453125;
2314500;32.24714660644531;
2323500;35.06017303466797;
2332500;42.00841522216797;
2341500;40.991973876953125;
2350500;33.00321960449219;
2359500;38.80974578857422;
2368500;43.98996353149414;
2377500;37.19081115722656;
2386500;26.90513610839844;
2395500;34.08331298828125;
2404500;30.99131774902344;
2413500;25.434127807617188;
2422500;25.351112365722656;
2431500;37.37225341796875;
2440500;38.8094482421875;
2449500;33.61799621582031;
2458500;45.80999755859375;
2467500;34.90570831298828;
2476500;35.688262939453125;
2485500;36.7755126953125;
2494500;33.35401916503906;
2503500;29.3785400390625;
2512500;31.525184631347656;
2521500;37.1973114013672;
2530500;32.554473876953125;
2539500;30.074142456054688;
2548500;32.59718322753906;
2557500;32.628318786621094;
2566500;32.003021240234375;
2575500;30.941261291503903;
2584500;33.22687530517578;
2593500;27.83287048339844;
2602500;33.353179931640625;
2611500;26.06412506103516;
2620500;22.76398468017578;
2629500;23.735008239746094;
2638500;30.06401824951172;
2647500;25.418472290039062;
2656500;26.62908172607421;
2665500;22.820777893066406;
2674500;31.9741439819336;
2683500;30.44956970214844;
2692500;27.38037109375;
2701500;23.030105590820312;
2710500;21.02994537353516;
2719500;23.8972396850586;
2728500;31.328895568847656;
2737500;25.087905883789062;
2746500;19.65277099609375;
2755500;30.775733947753903;
2764500;27.30631256103516;
2773500;33.22856140136719;
2782500;34.593711853027344;
2791500;32.059326171875;
2800500;33.24822235107422;
2809500;33.66264343261719;
2818500;28.92804718017578;
2827500;32.79759216308594;
2836500;26.41320037841797;
2845500;24.00843811035156;
2854500;29.40463256835937;
2863500;28.77496337890625;
2872500;28.3447494506836;
2881500;26.32123565673828;
2890500;31.088844299316406;
2899500;36.621864318847656;
2908500;30.401275634765625;
2917500;27.97599029541016;
2926500;25.98477935791016;
2935500;32.44319152832031;
2944500;33.66926574707031;
2953500;20.72307586669921;
2962500;28.453338623046875;
2971500;33.799346923828125;
2980500;31.670799255371094;
2989500;36.22008514404297;
2998500;27.276268005371094;
3007500;24.419113159179688;
3016500;27.012184143066406;
3025500;29.433990478515625;
3034500;28.095855712890625;
3043500;32.9757080078125;
3052500;28.03873443603516;
3061500;23.772216796875;
3070500;23.48693084716797;
3079500;29.158241271972656;
3088500;22.66694641113281;
3097500;20.427040100097656;
3106500;15.705177307128906;
3115500;25.62798309326172;
3124500;22.842849731445312;
3133500;28.31658935546875;
3142500;19.998809814453125;
3151500;13.510612487792969;
3160500;28.767562866210938;
3169500;26.65367126464844;
3178500;17.31409454345703;
3187500;19.755210876464844;
3196500;21.415939331054688;
3205500;26.322608947753903;
3214500;24.899177551269528;
3223500;25.530059814453125;
3232500;20.8579330444336;
3241500;24.558357238769528;
3250500;20.24633026123047;
3259500;21.70209503173828;
3268500;27.98876953125;
3277500;21.96768951416016;
3286500;22.862335205078125;
3295500;24.53986358642578;
3304500;26.205245971679688;
3313500;31.592498779296875;
3322500;26.59803009033203;
3331500;23.48139953613281;
3340500;24.616355895996094;
3349500;18.004226684570312;
3358500;30.18570709228516;
3367500;30.039100646972656;
3376500;15.389656066894531;
3385500;18.1558837890625;
3394500;29.42005920410156;
3403500;32.009010314941406;
3412500;31.056892395019528;
3421500;30.57772827148437;
3430500;27.714431762695312;
3439500;23.157752990722656;
3448500;22.157752990722656;
3457500;24.447731018066406;
3466500;23.22056579589844;
3475500;28.13562774658203;
3484500;28.856185913085938;
3493500;20.08857727050781;
3502500;18.696212768554688;
3511500;29.34359741210937;
3520500;28.86962127685547;
3529500;21.507896423339844;
3538500;22.664581298828125;
3547500;29.16303253173828;
3556500;29.12873077392578;
3565500;25.19872283935547;
3574500;27.1181869506836;
3583500;24.046630859375;
3592500;21.58578491210937;
3601500;24.90294647216797;
3610500;29.161041259765625;
3619500;24.173828125;
3628500;21.51167297363281;
3637500;26.06096649169921;
3646500;21.54019927978516;
3655500;33.16571807861328;
3664500;28.27123260498047;
3673500;27.243896484375;
3682500;19.59339904785156;
3691500;23.367881774902344;
3700500;31.5520248413086;
3709500;31.21392059326172;
3718500;28.766883850097656;
3727500;31.500083923339844;
3736500;25.421066284179688;
3745500;27.18927764892578;
3754500;26.7236557006836;
3763500;27.10311889648437;
3772500;28.45404052734375;
3781500;28.84564208984375;
3790500;29.83975982666016;
3799500;28.220718383789062;
3808500;25.253692626953125;
3817500;27.638259887695312;
3826500;28.94696807861328;
3835500;23.623786926269528;
3844500;29.794113159179688;
3853500;33.141326904296875;
3862500;28.582733154296875;
3871500;28.993438720703125;
3880500;31.797584533691406;
3889500;23.20648193359375;
3898500;31.11884307861328;
3907500;24.295372009277344;
3916500;28.90707397460937;
3925500;24.52967834472656;
3934500;28.35417938232421;
3943500;32.50291442871094;
3952500;32.878143310546875;
3961500;33.383094787597656;
3970500;32.569969177246094;
3979500;29.12512969970703;
3988500;32.480125427246094;
3997500;29.71202850341797;
4006500;26.23915100097656;
4015500;32.434768676757805;
4024500;30.736091613769528;
4033500;33.59406280517578;
4042500;32.475608825683594;
4051500;33.38562774658203;
4060500;31.63194274902344;
4069500;28.69175720214844;
4078500;25.51303100585937;
4087500;29.1059799194336;
4096500;27.56005096435547;
4105500;31.81452178955078;
4114500;31.462875366210938;
4123500;34.78295135498047;
4132500;29.568389892578125;
4141500;35.673309326171875;
4150500;35.99298095703125;
4159500;32.0380859375;
4168500;20.295654296875;
4177500;31.52044677734375;
4186500;26.679473876953125;
4195500;30.57357788085937;
4204500;32.13890838623047;
4213500;35.00244140625;
4222500;31.49234771728516;
4231500;29.375083923339844;
4240500;29.06636047363281;
4249500;24.32861328125;
4258500;23.115280151367188;
4267500;28.47625732421875;
4276500;28.92499542236328;
4285500;22.273094177246094;
4294500;32.80693054199219;
4303500;29.80059814453125;
4312500;25.044929504394528;
4321500;23.502418518066406;
4330500;29.5234375;
4339500;23.072967529296875;
4348500;23.25096893310547;
4357500;23.76025390625;
4366500;30.108306884765625;
4375500;24.69609832763672;
4384500;25.774269104003903;
4393500;28.958503723144528;
4402500;29.299781799316406;
4411500;28.05425262451172;
4420500;29.30047607421875;
4429500;15.70246124267578;
4438500;24.5299072265625;
4447500;26.430450439453125;
4456500;30.86410522460937;
4465500;27.720748901367188;
4474500;22.062705993652344;
4483500;25.015640258789062;
4492500;20.975440979003903;
4501500;14.679954528808592;
4510500;16.66307830810547;
4519500;20.11713409423828;
4528500;23.00591278076172;
4537500;22.80701446533203;
4546500;23.600059509277344;
4555500;23.8017807006836;
4564500;23.569786071777344;
4573500;23.4722900390625;
4582500;21.768386840820312;
4591500;18.457740783691406;
4600500;29.831298828125;
4609500;24.32439422607421;
4618500;28.2593994140625;
4627500;21.194725036621094;
4636500;21.630783081054688;
4645500;20.447479248046875;
4654500;31.99915313720703;
4663500;28.71112823486328;
4672500;23.23009490966797;
4681500;27.72669982910156;
4690500;23.520408630371094;
4699500;20.476158142089844;
4708500;17.852333068847656;
4717500;28.296401977539062;
4726500;26.36097717285156;
4735500;25.37265014648437;
4744500;26.9892578125;
4753500;31.647445678710938;
4762500;20.97154235839844;
4771500;15.435997009277344;
4780500;24.25720977783203;
4789500;24.622055053710938;
4798500;16.526092529296875;
4807500;21.072296142578125;
4816500;22.30370330810547;
4825500;22.422889709472656;
4834500;22.20623016357421;
4843500;15.420082092285156;
4852500;20.886512756347656;
4861500;21.21131896972656;
4870500;26.751747131347656;
4879500;16.522804260253906;
4888500;24.93885040283203;
4897500;26.29254150390625;
4906500;28.65902709960937;
4915500;19.973365783691406;
4924500;29.09169006347656;
4933500;20.74822235107421;
4942500;16.738449096679688;
4951500;24.726646423339844;
4960500;27.5129623413086;
4969500;11.83820343017578;
4978500;20.429733276367188;
4987500;21.6599349975586;
4996500;22.043685913085938;
5005500;33.46437072753906;
5014500;33.025901794433594;
5023500;29.255126953125;
5032500;22.26220703125;
5041500;24.126991271972656;
5050500;25.99332427978516;
5059500;21.087432861328125;
5068500;22.561447143554688;
5077500;30.811309814453125;
5086500;27.862701416015625;
5095500;34.815826416015625;
5104500;31.18877410888672;
5113500;23.63935089111328;
5122500;27.47428131103516;
5131500;24.49909210205078;
5140500;18.96002197265625;
5149500;18.273521423339844;
5158500;32.540794372558594;
5167500;23.0587158203125;
5176500;21.116439819335938;
5185500;35.51640319824219;
5194500;27.879737854003903;
5203500;28.98963165283203;
5212500;21.773719787597656;
5221500;29.223312377929688;
5230500;31.109848022460938;
5239500;15.318405151367188;
5248500;16.279396057128906;
5257500;17.27240753173828;
5266500;23.889617919921875;
5275500;26.36732482910156;
5284500;21.011947631835938;
5293500;30.95415496826172;
5302500;19.89928436279297;
5311500;15.521568298339844;
5320500;19.78012084960937;
5329500;19.850303649902344;
5338500;13.863807678222656;
5347500;10.469581604003906;
5356500;29.13727569580078;
5365500;30.822723388671875;
5374500;20.794418334960938;
5383500;15.243423461914062;
5392500;26.577392578125;
5401500;26.17622375488281;
5410500;22.047218322753903;
5419500;17.152664184570312;
5428500;32.029052734375;
5437500;23.93659210205078;
5446500;25.340362548828125;
5455500;27.507003784179688;
5464500;26.86997985839844;
5473500;18.01556396484375;
5482500;19.405525207519528;
5491500;30.39776611328125;
5500500;32.336875915527344;
5509500;17.076210021972656;
5518500;24.71148681640625;
5527500;28.111251831054688;
5536500;32.62999725341797;
5545500;23.45922088623047;
5554500;16.451148986816406;
5563500;33.664695739746094;
5572500;27.88192749023437;
5581500;32.580055236816406;
5590500;28.66246795654297;
5599500;32.012115478515625;
5608500;21.584800720214844;
5617500;22.422866821289062;
5626500;31.585372924804688;
5635500;31.423263549804688;
5644500;23.653358459472656;
5653500;23.70732879638672;
5662500;26.292518615722656;
5671500;20.75884246826172;
5680500;17.361663818359375;
5689500;24.03021240234375;
5698500;32.845970153808594;
5707500;24.78802490234375;
5716500;27.244483947753903;
5725500;25.912612915039062;
5734500;33.364105224609375;
5743500;19.1810302734375;
5752500;16.39014434814453;
5761500;28.461013793945312;
5770500;29.90830993652344;
5779500;14.51055145263672;
5788500;18.87861633300781;
5797500;22.364158630371094;
5806500;20.28675842285156;
5815500;19.60733795166016;
5824500;18.90221405029297;
5833500;30.00267791748047;
5842500;31.01205444335937;
5851500;22.110626220703125;
5860500;27.677505493164062;
5869500;32.887229919433594;
5878500;18.523834228515625;
5887500;16.607627868652344;
5896500;24.12391662597656;
5905500;27.600173950195312;
5914500;13.85407257080078;
5923500;15.827102661132812;
5932500;20.478286743164062;
5941500;24.447761535644528;
5950500;24.450340270996094;
5959500;28.71270751953125;
5968500;29.319305419921875;
5977500;26.9681396484375;
5986500;20.153106689453125;
5995500;24.790786743164062;
6004500;33.35662841796875;
6013500;21.14999389648437;
6022500;16.058021545410156;
6031500;26.13340759277344;
6040500;29.42085266113281;
6049500;21.88446807861328;
6058500;19.17196655273437;
6067500;26.665138244628903;
6076500;16.120704650878906;
6085500;25.41148376464844;
6094500;28.205780029296875;
6103500;30.76335906982421;
6112500;22.590415954589844;
6121500;17.658370971679688;
6130500;23.44928741455078;
6139500;34.100608825683594;
6148500;27.193092346191406;
6157500;28.848426818847656;
6166500;28.468170166015625;
6175500;30.401382446289062;
6184500;16.382919311523438;
6193500;8.221488952636719;
6202500;16.72528076171875;
6211500;19.739845275878903;
6220500;22.02850341796875;
6229500;12.284263610839844;
6238500;28.94522857666016;
6247500;22.566635131835938;
6256500;20.49376678466797;
6265500;26.530838012695312;
6274500;31.95736694335937;
6283500;16.54370880126953;
6292500;15.656448364257812;
6301500;19.547271728515625;
6310500;22.04389953613281;
6319500;17.061264038085938;
6328500;24.30803680419921;
6337500;20.744880676269528;
6346500;23.90583038330078;
6355500;15.889678955078123;
6364500;20.694412231445312;
6373500;23.69243621826172;
6382500;17.447219848632812;
6391500;18.09233856201172;
6400500;20.99668884277344;
6409500;30.253082275390625;
6418500;23.362289428710938;
6427500;13.316055297851562;
6436500;23.54902648925781;
6445500;25.53845977783203;
6454500;22.9277572631836;
6463500;23.88636016845703;
6472500;22.94818115234375;
6481500;20.80455017089844;
6490500;19.709327697753903;
6499500;20.91307830810547;
6508500;23.03022766113281;
6517500;21.118858337402344;
6526500;24.183006286621094;
6535500;25.81092834472656;
6544500;33.17955017089844;
6553500;16.441360473632812;
6562500;22.299354553222656;
6571500;26.9880599975586;
6580500;27.51555633544921;
6589500;26.034652709960938;
6598500;25.769294738769528;
6607500;18.90404510498047;
6616500;23.13568878173828;
6625500;16.52801513671875;
6634500;22.32411193847656;
6643500;23.703048706054688;
6652500;14.779098510742188;
6661500;19.124526977539062;
6670500;22.81636047363281;
6679500;31.814666748046875;
6688500;20.3997802734375;
6697500;13.726898193359377;
6706500;16.76561737060547;
6715500;22.38616180419921;
6724500;21.863937377929688;
6733500;15.567298889160156;
6742500;26.167938232421875;
6751500;24.12468719482421;
6760500;16.679039001464844;
6769500;31.17632293701172;
6778500;28.222442626953125;
6787500;21.91273498535156;
6796500;26.21283721923828;
6805500;25.29316711425781;
6814500;32.428466796875;
6823500;17.416641235351562;
6832500;17.842926025390625;
6841500;19.88739776611328;
6850500;24.425506591796875;
6859500;25.0158920288086;
6868500;28.22138214111328;
6877500;23.550521850585938;
6886500;30.004470825195312;
6895500;24.9072494506836;
6904500;23.38837432861328;
6913500;21.82315826416016;
6922500;29.764244079589844;
6931500;30.93612670898437;
6940500;27.775108337402344;
6949500;31.63321685791016;
6958500;31.655174255371094;
6967500;27.29896545410156;
6976500;27.03033447265625;
6985500;32.027862548828125;
6994500;27.85755157470703;
7003500;19.62981414794921;
7012500;27.083045959472656;
7021500;29.83320617675781;
7030500;29.12816619873047;
7039500;21.779060363769528;
7048500;27.096885681152344;
7057500;22.148269653320312;
7066500;23.782730102539062;
7075500;26.87641143798828;
7084500;34.28919219970703;
7093500;26.956283569335938;
7102500;26.118019104003903;
7111500;26.142662048339844;
7120500;32.691650390625;
7129500;29.20233154296875;
7138500;27.38008117675781;
7147500;26.471221923828125;
7156500;19.551681518554688;
7165500;14.052452087402344;
7174500;20.18153381347656;
7183500;24.75372314453125;
7192500;13.830657958984377;
7201500;17.50879669189453;
7210500;25.923072814941406;
7219500;27.09294891357421;
7228500;22.34705352783203;
7237500;24.05487060546875;
7246500;20.54657745361328;
7255500;26.149566650390625;
7264500;24.47643280029297;
7273500;21.79753875732421;
7282500;18.15966796875;
7291500;24.538551330566406;
7300500;32.247215270996094;
7309500;18.09587860107421;
7318500;18.58238220214844;
7327500;6.676841735839844;
7336500;14.887664794921877;
7345500;19.86612701416016;
7354500;26.51428985595703;
7363500;19.67687225341797;
7372500;21.363555908203125;
7381500;19.338851928710938;
7390500;16.114486694335938;
7399500;9.49598693847656;
7408500;18.010757446289062;
7417500;16.65282440185547;
7426500;8.481422424316406;
7435500;11.854949951171877;
7444500;18.8506088256836;
7453500;18.47369384765625;
7462500;19.381607055664062;
7471500;21.83872985839844;
7480500;18.067672729492188;
7489500;13.43133544921875;
7498500;19.756553649902344;
7507500;19.01525115966797;
7516500;18.01861572265625;
7525500;19.345535278320312;
7534500;11.404014587402344;
7543500;16.56470489501953;
7552500;17.15345001220703;
7561500;20.312782287597656;
7570500;18.383689880371094;
7579500;21.48175811767578;
7588500;21.26213836669921;
7597500;10.867568969726562;
7606500;18.071022033691406;
7615500;25.501220703125;
7624500;19.22032928466797;
7633500;18.66709899902344;
7642500;25.361740112304688;
7651500;31.31553649902344;
7660500;14.842201232910156;
7669500;17.43250274658203;
7678500;11.936019897460936;
7687500;12.6412353515625;
7696500;11.708168029785156;
7705500;16.851783752441406;
7714500;13.878738403320312;
7723500;11.590660095214844;
7732500;27.692108154296875;
7741500;30.47920227050781;
7750500;23.47138214111328;
7759500;22.18525695800781;
7768500;18.038963317871094;
7777500;16.55760955810547;
7786500;16.490371704101562;
7795500;16.300514221191406;
7804500;18.55799102783203;
7813500;20.6179428100586;
7822500;29.226844787597656;
7831500;24.58141326904297;
7840500;18.84136962890625;
7849500;14.04779052734375;
7858500;15.386558532714844;
7867500;19.802223205566406;
7876500;20.34490966796875;
7885500;21.723403930664062;
7894500;22.506332397460938;
7903500;18.89350891113281;
7912500;24.888442993164062;
7921500;23.4737548828125;
7930500;21.8216552734375;
7939500;10.055755615234377;
7948500;12.872772216796877;
7957500;14.51396942138672;
7966500;17.565505981445312;
7975500;11.78923797607422;
7984500;10.137245178222656;
7993500;17.31029510498047;
8002500;22.69149780273437;
8011500;13.23065948486328;
8020500;13.73308563232422;
8029500;25.747352600097656;
8038500;17.1904296875;
8047500;17.753280639648438;
8056500;16.210670471191406;
8065500;21.68251037597656;
8074500;19.56604766845703;
8083500;19.25630187988281;
8092500;20.86456298828125;
8101500;18.78089141845703;
8110500;23.2677001953125;
8119500;29.6936264038086;
8128500;28.05279541015625;
8137500;19.020782470703125;
8146500;11.685440063476562;
8155500;12.448616027832031;
8164500;24.09075927734375;
8173500;26.27606201171875;
8182500;20.234054565429688;
8191500;14.559326171875;
8200500;23.9638900756836;
8209500;21.58446502685547;
8218500;19.81444549560547;
8227500;24.0911865234375;
8236500;17.496383666992188;
8245500;23.612274169921875;
8254500;23.10979461669921;
8263500;24.23448181152344;
8272500;15.199050903320312;
8281500;16.72850799560547;
8290500;11.35808563232422;
8299500;23.16974639892578;
8308500;10.404769897460936;
8317500;16.981521606445312;
8326500;18.68390655517578;
8335500;13.812950134277344;
8344500;16.388595581054688;
8353500;28.32630157470703;
8362500;20.64511108398437;
8371500;24.368659973144528;
8380500;27.32601928710937;
8389500;16.33672332763672;
8398500;22.14073181152344;
8407500;11.619712829589844;
8416500;15.31671905517578;
8425500;20.07453155517578;
8434500;23.76624298095703;
8443500;26.14344787597656;
8452500;14.266357421875;
8461500;15.472999572753906;
8470500;16.885940551757812;
8479500;10.051063537597656;
8488500;9.565635681152344;
8497500;17.25372314453125;
8506500;23.21014404296875;
8515500;19.072433471679688;
8524500;21.671890258789062;
8533500;22.819259643554688;
8542500;19.952957153320312;
8551500;18.58512115478516;
8560500;12.424179077148436;
8569500;17.612762451171875;
8578500;12.99956512451172;
8587500;5.435325622558594;
8596500;13.519027709960936;
8605500;7.075401306152344;
8614500;17.678985595703125;
8623500;22.44530487060547;
8632500;25.410789489746094;
8641500;16.78955078125;
8650500;15.931884765625;
8659500;16.80614471435547;
8668500;19.361167907714844;
8677500;22.51324462890625;
8686500;16.472808837890625;
8695500;15.871063232421877;
8704500;23.16931915283203;
8713500;16.88123321533203;
8722500;5.699455261230469;
8731500;19.633209228515625;
8740500;19.287452697753903;
8749500;10.76117706298828;
8758500;18.56945037841797;
8767500;19.76502227783203;
8776500;19.81831359863281;
8785500;20.434303283691406;
8794500;25.206466674804688;
8803500;15.557533264160156;
8812500;18.280906677246094;
8821500;19.958824157714844;
8830500;22.257095336914062;
8839500;15.12346649169922;
8848500;17.50749969482422;
8857500;15.122077941894531;
8866500;14.282501220703123;
8875500;22.991920471191406;
8884500;24.33648681640625;
8893500;16.445701599121094;
8902500;22.543960571289062;
8911500;22.1866455078125;
8920500;16.97113800048828;
8929500;14.71894073486328;
8938500;16.153709411621094;
8947500;18.247573852539062;
8956500;23.01329040527344;
8965500;23.658531188964844;
8974500;22.693191528320312;
8983500;24.709381103515625;
8992500;16.111900329589844;
9001500;12.154884338378906;
9010500;16.124282836914062;
9019500;15.558921813964844;
9028500;19.630867004394528;
9037500;19.258331298828125;
9046500;12.340957641601562;
9055500;19.196014404296875;
9064500;19.31166076660156;
9073500;19.327888488769528;
9082500;16.75560760498047;
9091500;17.241714477539062;
9100500;20.7729721069336;
9109500;18.57396697998047;
9118500;10.634315490722656;
9127500;22.5813217163086;
9136500;23.141334533691406;
9145500;19.149375915527344;
9154500;16.74510955810547;
9163500;17.74993133544922;
9172500;24.057418823242188;
9181500;24.12952423095703;
9190500;13.199630737304688;
9199500;13.841903686523436;
9208500;25.36742401123047;
9217500;20.567642211914062;
9226500;20.49822998046875;
9235500;22.265632629394528;
9244500;18.86266326904297;
9253500;20.85187530517578;
9262500;22.14928436279297;
9271500;21.52581024169921;
9280500;27.26924133300781;
9289500;23.88492584228516;
9298500;18.57335662841797;
9307500;24.888893127441406;
9316500;25.97582244873047;
9325500;24.744796752929688;
9334500;20.82012176513672;
9343500;16.068588256835938;
9352500;19.559478759765625;
9361500;24.70214080810547;
9370500;19.684310913085938;
9379500;17.55567169189453;
9388500;22.792198181152344;
9397500;18.22836303710937;
9406500;13.592666625976562;
9415500;16.618667602539062;
9424500;21.9807357788086;
9433500;26.471763610839844;
9442500;23.59928131103516;
9451500;20.688621520996094;
9460500;21.67365264892578;
9469500;24.67245483398437;
9478500;25.967567443847656;
9487500;24.986610412597656;
9496500;19.948745727539062;
9505500;16.011634826660156;
9514500;24.775535583496094;
9523500;25.2279052734375;
9532500;16.359275817871094;
9541500;16.43810272216797;
9550500;16.79094696044922;
9559500;23.654449462890625;
9568500;21.24433898925781;
9577500;21.589332580566406;
9586500;22.79352569580078;
9595500;18.249366760253903;
9604500;24.50872802734375;
9613500;24.54143524169921;
9622500;24.59625244140625;
9631500;22.522193908691406;
9640500;18.39497375488281;
9649500;16.629478454589844;
9658500;21.06354522705078;
9667500;24.42992401123047;
9676500;17.50042724609375;
9685500;19.574470520019528;
9694500;23.72844696044921;
9703500;18.58705139160156;
9712500;19.72108459472656;
9721500;21.95812225341797;
9730500;26.481124877929688;
9739500;29.036773681640625;
9748500;26.912925720214844;
9757500;21.68816375732421;
9766500;23.12360382080078;
9775500;24.284873962402344;
9784500;17.505599975585938;
9793500;20.137428283691406;
9802500;21.720382690429688;
9811500;20.491256713867188;
9820500;24.77690887451172;
9829500;21.811004638671875;
9838500;16.399864196777344;
9847500;26.088523864746094;
9856500;30.108604431152344;
9865500;24.08881378173828;
9874500;24.92738342285156;
9883500;25.871749877929688;
9892500;27.501632690429688;
9901500;26.431167602539062;
9910500;23.77384185791016;
9919500;13.641349792480469;
9928500;27.424087524414062;
9937500;28.80751037597656;
9946500;27.672103881835938;
9955500;26.1678466796875;
9964500;22.87195587158203;
9973500;30.215744018554688;
9982500;22.73236083984375;
9991500;22.349578857421875;
10000500;24.90483856201172;
10009500;29.17493438720703;
10018500;27.557174682617188;
10027500;29.1214599609375;
10036500;25.5942611694336;
10045500;20.872146606445312;
10054500;29.94719696044921;
10063500;27.69805145263672;
10072500;24.017868041992188;
10081500;22.443458557128903;
10090500;25.430923461914062;
10099500;23.53179931640625;
10108500;31.08470916748047;
10117500;16.415870666503906;
10126500;19.37828063964844;
10135500;19.13384246826172;
10144500;29.93912506103516;
10153500;26.9807357788086;
10162500;29.74713134765625;
10171500;25.838546752929688;
10180500;25.651199340820312;
10189500;26.47966766357421;
10198500;21.87835693359375;
10207500;16.840896606445312;
10216500;21.52252960205078;
10225500;24.847633361816406;
10234500;20.22407531738281;
10243500;6.928733825683594;
10252500;17.145965576171875;
10261500;17.29425811767578;
10270500;26.643394470214844;
10279500;24.23558807373047;
10288500;22.59317779541016;
10297500;14.462875366210936;
10306500;24.40740966796875;
10315500;21.488494873046875;
10324500;16.14825439453125;
10333500;21.31012725830078;
10342500;24.4206771850586;
10351500;22.099571228027344;
10360500;22.3650131225586;
10369500;20.896316528320312;
10378500;23.655311584472656;
10387500;11.813278198242188;
10396500;14.93730926513672;
10405500;14.87627410888672;
10414500;20.939170837402344;
10423500;20.58289337158203;
10432500;18.469276428222656;
10441500;18.08238983154297;
10450500;21.18939208984375;
10459500;22.95861053466797;
10468500;27.42821502685547;
10477500;16.575599670410156;
10486500;22.103355407714844;
10495500;26.33369445800781;
10504500;22.92357635498047;
10513500;22.013595581054688;
10522500;12.361320495605469;
10531500;26.85733795166016;
10540500;24.8916015625;
10549500;24.103286743164062;
10558500;19.09432983398437;
10567500;18.142364501953125;
10576500;26.223228454589844;
10585500;29.590576171875;
10594500;24.74078369140625;
10603500;18.27500915527344;
10612500;27.51062774658203;
10621500;27.60052490234375;
10630500;31.863624572753903;
10639500;26.523582458496094;
10648500;26.787017822265625;
10657500;32.9730224609375;
10666500;35.712188720703125;
10675500;23.995582580566406;
10684500;28.9796142578125;
10693500;34.95768737792969;
10702500;32.72193145751953;
10711500;33.9820556640625;
10720500;32.1204833984375;
10729500;34.50543975830078;
10738500;35.409645080566406;
10747500;39.70574951171875;
10756500;31.023269653320312;
10765500;32.914527893066406;
10774500;38.61362457275391;
10783500;40.300880432128906;
10792500;41.70659637451172;
10801500;38.230667114257805;
10810500;39.90534210205078;
10819500;41.38585662841797;
10828500;43.28741836547852;
10837500;37.12106323242188;
10846500;40.265235900878906;
10855500;43.47361755371094;
10864500;43.592166900634766;
10873500;43.3524169921875;
10882500;37.872406005859375;
10891500;46.169654846191406;
10900500;46.3845329284668;
10909500;50.34774398803711;
10918500;47.629180908203125;
10927500;42.33666229248047;
10936500;47.8574447631836;
10945500;47.55036926269531;
10954500;46.25327301025391;
10963500;41.50210571289063;
10972500;46.62798309326172;
10981500;43.60173034667969;
10990500;46.10913848876953;
10999500;43.130157470703125;
11008500;41.63924407958984;
11017500;47.330902099609375;
11026500;49.22702026367188;
11035500;43.55360794067384;
11044500;39.35652923583984;
11053500;45.93088912963867;
11062500;43.8350830078125;
11071500;48.02460479736328;
11080500;47.47076034545898;
11089500;42.60498046875;
11098500;45.30859756469727;
11107500;49.753772735595696;
11116500;45.94367599487305;
11125500;45.789798736572266;
11134500;47.903350830078125;
11143500;45.88613128662109;
11152500;48.16812133789063;
11161500;48.98748016357422;
11170500;53.03369522094727;
11179500;47.949615478515625;
11188500;49.14546585083008;
11197500;42.6777572631836;
11206500;40.5879364013672;
11215500;47.83941650390625;
11224500;45.98738098144531;
11233500;48.46202850341797;
11242500;41.09172058105469;
11251500;40.28238677978516;
11260500;41.2636947631836;
11269500;49.96531295776367;
11278500;42.61940002441406;
11287500;38.71958160400391;
11296500;46.57878494262695;
11305500;48.627967834472656;
11314500;47.82598114013672;
11323500;45.56962585449219;
11332500;45.39556503295898;
11341500;44.332344055175774;
11350500;48.465179443359375;
11359500;41.388465881347656;
11368500;42.863105773925774;
11377500;45.81545639038086;
11386500;44.64150619506836;
11395500;41.09102630615234;
11404500;42.18584442138672;
11413500;44.4429931640625;
11422500;38.711708068847656;
11431500;44.72669219970703;
11440500;34.53900909423828;
11449500;40.41096496582031;
11458500;43.56782150268555;
11467500;45.1533432006836;
11476500;37.73720550537109;
11485500;38.52040863037109;
11494500;43.39878082275391;
11503500;39.83601379394531;
11512500;42.98139190673828;
11521500;41.74699401855469;
11530500;38.31626892089844;
11539500;41.71134185791016;
11548500;38.75340270996094;
11557500;33.16139221191406;
11566500;32.83965301513672;
11575500;39.99427032470703;
11584500;38.72164916992188;
11593500;39.64813995361328;
11602500;38.80092620849609;
11611500;40.144325256347656;
11620500;35.432403564453125;
11629500;41.31520080566406;
11638500;36.006629943847656;
11647500;32.557029724121094;
11656500;36.16853332519531;
11665500;41.155364990234375;
11674500;43.61467361450195;
11683500;37.83126831054688;
11692500;32.014007568359375;
11701500;31.10626220703125;
11710500;38.8603744506836;
11719500;36.78723907470703;
11728500;33.12963104248047;
11737500;35.240196228027344;
11746500;33.91739654541016;
11755500;37.10628509521484;
11764500;38.173652648925774;
11773500;35.521697998046875;
11782500;32.04266357421875;
11791500;32.857215881347656;
11800500;37.282745361328125;
11809500;40.0960693359375;
11818500;37.78571319580078;
11827500;33.24870300292969;
11836500;31.311241149902344;
11845500;36.965042114257805;
11854500;36.649856567382805;
11863500;30.54066467285156;
11872500;30.446197509765625;
11881500;22.79155731201172;
11890500;34.07826232910156;
11899500;36.67144775390625;
11908500;36.02930450439453;
11917500;31.413169860839844;
11926500;32.850242614746094;
11935500;39.89708709716797;
11944500;27.70597076416016;
11953500;33.028602600097656;
11962500;27.727256774902344;
11971500;26.41568756103516;
11980500;34.508209228515625;
11989500;27.387184143066406;
11998500;27.693565368652344;
12007500;26.619468688964844;
12016500;31.91596221923828;
12025500;29.082481384277344;
12034500;26.913185119628903;
12043500;29.04341125488281;
12052500;30.70037078857421;
12061500;37.1182098388672;
12070500;31.14737701416016;
12079500;27.99303436279297;
12088500;24.95893096923828;
12097500;25.78936004638672;
12106500;29.04296112060547;
12115500;28.63072967529297;
12124500;25.19745635986328;
12133500;25.861671447753903;
12142500;22.587257385253903;
12151500;30.60546112060547;
12160500;27.75323486328125;
12169500;25.180702209472656;
12178500;32.702354431152344;
12187500;32.856048583984375;
12196500;23.452842712402344;
12205500;25.71874237060547;
12214500;27.244590759277344;
12223500;26.380592346191406;
12232500;23.33100128173828;
12241500;23.112831115722656;
12250500;23.602882385253903;
12259500;26.442634582519528;
12268500;25.054946899414062;
12277500;20.91449737548828;
12286500;28.05229949951172;
12295500;26.454666137695312;
12304500;31.930381774902344;
12313500;38.13999938964844;
12322500;31.98188781738281;
12331500;25.64912414550781;
12340500;29.62969970703125;
12349500;25.7225341796875;
12358500;17.720497131347656;
12367500;23.537925720214844;
12376500;27.76488494873047;
12385500;22.77061462402344;
12394500;18.811805725097656;
12403500;17.2406005859375;
12412500;24.2491455078125;
12421500;30.79572296142578;
12430500;30.542243957519528;
12439500;33.15019989013672;
12448500;31.563735961914062;
12457500;27.80670928955078;
12466500;28.29424285888672;
12475500;24.62041473388672;
12484500;12.267654418945312;
12493500;24.359542846679688;
12502500;25.983619689941406;
12511500;26.870025634765625;
12520500;25.673622131347656;
12529500;28.44757843017578;
12538500;28.283218383789062;
12547500;24.390304565429688;
12556500;22.550636291503903;
12565500;35.127220153808594;
12574500;25.31583404541016;
12583500;21.42736053466797;
12592500;27.107955932617188;
12601500;24.88738250732421;
12610500;26.21044158935547;
12619500;20.24569702148437;
12628500;23.372100830078125;
12637500;24.292945861816406;
12646500;23.839813232421875;
12655500;23.459716796875;
12664500;22.50756072998047;
12673500;22.985626220703125;
12682500;23.225112915039062;
12691500;29.6020736694336;
12700500;23.636459350585938;
12709500;19.569664001464844;
12718500;16.191543579101562;
12727500;26.312545776367188;
12736500;27.176071166992188;
12745500;22.528076171875;
12754500;19.056167602539062;
12763500;16.806907653808594;
12772500;23.457061767578125;
12781500;25.020278930664062;
12790500;24.882537841796875;
12799500;19.60456085205078;
12808500;21.285964965820312;
12817500;35.527557373046875;
12826500;37.77287292480469;
12835500;25.13731384277344;
12844500;28.0317611694336;
12853500;21.59197998046875;
12862500;23.633209228515625;
12871500;31.05194854736328;
12880500;23.703453063964844;
12889500;23.300201416015625;
12898500;24.902595520019528;
12907500;26.109840393066406;
12916500;29.190025329589844;
12925500;21.424591064453125;
12934500;20.225753784179688;
12943500;25.04825592041016;
12952500;30.65391540527344;
12961500;29.580467224121094;
12970500;24.72300720214844;
12979500;22.011703491210938;
12988500;26.979286193847656;
12997500;28.62816619873047;
13006500;27.421417236328125;
13015500;25.392349243164062;
13024500;24.984870910644528;
13033500;30.780792236328125;
13042500;33.93665313720703;
13051500;28.720535278320312;
13060500;29.722427368164062;
13069500;35.96101379394531;
13078500;37.893569946289055;
13087500;31.87425994873047;
13096500;30.379058837890625;
13105500;28.55464172363281;
13114500;24.23204803466797;
13123500;26.21710205078125;
13132500;29.91835021972656;
13141500;28.232666015625;
13150500;26.49779510498047;
13159500;24.548301696777344;
13168500;27.177703857421875;
13177500;30.702674865722656;
13186500;26.744834899902344;
13195500;27.6338119506836;
13204500;28.41395568847656;
13213500;31.882049560546875;
13222500;27.269088745117188;
13231500;25.401382446289062;
13240500;25.05060577392578;
13249500;21.497573852539062;
13258500;18.423057556152344;
13267500;26.165679931640625;
13276500;17.65660858154297;
13285500;23.1016845703125;
13294500;20.250656127929688;
13303500;19.53191375732421;
13312500;21.890220642089844;
13321500;22.679183959960938;
13330500;28.62899780273437;
13339500;29.44391632080078;
13348500;17.89191436767578;
13357500;26.35314178466797;
13366500;19.812294006347656;
13375500;20.566734313964844;
13384500;20.735427856445312;
13393500;20.586929321289062;
13402500;21.145980834960938;
13411500;26.1556396484375;
13420500;21.50772857666016;
13429500;21.88140106201172;
13438500;24.311180114746094;
13447500;25.112831115722656;
13456500;24.48028564453125;
13465500;24.359664916992188;
13474500;25.22767639160156;
13483500;21.34056854248047;
13492500;19.718185424804688;
13501500;18.747779846191406;
13510500;9.348060607910156;
13519500;17.89959716796875;
13528500;20.56928253173828;
13537500;22.837745666503903;
13546500;24.96178436279297;
13555500;18.84508514404297;
13564500;21.97447204589844;
13573500;21.93177795410156;
13582500;21.31123352050781;
13591500;19.70037841796875;
13600500;23.701690673828125;
13609500;22.68816375732421;
13618500;17.877853393554688;
13627500;16.48426055908203;
13636500;21.848106384277344;
13645500;13.217849731445312;
13654500;22.39118194580078;
13663500;19.912696838378903;
13672500;14.213409423828123;
13681500;20.158660888671875;
13690500;19.395538330078125;
13699500;20.18651580810547;
13708500;18.04645538330078;
13717500;22.27289581298828;
13726500;23.726058959960938;
13735500;17.365036010742188;
13744500;15.61992645263672;
13753500;17.640533447265625;
13762500;22.338119506835938;
13771500;26.36090850830078;
13780500;21.838363647460938;
13789500;23.61334991455078;
13798500;19.43218231201172;
13807500;19.20782470703125;
13816500;9.5927734375;
13825500;19.695884704589844;
13834500;19.6663818359375;
13843500;20.65398406982421;
13852500;17.6046142578125;
13861500;16.846725463867188;
13870500;20.95465850830078;
13879500;19.151275634765625;
13888500;19.28085327148437;
13897500;24.511703491210938;
13906500;22.648162841796875;
13915500;24.010299682617188;
13924500;18.371109008789062;
13933500;16.429542541503906;
13942500;13.69219970703125;
13951500;18.308181762695312;
13960500;15.903419494628906;
13969500;16.014968872070312;
13978500;15.223480224609377;
13987500;12.906593322753906;
13996500;12.22235107421875;
14005500;19.049591064453125;
14014500;13.985466003417969;
14023500;11.699989318847656;
14032500;19.817726135253903;
14041500;18.762176513671875;
14050500;16.942031860351562;
14059500;15.352676391601562;
14068500;17.094833374023438;
14077500;16.8626708984375;
14086500;25.56151580810547;
14095500;27.11168670654297;
14104500;22.40909576416016;
14113500;19.4653549194336;
14122500;14.127662658691406;
14131500;27.847419738769528;
14140500;24.748611450195312;
14149500;14.821456909179688;
14158500;20.573204040527344;
14167500;21.27583312988281;
14176500;14.212059020996092;
14185500;16.79425811767578;
14194500;6.543861389160156;
14203500;11.61479949951172;
14212500;18.76435852050781;
14221500;20.165679931640625;
14230500;19.12030792236328;
14239500;13.779258728027344;
14248500;8.275680541992188;
14257500;14.603492736816406;
14266500;20.66709899902344;
14275500;18.235847473144528;
14284500;12.17034912109375;
14293500;19.322418212890625;
14302500;17.44310760498047;
14311500;18.96246337890625;
14320500;18.84391021728516;
14329500;12.639991760253906;
14338500;16.81786346435547;
14347500;22.418716430664062;
14356500;19.417030334472656;
14365500;20.772140502929688;
14374500;13.411094665527344;
14383500;16.09551239013672;
14392500;11.944488525390623;
14401500;21.06336212158203;
14410500;22.69324493408203;
14419500;17.922958374023438;
14428500;17.252105712890625;
14437500;24.26895904541016;
14446500;23.70933532714844;
14455500;19.09339904785156;
14464500;20.18370819091797;
14473500;26.14057159423828;
14482500;18.305076599121094;
14491500;10.286056518554688;
14500500;12.087860107421877;
14509500;10.01300811767578;
14518500;21.35997009277344;
14527500;17.53003692626953;
14536500;13.708152770996092;
14545500;15.931663513183592;
14554500;10.70947265625;
14563500;12.995933532714844;
14572500;18.750076293945312;
14581500;18.09362030029297;
14590500;21.471267700195312;
14599500;26.113265991210938;
14608500;23.967361450195312;
14617500;20.407882690429688;
14626500;11.262687683105469;
14635500;12.788299560546877;
14644500;11.5792236328125;
14653500;16.735267639160156;
14662500;10.700698852539062;
14671500;16.632400512695312;
14680500;17.113632202148438;
14689500;13.05706024169922;
14698500;18.65644836425781;
14707500;21.33783721923828;
14716500;21.15167999267578;
14725500;23.194076538085938;
14734500;18.921485900878903;
14743500;17.392410278320312;
14752500;16.01105499267578;
14761500;19.376983642578125;
14770500;11.561729431152344;
14779500;5.15241241455078;
14788500;10.48883056640625;
14797500;19.293991088867188;
14806500;20.416046142578125;
14815500;16.70880889892578;
14824500;21.555152893066406;
14833500;17.289321899414062;
14842500;15.307258605957031;
14851500;22.34370422363281;
14860500;19.05531311035156;
14869500;18.80731964111328;
14878500;19.36577606201172;
14887500;19.80516815185547;
14896500;22.69056701660156;
14905500;14.18243408203125;
14914500;15.066902160644531;
14923500;19.278404235839844;
14932500;11.788345336914062;
14941500;18.04505920410156;
14950500;17.789649963378906;
14959500;11.722160339355469;
14968500;15.26628875732422;
14977500;23.03871154785156;
14986500;19.619972229003903;
14995500;17.992469787597656;
15004500;8.4364013671875;
15013500;17.017791748046875;
15022500;12.54901885986328;
15031500;11.356521606445312;
15040500;18.678924560546875;
15049500;15.429244995117188;
15058500;8.479103088378906;
15067500;18.886688232421875;
15076500;21.89373016357421;
15085500;22.431182861328125;
15094500;24.158447265625;
15103500;21.678611755371094;
15112500;23.862098693847656;
15121500;21.467071533203125;
15130500;18.39999389648437;
15139500;22.987823486328125;
15148500;16.900543212890625;
15157500;17.002792358398438;
15166500;15.50324249267578;
15175500;17.461456298828125;
15184500;19.0479736328125;
15193500;18.76446533203125;
15202500;19.67494201660156;
15211500;23.87220001220703;
15220500;9.80120849609375;
15229500;18.752204895019528;
15238500;25.15129852294921;
15247500;18.146766662597656;
15256500;19.13927459716797;
15265500;15.67278289794922;
15274500;18.919921875;
15283500;19.641128540039062;
15292500;15.36383819580078;
15301500;27.538742065429688;
15310500;25.13245391845703;
15319500;15.440803527832031;
15328500;21.926109313964844;
15337500;24.517860412597656;
15346500;20.534820556640625;
15355500;26.01213836669921;
15364500;19.546394348144528;
15373500;15.924713134765623;
15382500;24.962127685546875;
15391500;21.874298095703125;
15400500;18.76264190673828;
15409500;23.040313720703125;
15418500;21.891441345214844;
15427500;21.572608947753903;
15436500;23.37144470214844;
15445500;25.783248901367188;
15454500;11.817214965820312;
15463500;14.283218383789062;
15472500;15.76226043701172;
15481500;17.15422821044922;
15490500;18.254226684570312;
15499500;17.821395874023438;
15508500;6.7440948486328125;
15517500;16.29975128173828;
15526500;13.215248107910156;
15535500;13.086204528808592;
15544500;21.62265014648437;
15553500;19.76597595214844;
15562500;11.795974731445312;
15571500;20.834861755371094;
15580500;28.504074096679688;
15589500;22.31102752685547;
15598500;18.694061279296875;
15607500;15.771591186523436;
15616500;19.147178649902344;
15625500;17.353927612304688;
15634500;18.054588317871094;
15643500;20.371437072753903;
15652500;25.229995727539062;
15661500;26.695213317871094;
15670500;21.082733154296875;
15679500;23.382232666015625;
15688500;17.485183715820312;
15697500;17.400985717773438;
15706500;17.993789672851562;
15715500;11.636100769042969;
15724500;22.97966766357421;
15733500;24.237998962402344;
15742500;24.11603546142578;
15751500;19.850387573242188;
15760500;18.3348388671875;
15769500;18.90252685546875;
15778500;13.174293518066406;
15787500;19.44224548339844;
15796500;24.310935974121094;
15805500;25.53797149658203;
15814500;11.81598663330078;
15823500;24.1220932006836;
15832500;27.281227111816406;
15841500;22.186264038085938;
15850500;17.28711700439453;
15859500;24.780311584472656;
15868500;20.38590240478516;
15877500;25.91561889648437;
15886500;20.039093017578125;
15895500;27.4638671875;
15904500;24.818756103515625;
15913500;19.276138305664062;
15922500;26.35078430175781;
15931500;25.351150512695312;
15940500;16.449188232421875;
15949500;17.023605346679688;
15958500;23.092926025390625;
15967500;24.45549774169921;
15976500;22.35214233398437;
15985500;16.781166076660156;
15994500;24.558120727539062;
16003500;22.134307861328125;
16012500;11.321983337402344;
16021500;15.347618103027344;
16030500;20.1382064819336;
16039500;20.664138793945312;
16048500;19.93853759765625;
16057500;17.185287475585938;
16066500;24.04747009277344;
16075500;17.92908477783203;
16084500;11.008682250976562;
16093500;22.46568298339844;
16102500;17.429840087890625;
16111500;19.49276733398437;
16120500;20.365318298339844;
16129500;26.97167205810547;
16138500;25.357215881347656;
16147500;19.018341064453125;
16156500;17.291061401367188;
16165500;21.93810272216797;
16174500;25.482391357421875;
16183500;24.278961181640625;
16192500;18.204147338867188;
16201500;20.2884521484375;
16210500;21.20600128173828;
16219500;17.880401611328125;
16228500;21.04212188720703;
16237500;20.4016342163086;
16246500;13.171173095703123;
16255500;22.01913452148437;
16264500;27.268150329589844;
16273500;23.513084411621094;
16282500;19.43401336669921;
16291500;21.252037048339844;
16300500;22.17462158203125;
16309500;18.38982391357421;
16318500;27.04138946533203;
16327500;22.038589477539062;
16336500;21.25453186035156;
16345500;23.21373748779297;
16354500;22.51606750488281;
16363500;21.815681457519528;
16372500;25.25791931152344;
16381500;24.49571228027344;
16390500;25.825408935546875;
16399500;24.577117919921875;
16408500;23.166488647460938;
16417500;17.68780517578125;
16426500;21.592781066894528;
16435500;24.771812438964844;
16444500;18.150108337402344;
16453500;24.29010009765625;
16462500;17.530563354492188;
16471500;19.496620178222656;
16480500;21.17881774902344;
16489500;28.938690185546875;
16498500;16.306289672851562;
16507500;19.04767608642578;
16516500;8.185562133789062;
16525500;21.52259826660156;
16534500;28.73179626464844;
16543500;19.780006408691406;
16552500;26.787742614746094;
16561500;25.86724853515625;
16570500;15.873138427734377;
16579500;20.781967163085938;
16588500;22.673980712890625;
16597500;19.31513214111328;
16606500;25.32805633544921;
16615500;25.202194213867188;
16624500;29.20572662353516;
16633500;17.997459411621094;
16642500;19.82530975341797;
16651500;23.113357543945312;
16660500;27.413619995117188;
16669500;27.20838928222656;
16678500;19.628318786621094;
16687500;23.336189270019528;
16696500;20.533172607421875;
16705500;24.648689270019528;
16714500;24.944656372070312;
16723500;21.85509490966797;
16732500;19.2193603515625;
16741500;16.097366333007812;
16750500;25.702598571777344;
16759500;30.73542022705078;
16768500;26.82598876953125;
16777500;25.851036071777344;
16786500;18.38048553466797;
16795500;22.623458862304688;
16804500;15.060539245605469;
16813500;8.925987243652342;
16822500;16.131256103515625;
16831500;20.129295349121094;
16840500;26.968513488769528;
16849500;14.181663513183592;
16858500;23.1058349609375;
16867500;20.36528778076172;
16876500;16.37915802001953;
16885500;25.794166564941406;
16894500;26.232879638671875;
16903500;20.299156188964844;
16912500;24.62705993652344;
16921500;24.31438446044921;
16930500;17.31927490234375;
16939500;23.42298126220703;
16948500;25.103790283203125;
16957500;21.581268310546875;
16966500;20.50206756591797;
16975500;25.3972396850586;
16984500;21.940879821777344;
16993500;15.6727294921875;
17002500;17.125518798828125;
17011500;26.475067138671875;
17020500;21.07601928710937;
17029500;17.496726989746094;
17038500;22.707077026367188;
17047500;22.61181640625;
17056500;18.424728393554688;
17065500;13.954185485839844;
17074500;30.411407470703125;
17083500;24.24591064453125;
17092500;21.225509643554688;
17101500;9.182662963867188;
17110500;13.346054077148436;
17119500;15.305496215820312;
17128500;20.64413452148437;
17137500;20.49302673339844;
17146500;20.472908020019528;
17155500;23.185546875;
17164500;26.024673461914062;
17173500;11.505157470703123;
17182500;17.32025909423828;
17191500;21.00189971923828;
17200500;22.469894409179688;
17209500;23.165504455566406;
17218500;24.856407165527344;
17227500;18.743202209472656;
17236500;20.868980407714844;
17245500;24.314247131347656;
17254500;20.46483612060547;
17263500;18.218849182128903;
17272500;18.183502197265625;
17281500;17.370506286621094;
17290500;22.31529998779297;
17299500;17.984458923339844;
17308500;17.88884735107422;
17317500;15.095169067382812;
17326500;24.430015563964844;
17335500;22.983131408691406;
17344500;22.92939758300781;
17353500;16.01361083984375;
17362500;15.71923828125;
17371500;18.61443328857421;
17380500;10.449134826660156;
17389500;21.25506591796875;
17398500;17.44306182861328;
17407500;19.29736328125;
17416500;23.72860717773437;
17425500;25.34148406982421;
17434500;28.543251037597656;
17443500;16.60413360595703;
17452500;20.988571166992188;
17461500;18.26475524902344;
17470500;16.08794403076172;
17479500;13.613555908203123;
17488500;13.12127685546875;
17497500;14.604141235351562;
17506500;4.50848388671875;
17515500;8.861099243164062;
17524500;9.944755554199215;
17533500;12.01543426513672;
17542500;13.935554504394531;
17551500;10.595985412597656;
17560500;15.678565979003906;
17569500;9.58270263671875;
17578500;15.1585693359375;
17587500;15.89031982421875;
17596500;10.291847229003906;
17605500;16.695877075195312;
17614500;17.213485717773438;
17623500;19.2255859375;
17632500;17.659072875976562;
17641500;8.491958618164062;
17650500;10.813751220703123;
17659500;8.775367736816406;
17668500;12.521713256835936;
17677500;20.182342529296875;
17686500;18.5030517578125;
17695500;12.027999877929688;
17704500;18.92559814453125;
17713500;12.542869567871092;
17722500;14.85687255859375;
17731500;21.66046905517578;
17740500;21.7290267944336;
17749500;12.941368103027344;
17758500;17.650047302246094;
17767500;27.022705078125;
17776500;21.02037048339844;
17785500;16.594085693359375;
17794500;18.82141876220703;
17803500;16.62225341796875;
17812500;14.5098876953125;
17821500;15.764442443847656;
17830500;18.65777587890625;
17839500;17.029708862304688;
17848500;22.159881591796875;
17857500;28.60063934326172;
17866500;24.843978881835938;
17875500;27.99451446533203;
17884500;17.601837158203125;
17893500;20.428924560546875;
17902500;14.285377502441406;
17911500;6.058021545410156;
17920500;10.350685119628906;
17929500;14.05854034423828;
17938500;21.207504272460938;
17947500;21.066123962402344;
17956500;13.11151123046875;
17965500;7.3070831298828125;
17974500;14.412567138671877;
17983500;10.598762512207031;
17992500;9.941490173339844;
18001500;14.298316955566406;
18010500;20.321456909179688;
18019500;17.933731079101562;
18028500;20.754425048828125;
18037500;11.537696838378906;
18046500;12.906570434570312;
18055500;7.077888488769531;
18064500;14.21453094482422;
18073500;18.51036834716797;
18082500;13.581878662109377;
18091500;16.683616638183594;
18100500;8.525611877441406;
18109500;18.282882690429688;
18118500;19.21036529541016;
18127500;12.55388641357422;
18136500;9.54658508300781;
18145500;12.977401733398436;
18154500;10.450294494628906;
18163500;15.585609436035156;
18172500;15.269134521484377;
18181500;6.602409362792969;
18190500;16.351829528808594;
18199500;15.51970672607422;
18208500;16.56298065185547;
18217500;10.161628723144531;
18226500;10.401481628417969;
18235500;8.19091796875;
18244500;10.206138610839844;
18253500;15.869216918945312;
18262500;4.970062255859375;
18271500;2.688758850097656;
18280500;17.511016845703125;
18289500;21.200515747070312;
18298500;22.397926330566406;
18307500;15.386634826660156;
18316500;13.430686950683592;
18325500;13.418289184570312;
18334500;9.735305786132812;
18343500;15.92548370361328;
18352500;11.761146545410156;
18361500;16.81580352783203;
18370500;9.118484497070312;
18379500;26.068992614746094;
18388500;19.79473114013672;
18397500;9.9915771484375;
18406500;5.629875183105469;
18415500;7.35614013671875;
18424500;5.556640625;
18433500;9.79035186767578;
18442500;10.057655334472656;
18451500;13.84332275390625;
18460500;16.105247497558594;
18469500;35.916603088378906;
18478500;30.05651092529297;
18487500;12.662368774414062;
18496500;12.835906982421877;
18505500;12.037033081054688;
18514500;14.523056030273436;
18523500;9.280242919921877;
18532500;11.774810791015623;
18541500;16.11748504638672;
18550500;16.652297973632812;
18559500;23.416961669921875;
18568500;8.420654296875;
18577500;5.88104248046875;
18586500;10.920799255371092;
18595500;4.400428771972656;
18604500;6.3350372314453125;
18613500;2.8732681274414062;
18622500;5.576164245605469;
18631500;10.6011962890625;
18640500;9.199249267578123;
18649500;16.167510986328125;
18658500;15.30316162109375;
18667500;9.84809112548828;
18676500;10.384193420410156;
18685500;6.580482482910156;
18694500;12.313987731933592;
18703500;13.816055297851562;
18712500;10.311416625976562;
18721500;10.94318389892578;
18730500;14.773933410644531;
18739500;12.340919494628906;
18748500;13.302894592285156;
18757500;12.365234375;
18766500;2.430419921875;
18775500;7.533309936523437;
18784500;11.801536560058592;
18793500;17.25690460205078;
18802500;16.889266967773438;
18811500;5.376991271972656;
18820500;25.726112365722656;
18829500;19.377105712890625;
18838500;11.174156188964844;
18847500;8.396240234375;
18856500;8.835777282714844;
18865500;12.165237426757812;
18874500;12.763450622558592;
18883500;6.340950012207031;
18892500;9.413116455078123;
18901500;15.004928588867188;
18910500;26.648475646972656;
18919500;17.671043395996094;
18928500;17.59076690673828;
18937500;14.11042022705078;
18946500;15.4534912109375;
18955500;16.085067749023438;
18964500;13.341331481933592;
18973500;15.090080261230469;
18982500;15.523094177246092;
18991500;18.00164794921875;
19000500;24.323699951171875;
19009500;10.98895263671875;
19018500;11.914802551269531;
19027500;13.233283996582031;
19036500;8.695716857910156;
19045500;17.69652557373047;
19054500;14.12360382080078;
19063500;11.785026550292969;
19072500;12.17900848388672;
19081500;22.65752410888672;
19090500;22.08261108398437;
19099500;11.732582092285156;
19108500;15.268531799316406;
19117500;10.528526306152344;
19126500;7.901161193847656;
19135500;8.273666381835938;
19144500;7.233695983886719;
19153500;2.7587814331054688;
19162500;11.371795654296877;
19171500;19.004302978515625;
19180500;11.562652587890623;
19189500;5.982345581054688;
19198500;5.6478424072265625;
19207500;10.754264831542969;
19216500;8.886528015136719;
19225500;10.017364501953123;
19234500;9.73280334472656;
19243500;13.8309326171875;
19252500;14.65093994140625;
19261500;14.978874206542969;
19270500;11.90630340576172;
19279500;9.34014129638672;
19288500;6.789283752441406;
19297500;15.965057373046877;
19306500;12.824813842773436;
19315500;10.072410583496092;
19324500;11.84870147705078;
19333500;5.212532043457031;
19342500;14.505645751953123;
19351500;24.438888549804688;
19360500;9.619110107421877;
19369500;11.248893737792969;
19378500;6.018096923828125;
19387500;9.8511962890625;
19396500;15.633766174316406;
19405500;13.889656066894531;
19414500;11.868392944335936;
19423500;2.9766082763671875;
19432500;18.46765899658203;
19441500;22.610572814941406;
19450500;12.74725341796875;
19459500;0.2458572387695312;
19468500;10.550163269042969;
19477500;9.728744506835936;
19486500;9.895919799804688;
19495500;10.677940368652344;
19504500;15.564010620117188;
19513500;9.38286590576172;
19522500;25.376228332519528;
19531500;22.70960998535156;
19540500;13.41729736328125;
19549500;8.092933654785154;
19558500;14.79168701171875;
19567500;14.018417358398436;
19576500;8.57147216796875;
19585500;14.226654052734377;
19594500;7.8134765625;
19603500;3.9326019287109375;
19612500;20.96019744873047;
19621500;10.232864379882812;
19630500;9.736045837402344;
19639500;13.994354248046877;
19648500;11.880783081054688;
19657500;12.67656707763672;
19666500;11.048446655273436;
19675500;10.588371276855469;
19684500;10.61358642578125;
19693500;7.2545166015625;
19702500;14.370254516601562;
19711500;3.3714752197265625;
19720500;4.693527221679688;
19729500;14.55878448486328;
19738500;12.930793762207031;
19747500;12.282501220703123;
19756500;9.319053649902344;
19765500;4.094009399414063;
19774500;8.342658996582031;
19783500;10.649040222167969;
19792500;11.570037841796877;
19801500;11.86334228515625;
19810500;14.657615661621092;
19819500;10.440994262695312;
19828500;15.34063720703125;
19837500;10.879478454589844;
19846500;3.4361114501953125;
19855500;2.9867095947265625;
19864500;14.800804138183592;
19873500;16.66651153564453;
19882500;17.61236572265625;
19891500;12.603729248046877;
19900500;11.491378784179688;
19909500;11.801963806152344;
19918500;11.575111389160156;
19927500;12.797012329101562;
19936500;14.489768981933592;
19945500;9.73968505859375;
19954500;10.091423034667969;
19963500;23.508384704589844;
19972500;20.366714477539062;
19981500;9.51313018798828;
19990500;9.640579223632812;
19999500;15.872344970703123;
20008500;12.129981994628906;
20017500;7.840194702148437;
20026500;3.660438537597656;
20035500;11.164947509765623;
20044500;14.063987731933592;
20053500;21.26641082763672;
20062500;9.185882568359377;
20071500;9.935211181640623;
20080500;9.66615295410156;
20089500;9.373878479003906;
20098500;10.103500366210936;
20107500;9.462638854980469;
20116500;15.844093322753906;
20125500;14.18169403076172;
20134500;13.611717224121092;
20143500;19.493865966796875;
20152500;12.174560546875;
20161500;9.630859375;
20170500;17.97234344482422;
20179500;13.058006286621092;
20188500;7.678421020507812;
20197500;7.643287658691406;
20206500;9.341194152832031;
20215500;12.089096069335936;
20224500;17.521255493164062;
20233500;15.87531280517578;
20242500;11.16938018798828;
20251500;13.44731903076172;
20260500;10.446540832519531;
20269500;17.511436462402344;
20278500;15.996345520019531;
20287500;16.944740295410156;
20296500;5.56098175048828;
20305500;5.094841003417969;
20314500;14.1314697265625;
20323500;12.745040893554688;
20332500;8.94544982910156;
20341500;9.54365539550781;
20350500;8.645866394042969;
20359500;12.919464111328123;
20368500;13.6474609375;
20377500;11.01679229736328;
20386500;12.27423095703125;
20395500;10.792625427246092;
20404500;14.92633056640625;
20413500;16.28638458251953;
20422500;15.916664123535156;
20431500;11.65106201171875;
20440500;8.59088134765625;
20449500;9.761009216308592;
20458500;14.308189392089844;
20467500;8.609809875488281;
20476500;9.116615295410156;
20485500;12.04168701171875;
20494500;21.523643493652344;
20503500;9.215263366699215;
20512500;10.942276000976562;
20521500;11.774307250976562;
20530500;6.036033630371094;
20539500;-1.146148681640625;
20548500;8.734237670898438;
20557500;15.87458038330078;
20566500;17.095115661621094;
20575500;13.635215759277344;
20584500;21.926353454589844;
20593500;14.108062744140623;
20602500;12.150749206542969;
20611500;12.39116668701172;
20620500;11.895378112792969;
20629500;6.365379333496094;
20638500;13.336883544921877;
20647500;11.212165832519531;
20656500;15.822555541992188;
20665500;20.394989013671875;
20674500;15.62348175048828;
20683500;13.008460998535156;
20692500;7.55457305908203;
20701500;8.225021362304686;
20710500;16.180015563964844;
20719500;11.243751525878906;
20728500;15.323616027832031;
20737500;9.163238525390623;
20746500;10.587493896484377;
20755500;20.25273895263672;
20764500;14.682357788085936;
20773500;14.515098571777344;
20782500;14.850997924804688;
20791500;11.674659729003906;
20800500;18.455787658691406;
20809500;22.227790832519528;
20818500;12.970062255859377;
20827500;14.2767333984375;
20836500;16.948333740234375;
20845500;19.66858673095703;
20854500;15.3095703125;
20863500;13.08355712890625;
20872500;15.808967590332031;
20881500;16.66419219970703;
20890500;10.095733642578123;
20899500;17.243484497070312;
20908500;17.6199951171875;
20917500;14.587272644042969;
20926500;18.138816833496094;
20935500;16.446182250976562;
20944500;13.8885498046875;
20953500;21.41537475585937;
20962500;14.008758544921877;
20971500;17.73028564453125;
20980500;14.91131591796875;
20989500;19.38609313964844;
20998500;18.984878540039062;
21007500;16.31806182861328;
21016500;21.84917449951172;
21025500;23.99107360839844;
21034500;12.81330108642578;
21043500;13.269668579101562;
21052500;10.855247497558592;
21061500;12.83173370361328;
21070500;15.80669403076172;
21079500;15.62701416015625;
21088500;11.73126983642578;
21097500;23.268775939941406;
21106500;23.685752868652344;
21115500;15.973365783691406;
21124500;14.670242309570312;
21133500;21.67711639404297;
21142500;17.992469787597656;
21151500;19.677146911621094;
21160500;17.01811981201172;
21169500;18.137847900390625;
21178500;16.533607482910156;
21187500;15.627044677734377;
21196500;25.16465759277344;
21205500;21.1274642944336;
21214500;11.091140747070312;
21223500;15.401634216308592;
21232500;15.87531280517578;
21241500;21.53302001953125;
21250500;22.33837127685547;
21259500;15.255958557128906;
21268500;13.43939208984375;
21277500;20.87568664550781;
21286500;20.56194305419921;
21295500;23.2727279663086;
21304500;16.14482879638672;
21313500;18.49330139160156;
21322500;17.071044921875;
21331500;21.74311065673828;
21340500;19.394920349121094;
21349500;18.53265380859375;
21358500;17.632347106933594;
21367500;17.36962127685547;
21376500;14.530174255371092;
21385500;18.50550079345703;
21394500;22.833839416503903;
21403500;12.367507934570312;
21412500;16.706375122070312;
21421500;17.689605712890625;
21430500;12.341339111328123;
21439500;20.44696807861328;
21448500;19.86392974853516;
21457500;17.45050811767578;
21466500;18.25453186035156;
21475500;14.44049072265625;
21484500;15.461349487304688;
21493500;20.48272705078125;
21502500;14.850143432617188;
21511500;15.160797119140623;
21520500;14.028152465820312;
21529500;13.669219970703123;
21538500;18.746658325195312;
21547500;12.413864135742188;
21556500;12.130691528320312;
21565500;13.696334838867188;
21574500;13.26860809326172;
21583500;20.8369369506836;
21592500;20.67939758300781;
21601500;19.17735290527344;
21610500;21.7669677734375;
21619500;15.450202941894531;
21628500;15.800041198730469;
21637500;19.434600830078125;
21646500;14.800445556640623;
21655500;15.149276733398436;
21664500;17.35070037841797;
21673500;11.35149383544922;
21682500;16.391799926757812;
21691500;16.925003051757812;
21700500;10.452964782714844;
21709500;22.14867401123047;
21718500;16.72132110595703;
21727500;17.597373962402344;
21736500;18.72822570800781;
21745500;12.969322204589844;
21754500;13.247802734375;
21763500;15.763275146484377;
21772500;7.743675231933594;
21781500;18.217926025390625;
21790500;14.044891357421877;
21799500;18.2454833984375;
21808500;13.204200744628906;
21817500;6.1929779052734375;
21826500;10.69219207763672;
21835500;13.20318603515625;
21844500;17.7783203125;
21853500;13.29193878173828;
21862500;15.5535888671875;
21871500;15.058609008789062;
21880500;15.69586181640625;
21889500;14.372901916503906;
21898500;16.02350616455078;
21907500;14.637847900390623;
21916500;15.446037292480469;
21925500;10.76165771484375;
21934500;11.91999053955078;
21943500;12.304656982421877;
21952500;10.993133544921877;
21961500;16.713340759277344;
21970500;15.048866271972656;
21979500;21.855552673339844;
21988500;13.355690002441406;
21997500;15.791793823242188;
22006500;9.43359375;
22015500;6.853157043457031;
22024500;19.71283721923828;
22033500;15.32172393798828;
22042500;5.82061767578125;
22051500;14.995841979980469;
22060500;12.855247497558592;
22069500;12.005012512207031;
22078500;17.02991485595703;
22087500;16.908477783203125;
22096500;11.33013916015625;
22105500;5.560722351074219;
22114500;8.789939880371092;
22123500;17.627098083496094;
22132500;13.70696258544922;
22141500;14.881484985351562;
22150500;15.190261840820312;
22159500;15.804847717285156;
22168500;16.15265655517578;
22177500;11.121337890625;
22186500;12.640289306640623;
22195500;16.699783325195312;
22204500;10.006576538085936;
22213500;10.952964782714844;
22222500;14.327804565429688;
22231500;12.748558044433592;
22240500;9.414573669433592;
22249500;18.77186584472656;
22258500;10.292098999023436;
22267500;9.838241577148436;
22276500;14.70795440673828;
22285500;15.3162841796875;
22294500;17.57733154296875;
22303500;14.474441528320312;
22312500;15.236366271972656;
22321500;21.64238739013672;
22330500;19.13385772705078;
22339500;18.89488220214844;
22348500;16.218490600585938;
22357500;11.272483825683592;
22366500;14.480003356933592;
22375500;15.317611694335936;
22384500;11.296417236328123;
22393500;4.626144409179688;
22402500;7.992713928222656;
22411500;17.024627685546875;
22420500;21.533905029296875;
22429500;13.047859191894531;
22438500;14.97051239013672;
22447500;12.722129821777344;
22456500;14.445884704589844;
22465500;23.23419189453125;
22474500;19.603103637695312;
22483500;14.191978454589844;
22492500;16.255104064941406;
22501500;12.2069091796875;
22510500;18.085006713867188;
22519500;13.848587036132812;
22528500;9.553497314453123;
22537500;15.641578674316406;
22546500;10.567771911621092;
22555500;6.832557678222656;
22564500;19.49266815185547;
22573500;16.372413635253906;
22582500;14.906005859375;
22591500;8.467941284179686;
22600500;16.425819396972656;
22609500;23.614265441894528;
22618500;18.06845092773437;
22627500;14.066909790039062;
22636500;15.147743225097656;
22645500;17.01103973388672;
22654500;18.67168426513672;
22663500;20.449851989746094;
22672500;18.132789611816406;
22681500;17.963699340820312;
22690500;23.566612243652344;
22699500;15.368408203125;
22708500;11.605026245117188;
22717500;17.18354034423828;
22726500;14.641815185546877;
22735500;9.694412231445312;
22744500;15.877601623535156;
22753500;14.478073120117188;
22762500;20.528289794921875;
22771500;17.838409423828125;
22780500;19.12639617919921;
22789500;18.761520385742188;
22798500;9.142127990722656;
22807500;21.375816345214844;
22816500;19.84068298339844;
22825500;19.48308563232421;
22834500;16.026634216308594;
22843500;21.65289306640625;
22852500;15.886611938476562;
22861500;20.192588806152344;
22870500;15.643798828125;
22879500;13.10540008544922;
22888500;14.788368225097656;
22897500;18.48053741455078;
22906500;18.99378204345703;
22915500;21.80680084228516;
22924500;18.0573959350586;
22933500;17.10491180419922;
22942500;14.955322265625;
22951500;22.36395263671875;
22960500;25.297859191894528;
22969500;20.806671142578125;
22978500;16.610687255859375;
22987500;12.927169799804688;
22996500;13.912612915039062;
23005500;22.69003295898437;
23014500;14.245353698730469;
23023500;15.686172485351562;
23032500;11.662452697753906;
23041500;20.67866516113281;
23050500;24.099220275878903;
23059500;18.551589965820312;
23068500;12.608360290527344;
23077500;12.81793212890625;
23086500;20.496246337890625;
23095500;18.125244140625;
23104500;22.89788055419921;
23113500;15.784034729003906;
23122500;16.216697692871094;
23131500;20.802009582519528;
23140500;20.00282287597656;
23149500;23.54676818847656;
23158500;19.30413055419921;
23167500;12.47321319580078;
23176500;4.252082824707031;
23185500;11.306365966796877;
23194500;20.6549072265625;
23203500;22.876220703125;
23212500;17.117111206054688;
23221500;21.26602935791016;
23230500;14.966590881347656;
23239500;15.81829071044922;
23248500;21.583839416503903;
23257500;20.482940673828125;
23266500;16.796966552734375;
23275500;12.049537658691406;
23284500;11.367218017578123;
23293500;12.943870544433592;
23302500;21.532028198242188;
23311500;20.6309814453125;
23320500;18.00641632080078;
23329500;13.10845947265625;
23338500;14.096549987792969;
23347500;23.39734649658203;
23356500;18.194129943847656;
23365500;21.395591735839844;
23374500;16.67962646484375;
23383500;17.414756774902344;
23392500;24.3322982788086;
23401500;24.6719970703125;
23410500;16.705032348632812;
23419500;17.300315856933594;
23428500;18.807876586914062;
23437500;18.99360656738281;
23446500;23.009735107421875;
23455500;18.339393615722656;
23464500;16.12897491455078;
23473500;14.795051574707031;
23482500;18.851226806640625;
23491500;26.355552673339844;
23500500;18.594245910644528;
23509500;13.662857055664062;
23518500;17.374603271484375;
23527500;20.694366455078125;
23536500;19.743637084960938;
23545500;21.55918884277344;
23554500;16.558387756347656;
23563500;13.548126220703123;
23572500;19.956260681152344;
23581500;14.984024047851562;
23590500;24.032760620117188;
23599500;16.24657440185547;
23608500;16.348129272460938;
23617500;13.10651397705078;
23626500;15.347122192382812;
23635500;21.29986572265625;
23644500;23.30743408203125;
23653500;18.95654296875;
23662500;4.803810119628905;
23671500;14.18707275390625;
23680500;15.803955078125;
23689500;24.84415435791016;
23698500;13.679420471191406;
23707500;13.477645874023436;
23716500;12.263504028320312;
23725500;15.309288024902344;
23734500;25.25634765625;
23743500;22.73716735839844;
23752500;22.295944213867188;
23761500;16.78705596923828;
23770500;12.313873291015623;
23779500;20.370330810546875;
23788500;25.421348571777344;
23797500;18.873092651367188;
23806500;14.714126586914062;
23815500;15.540985107421877;
23824500;13.82666015625;
23833500;25.547531127929688;
23842500;22.766685485839844;
23851500;24.151222229003903;
23860500;19.80528259277344;
23869500;20.88008117675781;
23878500;19.252593994140625;
23887500;23.49376678466797;
23896500;19.760353088378903;
23905500;22.712303161621094;
23914500;15.918869018554688;
23923500;17.899085998535156;
23932500;27.194480895996094;
23941500;18.919189453125;
23950500;21.21788024902344;
23959500;21.86821746826172;
23968500;25.047836303710938;
23977500;24.87998962402344;
23986500;25.59849548339844;
23995500;20.065711975097656;
24004500;26.72765350341797;
24013500;22.60382080078125;
24022500;21.05819702148437;
24031500;27.630943298339844;
24040500;17.66919708251953;
24049500;17.722900390625;
24058500;18.377029418945312;
24067500;16.584571838378906;
24076500;24.29876708984375;
24085500;22.09447479248047;
24094500;11.395797729492188;
24103500;12.361061096191406;
24112500;16.505477905273438;
24121500;20.40245056152344;
24130500;28.215797424316406;
24139500;23.18865203857421;
24148500;17.919708251953125;
24157500;17.23638916015625;
24166500;14.83746337890625;
24175500;26.74527740478516;
24184500;23.505378723144528;
24193500;22.65575408935547;
24202500;22.34223175048828;
24211500;11.696861267089844;
24220500;23.77983856201172;
24229500;25.89629364013672;
24238500;20.046401977539062;
24247500;23.114517211914062;
24256500;15.638336181640623;
24265500;15.03582000732422;
24274500;28.201667785644528;
24283500;23.741012573242188;
24292500;24.543785095214844;
24301500;21.571784973144528;
24310500;18.45890045166016;
24319500;25.168716430664062;
24328500;21.009315490722656;
24337500;16.52124786376953;
24346500;20.36289978027344;
24355500;21.58673095703125;
24364500;13.15142059326172;
24373500;24.0886459350586;
24382500;21.11512756347656;
24391500;21.419586181640625;
24400500;21.451622009277344;
24409500;18.589370727539062;
24418500;22.58515167236328;
24427500;22.840621948242188;
24436500;22.0422592163086;
24445500;17.643035888671875;
24454500;20.14892578125;
24463500;17.60503387451172;
24472500;25.114486694335938;
24481500;20.83387756347656;
24490500;22.10704803466797;
24499500;20.56627655029297;
24508500;22.55669403076172;
24517500;24.26402282714844;
24526500;20.241531372070312;
24535500;20.584228515625;
24544500;14.336227416992188;
24553500;21.542999267578125;
24562500;19.012916564941406;
24571500;21.158302307128903;
24580500;20.888671875;
24589500;21.401222229003903;
24598500;12.927734375;
24607500;16.272499084472656;
24616500;25.092315673828125;
24625500;19.620826721191406;
24634500;17.623130798339844;
24643500;16.224609375;
24652500;16.179710388183594;
24661500;25.00011444091797;
24670500;20.881744384765625;
24679500;13.99115753173828;
24688500;11.64862060546875;
24697500;19.850570678710938;
24706500;18.63288116455078;
24715500;26.267906188964844;
24724500;18.690505981445312;
24733500;16.975608825683594;
24742500;16.89264678955078;
24751500;14.915374755859377;
24760500;21.810768127441406;
24769500;18.2908935546875;
24778500;11.253768920898436;
24787500;12.670753479003906;
24796500;15.238861083984377;
24805500;17.92053985595703;
24814500;20.48802947998047;
24823500;16.717857360839844;
24832500;18.15023803710937;
24841500;18.31426239013672;
24850500;18.690093994140625;
24859500;19.09126281738281;
24868500;18.18769836425781;
24877500;19.093055725097656;
24886500;19.274635314941406;
24895500;20.10755157470703;
24904500;19.257644653320312;
24913500;21.772468566894528;
24922500;18.279296875;
24931500;12.139862060546877;
24940500;12.333145141601562;
24949500;17.7744140625;
24958500;25.23209381103516;
24967500;23.68456268310547;
24976500;12.21503448486328;
24985500;15.491127014160156;
24994500;12.03227996826172;
25003500;20.93882751464844;
25012500;22.215553283691406;
25021500;12.881217956542969;
25030500;12.525894165039062;
25039500;15.50592803955078;
25048500;15.08050537109375;
25057500;18.41486358642578;
25066500;15.903038024902344;
25075500;17.53765106201172;
25084500;13.311630249023436;
25093500;13.430343627929688;
25102500;21.916793823242188;
25111500;24.338211059570312;
25120500;18.095260620117188;
25129500;16.71253204345703;
25138500;10.586868286132812;
25147500;18.89466857910156;
25156500;21.368659973144528;
25165500;19.520606994628903;
25174500;19.1605224609375;
25183500;11.59857940673828;
25192500;14.693946838378906;
25201500;18.69076538085937;
25210500;13.366607666015623;
25219500;17.27478790283203;
25228500;13.613800048828123;
25237500;16.287887573242188;
25246500;18.24596405029297;
25255500;21.256843566894528;
25264500;5.5201263427734375;
25273500;13.72553253173828;
25282500;13.011741638183592;
25291500;17.42987060546875;
25300500;17.50116729736328;
25309500;15.59809112548828;
25318500;7.043876647949219;
25327500;11.274826049804688;
25336500;12.347137451171877;
25345500;17.10729217529297;
25354500;15.329025268554688;
25363500;15.878379821777344;
25372500;14.796287536621092;
25381500;16.465904235839844;
25390500;13.564239501953123;
25399500;14.848258972167969;
25408500;15.85015869140625;
25417500;14.365333557128906;
25426500;13.301048278808592;
25435500;6.9456329345703125;
25444500;17.195388793945312;
25453500;20.886070251464844;
25462500;17.69860076904297;
25471500;11.12297821044922;
25480500;13.928970336914062;
25489500;17.334434509277344;
25498500;20.02235412597656;
25507500;12.771331787109377;
25516500;12.774391174316406;
25525500;17.118064880371094;
25534500;13.399681091308592;
25543500;18.49085998535156;
25552500;15.89971923828125;
25561500;16.988304138183594;
25570500;17.808349609375;
25579500;14.857658386230469;
25588500;15.591156005859377;
25597500;20.23603057861328;
25606500;12.138877868652344;
25615500;15.27692413330078;
25624500;17.61595916748047;
25633500;15.126571655273436;
25642500;11.289794921875;
25651500;13.87744140625;
25660500;9.967391967773438;
25669500;12.021995544433592;
25678500;17.636825561523438;
25687500;15.943618774414062;
25696500;17.54132080078125;
25705500;15.507789611816406;
25714500;17.99010467529297;
25723500;19.2780990600586;
25732500;12.770103454589844;
25741500;18.870162963867188;
25750500;20.16771697998047;
25759500;16.901031494140625;
25768500;14.503707885742188;
25777500;7.973960876464843;
25786500;18.10093688964844;
25795500;19.335792541503903;
25804500;15.797966003417969;
25813500;14.360359191894531;
25822500;8.023841857910156;
25831500;12.697471618652344;
25840500;17.62220001220703;
25849500;5.684593200683594;
25858500;9.466339111328123;
25867500;10.48467254638672;
25876500;17.850753784179688;
25885500;19.129547119140625;
25894500;18.031539916992188;
25903500;16.71227264404297;
25912500;13.047454833984377;
25921500;12.519012451171877;
25930500;12.48809814453125;
25939500;13.630996704101562;
25948500;7.5828857421875;
25957500;11.967803955078123;
25966500;10.343589782714844;
25975500;13.235931396484377;
25984500;19.553016662597656;
25993500;6.15728759765625;
26002500;9.283622741699215;
26011500;14.9910888671875;
26020500;15.96967315673828;
26029500;17.224136352539062;
26038500;17.393287658691406;
26047500;9.440750122070312;
26056500;12.45220947265625;
26065500;16.513687133789062;
26074500;10.958892822265623;
26083500;9.983055114746092;
26092500;17.91424560546875;
26101500;16.049514770507812;
26110500;15.952049255371092;
26119500;19.31629180908203;
26128500;10.250625610351562;
26137500;16.215354919433594;
26146500;13.216773986816406;
26155500;12.341293334960936;
26164500;14.643630981445312;
26173500;19.225601196289062;
26182500;18.783279418945312;
26191500;12.493675231933592;
26200500;10.250633239746092;
26209500;9.64642333984375;
26218500;11.869293212890623;
26227500;19.124984741210938;
26236500;13.283775329589844;
26245500;18.70325469970703;
26254500;20.172080993652344;
26263500;15.25189971923828;
26272500;17.726104736328125;
26281500;18.20252990722656;
26290500;19.839828491210938;
26299500;18.401405334472656;
26308500;10.253410339355469;
26317500;10.642364501953123;
26326500;20.621826171875;
26335500;11.306510925292969;
26344500;8.336921691894531;
26353500;11.220207214355469;
26362500;5.731712341308594;
26371500;12.144020080566406;
26380500;3.515296936035156;
26389500;8.893989562988281;
26398500;14.650169372558592;
26407500;15.947425842285156;
26416500;13.151817321777344;
26425500;17.173583984375;
26434500;10.939926147460936;
26443500;19.718894958496094;
26452500;18.929672241210938;
26461500;14.943489074707031;
26470500;10.99553680419922;
26479500;20.01063537597656;
26488500;15.879310607910156;
26497500;9.100341796875;
26506500;16.31182098388672;
26515500;13.162857055664062;
26524500;17.241554260253906;
26533500;11.839202880859377;
26542500;11.353019714355469;
26551500;9.785514831542969;
26560500;10.629188537597656;
26569500;18.761756896972656;
26578500;15.7281494140625;
26587500;15.993644714355469;
26596500;10.241172790527344;
26605500;9.774185180664062;
26614500;18.337631225585938;
26623500;22.983406066894528;
26632500;20.61019897460937;
26641500;12.70915985107422;
26650500;15.726341247558592;
26659500;13.485755920410156;
26668500;16.50952911376953;
26677500;14.811439514160156;
26686500;16.15880584716797;
26695500;10.000022888183592;
26704500;10.616432189941406;
26713500;13.616012573242188;
26722500;13.10149383544922;
26731500;12.678573608398436;
26740500;16.342018127441406;
26749500;8.964645385742188;
26758500;11.907958984375;
26767500;16.132652282714844;
26776500;13.18462371826172;
26785500;11.527915954589844;
26794500;6.095237731933594;
26803500;10.718170166015623;
26812500;7.450302124023437;
26821500;13.911453247070312;
26830500;17.95751190185547;
26839500;15.289154052734377;
26848500;10.420944213867188;
26857500;5.072967529296875;
26866500;5.207405090332031;
26875500;2.6181411743164062;
26884500;8.166549682617188;
26893500;7.428916931152342;
26902500;4.545143127441406;
26911500;13.648567199707031;
26920500;14.581398010253906;
26929500;10.270347595214844;
26938500;1.4354705810546875;
26947500;9.774681091308592;
26956500;16.371200561523438;
26965500;12.9793701171875;
26974500;15.742088317871092;
26983500;12.361808776855469;
26992500;14.863143920898436;
27001500;18.034194946289062;
27010500;13.264503479003906;
27019500;16.4434814453125;
27028500;16.197174072265625;
27037500;7.519882202148437;
27046500;11.930137634277344;
27055500;16.665908813476562;
27064500;18.01972198486328;
27073500;15.588851928710936;
27082500;13.821495056152344;
27091500;22.092262268066406;
27100500;15.596084594726562;
27109500;17.432754516601562;
27118500;13.279808044433592;
27127500;13.832130432128906;
27136500;15.00994873046875;
27145500;11.762039184570312;
27154500;17.529830932617188;
27163500;18.43321228027344;
27172500;9.587318420410156;
27181500;15.420860290527344;
27190500;17.7470703125;
27199500;13.670303344726562;
27208500;14.497230529785156;
27217500;2.7627487182617188;
27226500;12.911598205566406;
27235500;16.097091674804688;
27244500;11.972618103027344;
27253500;17.056060791015625;
27262500;10.89471435546875;
27271500;12.968055725097656;
27280500;10.400009155273436;
27289500;8.713287353515625;
27298500;10.385215759277344;
27307500;16.91681671142578;
27316500;9.036972045898436;
27325500;14.361373901367188;
27334500;7.205329895019531;
27343500;15.649673461914062;
27352500;12.489761352539062;
27361500;11.305168151855469;
27370500;13.618026733398436;
27379500;9.512481689453123;
27388500;12.758041381835936;
27397500;15.230575561523436;
27406500;8.506034851074217;
27415500;13.09392547607422;
27424500;18.35315704345703;
27433500;14.323471069335936;
27442500;18.859634399414062;
27451500;13.12384033203125;
27460500;10.413002014160156;
27469500;8.435722351074217;
27478500;10.67236328125;
27487500;11.709381103515623;
27496500;13.756797790527344;
27505500;14.004524230957031;
27514500;8.116157531738281;
27523500;16.320457458496094;
27532500;10.2542724609375;
27541500;8.581748962402342;
27550500;14.557418823242188;
27559500;12.293983459472656;
27568500;12.91693115234375;
27577500;11.6500244140625;
27586500;10.902740478515623;
27595500;14.643814086914062;
27604500;14.788070678710936;
27613500;13.99066925048828;
27622500;13.19140625;
27631500;12.537498474121092;
27640500;10.112625122070312;
27649500;16.90802764892578;
27658500;15.672073364257812;
27667500;18.91059112548828;
27676500;13.885017395019531;
27685500;13.452842712402344;
27694500;14.386871337890623;
27703500;11.026847839355469;
27712500;13.561279296875;
27721500;8.593711853027342;
27730500;15.124862670898436;
27739500;17.213111877441406;
27748500;16.573684692382812;
27757500;12.85223388671875;
27766500;15.503448486328123;
27775500;16.17144012451172;
27784500;13.942337036132812;
27793500;13.73322296142578;
27802500;11.044166564941406;
27811500;9.36626434326172;
27820500;15.623634338378906;
27829500;19.17671203613281;
27838500;20.585777282714844;
27847500;15.794891357421877;
27856500;17.89476776123047;
27865500;15.11359405517578;
27874500;8.642349243164062;
27883500;13.055435180664062;
27892500;10.40277099609375;
27901500;9.668716430664062;
27910500;11.70770263671875;
27919500;12.962417602539062;
27928500;9.610122680664062;
27937500;7.540092468261719;
27946500;13.73248291015625;
27955500;18.17180633544921;
27964500;16.54638671875;
27973500;14.195457458496092;
27982500;13.838768005371092;
27991500;8.3057861328125;
28000500;17.273719787597656;
28009500;14.550544738769531;
28018500;8.959327697753906;
28027500;11.628684997558592;
28036500;9.56256103515625;
28045500;9.279296875;
28054500;11.026359558105469;
28063500;11.89519500732422;
28072500;11.186988830566406;
28081500;12.060943603515623;
28090500;14.64111328125;
28099500;11.601356506347656;
28108500;5.123992919921875;
28117500;9.046600341796877;
28126500;16.34112548828125;
28135500;14.82757568359375;
28144500;17.740142822265625;
28153500;18.48575592041016;
28162500;19.270851135253903;
28171500;16.286117553710938;
28180500;18.15254211425781;
28189500;18.71763610839844;
28198500;18.3376693725586;
28207500;15.836524963378906;
28216500;17.0142822265625;
28225500;15.633041381835936;
28234500;19.924644470214844;
28243500;16.866432189941406;
28252500;13.054489135742188;
28261500;-2.4087371826171875;
28270500;0.7319183349609375;
28279500;9.176765441894531;
28288500;15.060752868652344;
28297500;5.459442138671875;
28306500;12.312278747558592;
28315500;17.63677978515625;
28324500;17.308555603027344;
28333500;14.758872985839844;
28342500;15.549102783203123;
28351500;12.89569091796875;
28360500;12.901260375976562;
28369500;1.6676788330078125;
28378500;6.000831604003905;
28387500;7.304771423339843;
28396500;10.388351440429688;
28405500;14.841636657714844;
28414500;13.14642333984375;
28423500;7.35968780517578;
28432500;17.330413818359375;
28441500;13.5013427734375;
28450500;12.217422485351562;
28459500;14.941017150878906;
28468500;14.914894104003906;
28477500;18.401412963867188;
28486500;18.41106414794921;
28495500;14.460556030273436;
28504500;13.94757080078125;
28513500;14.376968383789062;
28522500;20.1218490600586;
28531500;22.38447570800781;
28540500;20.14691162109375;
28549500;20.54459381103516;
28558500;16.52587127685547;
28567500;13.368980407714844;
28576500;11.959304809570312;
28585500;11.979812622070312;
28594500;11.78857421875;
28603500;16.07866668701172;
28612500;12.76714324951172;
28621500;8.38490295410156;
28630500;7.251922607421875;
28639500;5.562431335449219;
28648500;3.915924072265625;
28657500;8.656341552734375;
28666500;10.00554656982422;
28675500;14.041793823242188;
28684500;14.435791015625;
28693500;12.538650512695312;
28702500;15.623878479003906;
28711500;14.080245971679688;
28720500;12.24321746826172;
28729500;12.918014526367188;
28738500;12.820884704589844;
28747500;12.770477294921877;
28756500;12.376739501953123;
28765500;11.860328674316406;
28774500;4.699989318847656;
28783500;8.543670654296875;
28792500;7.682960510253905;
28801500;8.237350463867188;
28810500;18.88008117675781;
28819500;15.609359741210936;
28828500;16.762451171875;
28837500;17.73090362548828;
28846500;17.145004272460938;
28855500;14.526725769042969;
28864500;13.19414520263672;
28873500;15.009323120117188;
28882500;8.504959106445312;
28891500;14.10564422607422;
28900500;11.26103973388672;
28909500;4.442955017089844;
28918500;10.787086486816406;
28927500;16.89580535888672;
28936500;18.51959228515625;
28945500;15.811187744140623;
28954500;18.848907470703125;
28963500;15.753646850585936;
28972500;7.552711486816406;
28981500;5.300285339355469;
28990500;8.430694580078125;
28999500;5.203521728515625;
29008500;10.311424255371092;
29017500;11.758766174316406;
29026500;17.790321350097656;
29035500;16.904464721679688;
29044500;9.516227722167969;
29053500;14.716064453125;
29062500;9.611495971679688;
29071500;11.991287231445312;
29080500;13.542022705078123;
29089500;13.17365264892578;
29098500;11.429924011230469;
29107500;18.10346984863281;
29116500;21.604263305664062;
29125500;15.697174072265623;
29134500;6.6912689208984375;
29143500;13.978294372558592;
29152500;15.266571044921877;
29161500;16.546142578125;
29170500;10.810783386230469;
29179500;12.62140655517578;
29188500;12.170166015625;
29197500;19.00547790527344;
29206500;23.58491516113281;
29215500;18.21630096435547;
29224500;16.482505798339844;
29233500;20.36215209960937;
29242500;18.35381317138672;
29251500;11.130691528320312;
29260500;19.29511260986328;
29269500;14.340087890625;
29278500;14.33245086669922;
29287500;14.159294128417969;
29296500;17.466323852539062;
29305500;13.490211486816406;
29314500;17.559722900390625;
29323500;11.744895935058592;
29332500;16.9122314453125;
29341500;15.772087097167969;
29350500;15.867317199707031;
29359500;19.375495910644528;
29368500;14.42560577392578;
29377500;21.65753173828125;
29386500;15.288131713867188;
29395500;14.952384948730469;
29404500;13.749732971191406;
29413500;24.214584350585938;
29422500;24.751693725585938;
29431500;18.77257537841797;
29440500;17.080474853515625;
29449500;16.98224639892578;
29458500;15.54401397705078;
29467500;16.30072021484375;
29476500;24.58544158935547;
29485500;24.931671142578125;
29494500;21.0036849975586;
29503500;27.216697692871094;
29512500;27.56776428222656;
29521500;24.75971984863281;
29530500;24.73255157470703;
29539500;26.947967529296875;
29548500;23.69104766845703;
29557500;28.91366577148437;
29566500;30.030014038085938;
29575500;19.87718963623047;
29584500;25.242637634277344;
29593500;22.1992416381836;
29602500;22.032516479492188;
29611500;27.707908630371094;
29620500;30.5059814453125;
29629500;24.642990112304688;
29638500;32.24755859375;
29647500;29.733253479003903;
29656500;23.42870330810547;
29665500;30.169410705566406;
29674500;24.429039001464844;
29683500;24.880615234375;
29692500;23.18852996826172;
29701500;24.826492309570312;
29710500;31.34928131103516;
29719500;32.27818298339844;
29728500;34.27359771728516;
29737500;30.189918518066406;
29746500;28.03753662109375;
29755500;32.964439392089844;
29764500;27.33892822265625;
29773500;25.39105224609375;
29782500;32.13579559326172;
29791500;39.1534423828125;
29800500;34.520721435546875;
29809500;33.119285583496094;
29818500;36.49512481689453;
29827500;28.172866821289062;
29836500;33.70841217041016;
29845500;36.40569305419922;
29854500;34.4051513671875;
29863500;39.50653076171875;
29872500;29.328353881835938;
29881500;29.69345092773437;
29890500;32.74952697753906;
29899500;34.08795928955078;
29908500;40.966506958007805;
29917500;32.171775817871094;
29926500;30.827232360839844;
29935500;35.25267028808594;
29944500;28.972312927246094;
29953500;34.84302520751953;
29962500;30.93285369873047;
29971500;29.887535095214844;
29980500;30.96770477294921;
29989500;33.501068115234375;
29998500;30.553443908691406;
