sep=,
Type,FSVA3013,
Version,1.40,
Date,26.Mar 2023,
Mode,ANALYZER,
Preamplifier,ON,
Transducer,OFF,
Center Freq,15076500.000000,Hz
Freq Offset,0.000000,Hz
Start,154500.000000,Hz
Stop,29998500.000000,Hz
Span,29844000.000000,Hz
Ref Level,62.000000,dB”V
Level Offset,0.000000,dB
Rf Att,0.000000,dB
El Att,0.000000,dB
RBW,9000.000000,Hz
VBW,100000.000000,Hz
SWT,0.000654,s
Sweep Count,10,
Window,1,Frequency Sweep
Ref Position,100.000000,%
Level Range,100.000000,dB
x-Axis,LIN,
y-Axis,LOG,
x-Unit,Hz,
y-Unit,dB”V,
Trace,1,
Trace Mode,AVERAGE,
Detector,RMS,
Values,3317,
154500,19.632720947265625,
163500,23.93422698974609375,
172500,21.694305419921875,
181500,19.505523681640625,
190500,21.73058319091796875,
199500,25.30858612060546875,
208500,23.25884246826171875,
217500,21.18929290771484375,
226500,18.72745513916015625,
235500,19.43434906005859375,
244500,21.26697540283203125,
253500,22.7729034423828125,
262500,23.16806793212890625,
271500,19.87697601318359375,
280500,19.5271453857421875,
289500,19.022796630859375,
298500,20.05339813232421875,
307500,21.082244873046875,
316500,19.0199432373046875,
325500,21.1173858642578125,
334500,24.3471221923828125,
343500,19.044036865234375,
352500,15.2811431884765625,
361500,12.8781890869140625,
370500,13.5117645263671875,
379500,17.8748016357421875,
388500,18.69606781005859375,
397500,21.9096832275390625,
406500,25.33296966552734375,
415500,26.150848388671875,
424500,27.51982879638671875,
433500,29.0711822509765625,
442500,29.65145111083984375,
451500,26.75278472900390625,
460500,25.19647216796875,
469500,25.66602325439453125,
478500,23.67601776123046875,
487500,17.65987396240234375,
496500,18.48838043212890625,
505500,21.1021270751953125,
514500,20.1463470458984375,
523500,21.43344879150390625,
532500,21.305084228515625,
541500,20.1287994384765625,
550500,21.040191650390625,
559500,21.07051849365234375,
568500,21.79103851318359375,
577500,25.9978485107421875,
586500,23.395111083984375,
595500,23.83890533447265625,
604500,24.79593658447265625,
613500,23.3253631591796875,
622500,23.41365814208984375,
631500,23.38677978515625,
640500,22.7604217529296875,
649500,26.12154388427734375,
658500,25.8212890625,
667500,23.642547607421875,
676500,24.0346221923828125,
685500,23.9724884033203125,
694500,23.38092041015625,
703500,26.3405914306640625,
712500,24.4157562255859375,
721500,24.14528656005859375,
730500,23.2703704833984375,
739500,25.34194183349609375,
748500,22.20441436767578125,
757500,22.370391845703125,
766500,23.92708587646484375,
775500,22.98365020751953125,
784500,25.76410675048828125,
793500,25.30593109130859375,
802500,24.43759918212890625,
811500,24.65024566650390625,
820500,26.90390777587890625,
829500,24.59481048583984375,
838500,27.29070281982421875,
847500,25.32566070556640625,
856500,24.43254852294921875,
865500,28.8018951416015625,
874500,26.45291900634765625,
883500,24.24233245849609375,
892500,26.62189483642578125,
901500,21.42679595947265625,
910500,25.22509002685546875,
919500,24.34505462646484375,
928500,21.11045074462890625,
937500,25.95062255859375,
946500,22.56583404541015625,
955500,21.02490997314453125,
964500,24.55715179443359375,
973500,17.50542449951171875,
982500,19.8338623046875,
991500,19.89980316162109375,
1000500,16.54268646240234375,
1009500,20.64612579345703125,
1018500,18.49558258056640625,
1027500,16.93703460693359375,
1036500,17.4985809326171875,
1045500,14.55791473388671875,
1054500,16.78472137451171875,
1063500,15.22367095947265625,
1072500,15.4008026123046875,
1081500,15.91130828857421875,
1090500,15.788970947265625,
1099500,15.60825347900390625,
1108500,14.8038482666015625,
1117500,14.50774383544921875,
1126500,14.5887908935546875,
1135500,16.37584686279296875,
1144500,17.86742401123046875,
1153500,16.0662078857421875,
1162500,13.73479461669921875,
1171500,12.7993316650390625,
1180500,13.00305938720703125,
1189500,14.06099700927734375,
1198500,16.37500762939453125,
1207500,13.012359619140625,
1216500,16.28951263427734375,
1225500,16.56890869140625,
1234500,17.54883575439453125,
1243500,19.43050384521484375,
1252500,16.35254669189453125,
1261500,19.755035400390625,
1270500,19.5774078369140625,
1279500,19.86829376220703125,
1288500,16.923095703125,
1297500,14.38535308837890625,
1306500,15.08020782470703125,
1315500,18.136138916015625,
1324500,20.53241729736328125,
1333500,20.8268585205078125,
1342500,20.53530120849609375,
1351500,21.859588623046875,
1360500,23.16075897216796875,
1369500,25.72043609619140625,
1378500,24.04312896728515625,
1387500,23.25251007080078125,
1396500,25.10797119140625,
1405500,25.55686187744140625,
1414500,24.75555419921875,
1423500,22.66948699951171875,
1432500,20.41233062744140625,
1441500,26.63253021240234375,
1450500,26.4596099853515625,
1459500,27.210296630859375,
1468500,26.286712646484375,
1477500,27.788787841796875,
1486500,27.7605133056640625,
1495500,30.75069427490234375,
1504500,30.89641571044921875,
1513500,27.17321014404296875,
1522500,30.02590179443359375,
1531500,29.019775390625,
1540500,28.9399261474609375,
1549500,25.4994659423828125,
1558500,23.9110107421875,
1567500,22.687408447265625,
1576500,24.3206787109375,
1585500,22.7020721435546875,
1594500,23.2505340576171875,
1603500,21.781494140625,
1612500,19.25014495849609375,
1621500,20.1021270751953125,
1630500,21.4335784912109375,
1639500,20.8192291259765625,
1648500,19.612274169921875,
1657500,20.02408599853515625,
1666500,19.1783599853515625,
1675500,17.5019073486328125,
1684500,13.3672027587890625,
1693500,14.57294464111328125,
1702500,17.413665771484375,
1711500,17.6898193359375,
1720500,15.51667022705078125,
1729500,15.2218170166015625,
1738500,13.60829925537109375,
1747500,12.1645050048828125,
1756500,14.48877716064453125,
1765500,12.7939605712890625,
1774500,10.54891204833984375,
1783500,12.10640716552734375,
1792500,9.99332427978515625,
1801500,11.73712921142578125,
1810500,11.312255859375,
1819500,11.69720458984375,
1828500,11.5052490234375,
1837500,11.10870361328125,
1846500,8.8225860595703125,
1855500,10.00728607177734375,
1864500,5.4002685546875,
1873500,7.6548309326171875,
1882500,10.2525177001953125,
1891500,7.75341796875,
1900500,6.0629730224609375,
1909500,7.30124664306640625,
1918500,7.5041351318359375,
1927500,6.843170166015625,
1936500,6.75083160400390625,
1945500,5.8131256103515625,
1954500,9.35958099365234375,
1963500,6.55690765380859375,
1972500,5.79669189453125,
1981500,8.06061553955078125,
1990500,8.2188873291015625,
1999500,5.87169647216796875,
2008500,6.26087188720703125,
2017500,7.03066253662109375,
2026500,9.19547271728515625,
2035500,9.04618072509765625,
2044500,8.3829345703125,
2053500,9.26425933837890625,
2062500,7.40386199951171875,
2071500,7.56053924560546875,
2080500,8.29782867431640625,
2089500,10.44666290283203125,
2098500,7.91791534423828125,
2107500,8.73627471923828125,
2116500,8.94091796875,
2125500,9.7972412109375,
2134500,6.6782073974609375,
2143500,8.3238983154296875,
2152500,10.78878021240234375,
2161500,11.14117431640625,
2170500,8.94635772705078125,
2179500,8.5998382568359375,
2188500,8.08437347412109375,
2197500,9.69366455078125,
2206500,8.44252777099609375,
2215500,7.0560302734375,
2224500,6.71959686279296875,
2233500,7.039581298828125,
2242500,8.69702911376953125,
2251500,9.1666259765625,
2260500,9.4912872314453125,
2269500,7.1295928955078125,
2278500,7.51436614990234375,
2287500,8.51363372802734375,
2296500,6.831085205078125,
2305500,5.170501708984375,
2314500,6.25907135009765625,
2323500,6.64110565185546875,
2332500,6.84906768798828125,
2341500,7.10614776611328125,
2350500,6.65868377685546875,
2359500,6.70011138916015625,
2368500,6.85015869140625,
2377500,7.33506011962890625,
2386500,8.5843963623046875,
2395500,6.58695220947265625,
2404500,4.15668487548828125,
2413500,5.2394866943359375,
2422500,8.47316741943359375,
2431500,7.88068389892578125,
2440500,5.94081878662109375,
2449500,6.7687225341796875,
2458500,6.28635406494140625,
2467500,6.99613189697265625,
2476500,6.8903045654296875,
2485500,6.90047454833984375,
2494500,8.0104522705078125,
2503500,6.93566131591796875,
2512500,5.5778045654296875,
2521500,6.4677581787109375,
2530500,4.6741790771484375,
2539500,4.055145263671875,
2548500,5.45794677734375,
2557500,6.90126800537109375,
2566500,6.59554290771484375,
2575500,4.24884796142578125,
2584500,6.03643035888671875,
2593500,6.472808837890625,
2602500,4.903717041015625,
2611500,5.61724090576171875,
2620500,5.558990478515625,
2629500,8.14398193359375,
2638500,7.020660400390625,
2647500,3.83277130126953125,
2656500,3.8088531494140625,
2665500,6.39673614501953125,
2674500,5.21050262451171875,
2683500,4.1001739501953125,
2692500,3.8415069580078125,
2701500,4.15230560302734375,
2710500,5.34723663330078125,
2719500,4.56633758544921875,
2728500,4.15898895263671875,
2737500,2.68949127197265625,
2746500,2.4636383056640625,
2755500,2.9557952880859375,
2764500,8.04514312744140625,
2773500,3.33388519287109375,
2782500,2.5403289794921875,
2791500,3.15167999267578125,
2800500,4.96376800537109375,
2809500,5.32108306884765625,
2818500,4.7648773193359375,
2827500,2.756500244140625,
2836500,2.96024322509765625,
2845500,2.40705108642578125,
2854500,3.52692413330078125,
2863500,3.63254547119140625,
2872500,3.6822509765625,
2881500,2.41843414306640625,
2890500,4.735809326171875,
2899500,2.196014404296875,
2908500,3.8557891845703125,
2917500,4.99102020263671875,
2926500,6.09447479248046875,
2935500,4.0283050537109375,
2944500,3.100860595703125,
2953500,5.3681182861328125,
2962500,7.89215087890625,
2971500,8.67215728759765625,
2980500,3.2880859375,
2989500,5.83095550537109375,
2998500,6.57281494140625,
3007500,5.9934844970703125,
3016500,2.9651336669921875,
3025500,3.36464691162109375,
3034500,6.169769287109375,
3043500,3.76985931396484375,
3052500,5.762237548828125,
3061500,6.1391143798828125,
3070500,4.76039886474609375,
3079500,5.19274139404296875,
3088500,3.838134765625,
3097500,6.8223876953125,
3106500,7.0569000244140625,
3115500,5.74028778076171875,
3124500,4.194793701171875,
3133500,5.5972900390625,
3142500,5.24102783203125,
3151500,3.71826171875,
3160500,4.9776763916015625,
3169500,7.89095306396484375,
3178500,6.92633819580078125,
3187500,5.87261199951171875,
3196500,4.2254486083984375,
3205500,5.33881378173828125,
3214500,6.55655670166015625,
3223500,5.73793792724609375,
3232500,6.18157958984375,
3241500,4.7121429443359375,
3250500,4.37413787841796875,
3259500,5.26717376708984375,
3268500,7.2729034423828125,
3277500,7.9057464599609375,
3286500,7.4431915283203125,
3295500,8.42183685302734375,
3304500,9.88957977294921875,
3313500,6.8479156494140625,
3322500,8.64361572265625,
3331500,6.754058837890625,
3340500,6.78777313232421875,
3349500,8.42548370361328125,
3358500,9.64788818359375,
3367500,8.829559326171875,
3376500,8.4684600830078125,
3385500,8.49645233154296875,
3394500,10.2798614501953125,
3403500,7.5214996337890625,
3412500,9.56620025634765625,
3421500,10.03820037841796875,
3430500,9.5404052734375,
3439500,10.38790130615234375,
3448500,9.18775177001953125,
3457500,7.74187469482421875,
3466500,8.63775634765625,
3475500,7.5999755859375,
3484500,7.94564056396484375,
3493500,8.55675506591796875,
3502500,6.47675323486328125,
3511500,9.2342071533203125,
3520500,9.32613372802734375,
3529500,6.91075897216796875,
3538500,10.681915283203125,
3547500,7.79859161376953125,
3556500,8.84761810302734375,
3565500,11.35797119140625,
3574500,5.26557159423828125,
3583500,8.115142822265625,
3592500,9.6292266845703125,
3601500,5.58368682861328125,
3610500,9.41095733642578125,
3619500,7.24102020263671875,
3628500,8.04071044921875,
3637500,10.0081024169921875,
3646500,8.532440185546875,
3655500,10.332794189453125,
3664500,10.5509490966796875,
3673500,10.6459503173828125,
3682500,11.18470001220703125,
3691500,11.0301361083984375,
3700500,10.42742156982421875,
3709500,9.7862548828125,
3718500,11.43701934814453125,
3727500,11.3555908203125,
3736500,10.56322479248046875,
3745500,12.27114105224609375,
3754500,10.57321929931640625,
3763500,11.71862030029296875,
3772500,11.9808502197265625,
3781500,10.78791046142578125,
3790500,13.4223175048828125,
3799500,13.14699554443359375,
3808500,10.2333526611328125,
3817500,14.46435546875,
3826500,13.5958251953125,
3835500,10.7341156005859375,
3844500,14.80396270751953125,
3853500,11.64791107177734375,
3862500,12.25399017333984375,
3871500,15.14087677001953125,
3880500,10.55126190185546875,
3889500,13.8304901123046875,
3898500,15.2972564697265625,
3907500,10.9812469482421875,
3916500,15.80568695068359375,
3925500,13.81153106689453125,
3934500,12.71954345703125,
3943500,15.78554534912109375,
3952500,12.18318939208984375,
3961500,13.09101104736328125,
3970500,12.9178009033203125,
3979500,10.823638916015625,
3988500,13.30556488037109375,
3997500,12.2158355712890625,
4006500,11.3740997314453125,
4015500,12.724090576171875,
4024500,13.695709228515625,
4033500,12.0066375732421875,
4042500,13.43286895751953125,
4051500,10.0088653564453125,
4060500,11.59413909912109375,
4069500,12.8420867919921875,
4078500,11.3027801513671875,
4087500,11.666595458984375,
4096500,9.9958953857421875,
4105500,10.97674560546875,
4114500,12.5731048583984375,
4123500,12.72087860107421875,
4132500,12.867645263671875,
4141500,13.497802734375,
4150500,11.70275115966796875,
4159500,12.28875732421875,
4168500,13.779937744140625,
4177500,11.0854339599609375,
4186500,12.7891693115234375,
4195500,13.23575592041015625,
4204500,10.41234588623046875,
4213500,12.07846832275390625,
4222500,12.09688568115234375,
4231500,11.9528961181640625,
4240500,12.5928497314453125,
4249500,10.6760406494140625,
4258500,10.02207183837890625,
4267500,12.3691864013671875,
4276500,12.04706573486328125,
4285500,11.09722900390625,
4294500,11.52111053466796875,
4303500,11.81130218505859375,
4312500,9.3954315185546875,
4321500,8.12781524658203125,
4330500,8.6688690185546875,
4339500,10.48297882080078125,
4348500,9.12798309326171875,
4357500,11.3105316162109375,
4366500,10.5577850341796875,
4375500,9.54730987548828125,
4384500,11.45230865478515625,
4393500,9.563323974609375,
4402500,9.98096466064453125,
4411500,11.18987274169921875,
4420500,7.05602264404296875,
4429500,7.91973876953125,
4438500,9.0250396728515625,
4447500,7.6570587158203125,
4456500,10.875946044921875,
4465500,10.1029815673828125,
4474500,8.88169097900390625,
4483500,8.46484375,
4492500,10.4622955322265625,
4501500,11.34137725830078125,
4510500,11.91890716552734375,
4519500,10.1979217529296875,
4528500,10.65576171875,
4537500,12.1922607421875,
4546500,11.1840667724609375,
4555500,9.809478759765625,
4564500,8.55596160888671875,
4573500,11.0939483642578125,
4582500,9.69924163818359375,
4591500,11.13060760498046875,
4600500,8.91104888916015625,
4609500,8.68624114990234375,
4618500,10.8873138427734375,
4627500,11.225006103515625,
4636500,9.4277801513671875,
4645500,7.71604156494140625,
4654500,7.400054931640625,
4663500,8.0093231201171875,
4672500,10.97585296630859375,
4681500,9.17559051513671875,
4690500,9.16089630126953125,
4699500,9.75254058837890625,
4708500,7.464202880859375,
4717500,8.26024627685546875,
4726500,8.69768524169921875,
4735500,7.68773651123046875,
4744500,8.7198333740234375,
4753500,9.6922760009765625,
4762500,7.78133392333984375,
4771500,5.4282989501953125,
4780500,6.60778045654296875,
4789500,8.37416839599609375,
4798500,8.74687957763671875,
4807500,8.9633026123046875,
4816500,9.24187469482421875,
4825500,9.544769287109375,
4834500,8.76940155029296875,
4843500,11.62435150146484375,
4852500,10.7938995361328125,
4861500,13.13661956787109375,
4870500,13.52857208251953125,
4879500,12.228240966796875,
4888500,14.14756011962890625,
4897500,15.29639434814453125,
4906500,14.056854248046875,
4915500,16.6204833984375,
4924500,14.7229461669921875,
4933500,16.93927001953125,
4942500,17.96024322509765625,
4951500,14.38538360595703125,
4960500,18.31900787353515625,
4969500,17.18015289306640625,
4978500,15.2757415771484375,
4987500,19.88492584228515625,
4996500,17.37590789794921875,
5005500,16.3876190185546875,
5014500,18.30695343017578125,
5023500,13.9528656005859375,
5032500,17.32758331298828125,
5041500,18.961639404296875,
5050500,14.82588958740234375,
5059500,16.7010498046875,
5068500,17.4657440185546875,
5077500,14.26610565185546875,
5086500,16.68378448486328125,
5095500,16.27117919921875,
5104500,14.097076416015625,
5113500,16.2535247802734375,
5122500,17.0948333740234375,
5131500,14.384796142578125,
5140500,16.85494232177734375,
5149500,16.12810516357421875,
5158500,13.6348419189453125,
5167500,16.07064056396484375,
5176500,14.13405609130859375,
5185500,12.690460205078125,
5194500,14.48150634765625,
5203500,13.22313690185546875,
5212500,15.49758148193359375,
5221500,16.8026123046875,
5230500,15.3587188720703125,
5239500,12.7529754638671875,
5248500,15.95960235595703125,
5257500,17.18871307373046875,
5266500,15.39611053466796875,
5275500,17.181121826171875,
5284500,14.9270782470703125,
5293500,14.5436248779296875,
5302500,16.88390350341796875,
5311500,15.0888519287109375,
5320500,16.09716033935546875,
5329500,17.17209625244140625,
5338500,16.04030609130859375,
5347500,17.57846832275390625,
5356500,16.8251953125,
5365500,16.255126953125,
5374500,18.1100006103515625,
5383500,17.5835418701171875,
5392500,17.7339630126953125,
5401500,18.79758453369140625,
5410500,18.70035552978515625,
5419500,18.488677978515625,
5428500,17.15369415283203125,
5437500,17.18636322021484375,
5446500,18.73332977294921875,
5455500,19.0369873046875,
5464500,18.95775604248046875,
5473500,18.88238525390625,
5482500,18.58812713623046875,
5491500,16.3323974609375,
5500500,18.85292816162109375,
5509500,17.69055938720703125,
5518500,16.60428619384765625,
5527500,17.6529998779296875,
5536500,13.3939361572265625,
5545500,16.399658203125,
5554500,18.3781890869140625,
5563500,15.88173675537109375,
5572500,18.7213897705078125,
5581500,16.6395721435546875,
5590500,16.3871002197265625,
5599500,18.08129119873046875,
5608500,15.61121368408203125,
5617500,16.38811492919921875,
5626500,15.48075103759765625,
5635500,15.9472198486328125,
5644500,15.0357513427734375,
5653500,15.98815155029296875,
5662500,15.465179443359375,
5671500,12.7899322509765625,
5680500,14.22052764892578125,
5689500,14.2509765625,
5698500,13.48839569091796875,
5707500,16.325592041015625,
5716500,15.54697418212890625,
5725500,13.5856170654296875,
5734500,15.4584197998046875,
5743500,12.39785003662109375,
5752500,14.15850067138671875,
5761500,16.281646728515625,
5770500,13.07686614990234375,
5779500,15.1383056640625,
5788500,14.95001220703125,
5797500,12.881256103515625,
5806500,16.15120697021484375,
5815500,14.6767425537109375,
5824500,15.70520782470703125,
5833500,16.7621307373046875,
5842500,13.7067718505859375,
5851500,15.1583709716796875,
5860500,14.9268646240234375,
5869500,13.7289886474609375,
5878500,16.30136871337890625,
5887500,12.84148406982421875,
5896500,11.70442962646484375,
5905500,14.644134521484375,
5914500,13.6590423583984375,
5923500,13.65177154541015625,
5932500,15.1280975341796875,
5941500,12.04876708984375,
5950500,13.203887939453125,
5959500,13.6031951904296875,
5968500,11.6873321533203125,
5977500,13.17739105224609375,
5986500,11.72130584716796875,
5995500,12.2062225341796875,
6004500,12.13156890869140625,
6013500,12.17971038818359375,
6022500,11.92803192138671875,
6031500,13.66413116455078125,
6040500,10.5804290771484375,
6049500,10.387786865234375,
6058500,11.50786590576171875,
6067500,9.545135498046875,
6076500,9.32337188720703125,
6085500,10.12602996826171875,
6094500,10.23193359375,
6103500,10.85198974609375,
6112500,10.13636016845703125,
6121500,11.80931854248046875,
6130500,11.55158233642578125,
6139500,9.48885345458984375,
6148500,11.54500579833984375,
6157500,10.4697418212890625,
6166500,10.8131256103515625,
6175500,11.06792449951171875,
6184500,8.794830322265625,
6193500,12.03815460205078125,
6202500,11.72564697265625,
6211500,10.75302886962890625,
6220500,11.4251556396484375,
6229500,11.2407684326171875,
6238500,9.72919464111328125,
6247500,10.3346710205078125,
6256500,11.4329376220703125,
6265500,11.11602020263671875,
6274500,11.50080108642578125,
6283500,11.06472015380859375,
6292500,10.62250518798828125,
6301500,11.89575958251953125,
6310500,11.4512786865234375,
6319500,10.4447784423828125,
6328500,12.02756500244140625,
6337500,10.1552734375,
6346500,9.55928802490234375,
6355500,9.79180908203125,
6364500,9.6829833984375,
6373500,9.05808258056640625,
6382500,9.74774932861328125,
6391500,12.1148529052734375,
6400500,9.37601470947265625,
6409500,10.38182830810546875,
6418500,7.5089111328125,
6427500,8.45381927490234375,
6436500,8.9460906982421875,
6445500,8.993621826171875,
6454500,9.8701629638671875,
6463500,10.037109375,
6472500,9.26558685302734375,
6481500,12.4207000732421875,
6490500,11.98778533935546875,
6499500,10.71535491943359375,
6508500,11.852508544921875,
6517500,10.4960479736328125,
6526500,9.73303985595703125,
6535500,11.42206573486328125,
6544500,9.98947906494140625,
6553500,8.577117919921875,
6562500,9.4120941162109375,
6571500,9.74578857421875,
6580500,10.56238555908203125,
6589500,8.2068939208984375,
6598500,7.28173065185546875,
6607500,8.717803955078125,
6616500,6.70702362060546875,
6625500,9.10813140869140625,
6634500,9.524688720703125,
6643500,9.96822357177734375,
6652500,8.96144866943359375,
6661500,6.8678436279296875,
6670500,8.81703948974609375,
6679500,9.42311859130859375,
6688500,5.39569091796875,
6697500,8.707611083984375,
6706500,7.69638824462890625,
6715500,6.1222686767578125,
6724500,8.0759429931640625,
6733500,7.8347320556640625,
6742500,8.56078338623046875,
6751500,7.33617401123046875,
6760500,7.88559722900390625,
6769500,7.7223052978515625,
6778500,7.8797149658203125,
6787500,7.39482879638671875,
6796500,8.01206207275390625,
6805500,7.54511260986328125,
6814500,9.450103759765625,
6823500,7.8699493408203125,
6832500,8.41230010986328125,
6841500,7.65427398681640625,
6850500,13.5066680908203125,
6859500,9.1944580078125,
6868500,8.9344482421875,
6877500,7.6668548583984375,
6886500,10.31964874267578125,
6895500,9.64215850830078125,
6904500,7.055694580078125,
6913500,9.20447540283203125,
6922500,9.9036712646484375,
6931500,9.36277008056640625,
6940500,15.47884368896484375,
6949500,9.74863433837890625,
6958500,7.9339599609375,
6967500,9.482269287109375,
6976500,8.20306396484375,
6985500,7.4187774658203125,
6994500,8.2529144287109375,
7003500,8.5618896484375,
7012500,9.0681304931640625,
7021500,8.89990997314453125,
7030500,15.8790283203125,
7039500,12.71970367431640625,
7048500,8.38237762451171875,
7057500,9.30590057373046875,
7066500,8.65680694580078125,
7075500,8.31522369384765625,
7084500,8.5658721923828125,
7093500,9.25945281982421875,
7102500,9.911773681640625,
7111500,10.24359130859375,
7120500,12.6856231689453125,
7129500,11.24512481689453125,
7138500,10.83856201171875,
7147500,10.353179931640625,
7156500,11.28582763671875,
7165500,9.24265289306640625,
7174500,11.29453277587890625,
7183500,10.58306121826171875,
7192500,9.06987762451171875,
7201500,9.33240509033203125,
7210500,10.4894866943359375,
7219500,9.85553741455078125,
7228500,11.89385986328125,
7237500,10.85449981689453125,
7246500,9.43707275390625,
7255500,11.26964569091796875,
7264500,13.04479217529296875,
7273500,15.34227752685546875,
7282500,15.91951751708984375,
7291500,11.5899810791015625,
7300500,12.23754119873046875,
7309500,15.6514129638671875,
7318500,12.4491729736328125,
7327500,10.98490142822265625,
7336500,10.217987060546875,
7345500,11.33111572265625,
7354500,14.381866455078125,
7363500,13.43337249755859375,
7372500,12.52136993408203125,
7381500,11.692413330078125,
7390500,14.46508026123046875,
7399500,18.99090576171875,
7408500,14.361083984375,
7417500,13.07234954833984375,
7426500,12.4211578369140625,
7435500,12.42144012451171875,
7444500,13.67110443115234375,
7453500,12.75074005126953125,
7462500,11.872802734375,
7471500,12.61125946044921875,
7480500,12.2322540283203125,
7489500,18.14974212646484375,
7498500,13.42212677001953125,
7507500,12.52220916748046875,
7516500,10.27893829345703125,
7525500,12.07852935791015625,
7534500,11.708892822265625,
7543500,13.0586700439453125,
7552500,13.53986358642578125,
7561500,11.96602630615234375,
7570500,13.94760894775390625,
7579500,17.32674407958984375,
7588500,13.2474212646484375,
7597500,12.11151123046875,
7606500,12.25765228271484375,
7615500,13.4217529296875,
7624500,12.0479583740234375,
7633500,13.744964599609375,
7642500,14.10971832275390625,
7651500,13.45720672607421875,
7660500,12.85478973388671875,
7669500,11.3050079345703125,
7678500,13.35195159912109375,
7687500,15.95357513427734375,
7696500,14.2676544189453125,
7705500,14.9634246826171875,
7714500,13.6837921142578125,
7723500,13.1144561767578125,
7732500,13.33233642578125,
7741500,14.817535400390625,
7750500,14.61432647705078125,
7759500,17.3272857666015625,
7768500,16.49747467041015625,
7777500,11.7163848876953125,
7786500,15.979949951171875,
7795500,15.35528564453125,
7804500,15.13880157470703125,
7813500,15.2882537841796875,
7822500,13.8227996826171875,
7831500,13.75859832763671875,
7840500,14.68914794921875,
7849500,17.89127349853515625,
7858500,21.093841552734375,
7867500,14.6038818359375,
7876500,15.07767486572265625,
7885500,16.7108917236328125,
7894500,15.18819427490234375,
7903500,16.66193389892578125,
7912500,14.6577606201171875,
7921500,16.78328704833984375,
7930500,14.52297210693359375,
7939500,16.96210479736328125,
7948500,21.44141387939453125,
7957500,14.84375,
7966500,15.4555511474609375,
7975500,19.19033050537109375,
7984500,17.4215240478515625,
7993500,13.18361663818359375,
8002500,16.3836517333984375,
8011500,14.3180694580078125,
8020500,15.5467376708984375,
8029500,17.882965087890625,
8038500,18.866729736328125,
8047500,17.6759796142578125,
8056500,17.07590484619140625,
8065500,15.5142974853515625,
8074500,16.4756317138671875,
8083500,15.467254638671875,
8092500,15.27274322509765625,
8101500,17.6280670166015625,
8110500,14.9824981689453125,
8119500,16.01763153076171875,
8128500,16.015106201171875,
8137500,15.569183349609375,
8146500,16.8668670654296875,
8155500,17.5818634033203125,
8164500,16.00083160400390625,
8173500,16.230438232421875,
8182500,16.31833648681640625,
8191500,15.27663421630859375,
8200500,15.29485321044921875,
8209500,15.40149688720703125,
8218500,16.67446136474609375,
8227500,15.97469329833984375,
8236500,16.639923095703125,
8245500,16.76396942138671875,
8254500,16.0380401611328125,
8263500,16.28539276123046875,
8272500,13.93753814697265625,
8281500,16.13899993896484375,
8290500,17.62970733642578125,
8299500,17.27318572998046875,
8308500,17.11077117919921875,
8317500,16.93566131591796875,
8326500,16.6531524658203125,
8335500,15.3336181640625,
8344500,16.13758087158203125,
8353500,13.3827972412109375,
8362500,13.97653961181640625,
8371500,15.23419189453125,
8380500,16.5615997314453125,
8389500,15.114501953125,
8398500,15.64900970458984375,
8407500,17.53228759765625,
8416500,13.49004364013671875,
8425500,13.1246185302734375,
8434500,14.66687774658203125,
8443500,12.8200225830078125,
8452500,13.9086761474609375,
8461500,13.12191009521484375,
8470500,11.9095458984375,
8479500,13.27545928955078125,
8488500,13.77419281005859375,
8497500,15.3192596435546875,
8506500,12.45068359375,
8515500,13.660400390625,
8524500,13.57178497314453125,
8533500,11.4566650390625,
8542500,13.8803253173828125,
8551500,14.39418792724609375,
8560500,13.005645751953125,
8569500,13.887664794921875,
8578500,12.42375946044921875,
8587500,15.95471954345703125,
8596500,14.44268035888671875,
8605500,14.7038116455078125,
8614500,14.20900726318359375,
8623500,13.7489013671875,
8632500,14.16485595703125,
8641500,13.860626220703125,
8650500,13.31157684326171875,
8659500,13.61093902587890625,
8668500,13.25707244873046875,
8677500,11.5494384765625,
8686500,13.898468017578125,
8695500,14.51047515869140625,
8704500,10.1936187744140625,
8713500,13.471405029296875,
8722500,12.5596466064453125,
8731500,14.8741912841796875,
8740500,15.46942901611328125,
8749500,14.82886505126953125,
8758500,12.0748138427734375,
8767500,12.61810302734375,
8776500,12.274139404296875,
8785500,10.07593536376953125,
8794500,11.11865997314453125,
8803500,12.18862152099609375,
8812500,12.58766937255859375,
8821500,8.547088623046875,
8830500,10.6924285888671875,
8839500,11.81121063232421875,
8848500,12.64362335205078125,
8857500,13.90709686279296875,
8866500,11.2482452392578125,
8875500,12.16876220703125,
8884500,11.29990386962890625,
8893500,10.76795196533203125,
8902500,8.852264404296875,
8911500,9.78719329833984375,
8920500,10.4250030517578125,
8929500,11.98639678955078125,
8938500,11.29174041748046875,
8947500,12.8249359130859375,
8956500,11.86806488037109375,
8965500,12.8020477294921875,
8974500,12.8144683837890625,
8983500,13.643707275390625,
8992500,11.33632659912109375,
9001500,9.42673492431640625,
9010500,10.58675384521484375,
9019500,11.36620330810546875,
9028500,14.05767059326171875,
9037500,14.0979766845703125,
9046500,12.56165313720703125,
9055500,11.73681640625,
9064500,13.885589599609375,
9073500,13.17571258544921875,
9082500,12.43402099609375,
9091500,11.42096710205078125,
9100500,11.2103729248046875,
9109500,12.444610595703125,
9118500,13.10468292236328125,
9127500,10.76226806640625,
9136500,13.262115478515625,
9145500,11.81945037841796875,
9154500,12.34734344482421875,
9163500,13.79192352294921875,
9172500,13.8622894287109375,
9181500,14.72991943359375,
9190500,12.7563323974609375,
9199500,12.5411376953125,
9208500,16.154754638671875,
9217500,17.3077239990234375,
9226500,17.8533172607421875,
9235500,13.13800048828125,
9244500,12.79803466796875,
9253500,13.41410064697265625,
9262500,12.7506561279296875,
9271500,13.92529296875,
9280500,12.957366943359375,
9289500,13.8910980224609375,
9298500,14.1291961669921875,
9307500,11.671661376953125,
9316500,14.4181365966796875,
9325500,12.45534515380859375,
9334500,12.37371063232421875,
9343500,13.46994781494140625,
9352500,11.4930877685546875,
9361500,12.4699249267578125,
9370500,12.50321197509765625,
9379500,13.70005035400390625,
9388500,13.34752655029296875,
9397500,12.62288665771484375,
9406500,14.4434814453125,
9415500,13.01824951171875,
9424500,13.95355224609375,
9433500,13.8224334716796875,
9442500,13.38964080810546875,
9451500,14.6654205322265625,
9460500,12.6966552734375,
9469500,11.8073577880859375,
9478500,12.955902099609375,
9487500,12.419158935546875,
9496500,12.9559478759765625,
9505500,14.0014190673828125,
9514500,11.49127197265625,
9523500,10.2983245849609375,
9532500,13.2814483642578125,
9541500,11.5875091552734375,
9550500,11.9095916748046875,
9559500,13.89855194091796875,
9568500,16.0792694091796875,
9577500,19.34304046630859375,
9586500,11.61148834228515625,
9595500,10.2436370849609375,
9604500,11.0763702392578125,
9613500,12.09069061279296875,
9622500,11.98049163818359375,
9631500,12.44622039794921875,
9640500,13.04138946533203125,
9649500,12.85228729248046875,
9658500,14.7890625,
9667500,13.32311248779296875,
9676500,12.37003326416015625,
9685500,15.720703125,
9694500,14.0200653076171875,
9703500,14.82903289794921875,
9712500,13.688507080078125,
9721500,14.47864532470703125,
9730500,13.145660400390625,
9739500,14.48542022705078125,
9748500,14.3902435302734375,
9757500,13.8231201171875,
9766500,13.2178497314453125,
9775500,15.71172332763671875,
9784500,14.6977386474609375,
9793500,14.784210205078125,
9802500,12.67697906494140625,
9811500,13.88399505615234375,
9820500,15.42676544189453125,
9829500,14.29062652587890625,
9838500,13.36534881591796875,
9847500,14.01767730712890625,
9856500,16.2622528076171875,
9865500,16.809417724609375,
9874500,15.0006256103515625,
9883500,11.6768341064453125,
9892500,14.2031707763671875,
9901500,14.26839447021484375,
9910500,12.54068756103515625,
9919500,13.329498291015625,
9928500,13.50566864013671875,
9937500,14.84114837646484375,
9946500,12.985107421875,
9955500,13.1422119140625,
9964500,13.535369873046875,
9973500,16.9881439208984375,
9982500,13.7415313720703125,
9991500,11.6006011962890625,
10000500,12.8518829345703125,
10009500,12.0799713134765625,
10018500,13.35581207275390625,
10027500,12.55889892578125,
10036500,9.84763336181640625,
10045500,10.4337921142578125,
10054500,14.32213592529296875,
10063500,12.206451416015625,
10072500,11.80682373046875,
10081500,10.18805694580078125,
10090500,11.15771484375,
10099500,12.290252685546875,
10108500,15.1534423828125,
10117500,11.588958740234375,
10126500,13.595367431640625,
10135500,12.43117523193359375,
10144500,14.098846435546875,
10153500,12.73432159423828125,
10162500,9.225738525390625,
10171500,10.9727630615234375,
10180500,12.4053497314453125,
10189500,13.98577880859375,
10198500,13.99444580078125,
10207500,10.9803009033203125,
10216500,9.95403289794921875,
10225500,13.2959747314453125,
10234500,13.5147247314453125,
10243500,10.88607025146484375,
10252500,11.67815399169921875,
10261500,10.5158233642578125,
10270500,11.08588409423828125,
10279500,11.61649322509765625,
10288500,7.82216644287109375,
10297500,13.2606353759765625,
10306500,12.6837921142578125,
10315500,13.27259063720703125,
10324500,12.8316802978515625,
10333500,11.485870361328125,
10342500,13.81069183349609375,
10351500,10.3152923583984375,
10360500,11.62627410888671875,
10369500,11.71733856201171875,
10378500,11.950408935546875,
10387500,10.52767181396484375,
10396500,11.42385101318359375,
10405500,11.52239227294921875,
10414500,10.14810943603515625,
10423500,9.5513153076171875,
10432500,10.08556365966796875,
10441500,10.964630126953125,
10450500,9.864013671875,
10459500,10.77843475341796875,
10468500,11.7942962646484375,
10477500,12.6439666748046875,
10486500,10.03398895263671875,
10495500,9.91918182373046875,
10504500,10.9854583740234375,
10513500,11.6619720458984375,
10522500,9.05760955810546875,
10531500,10.43978118896484375,
10540500,11.13335418701171875,
10549500,9.88698577880859375,
10558500,10.851898193359375,
10567500,9.61029052734375,
10576500,9.38733673095703125,
10585500,10.191650390625,
10594500,12.4346160888671875,
10603500,11.63391876220703125,
10612500,8.77108001708984375,
10621500,11.429229736328125,
10630500,10.38974761962890625,
10639500,9.4532318115234375,
10648500,12.86517333984375,
10657500,11.96178436279296875,
10666500,13.476959228515625,
10675500,13.9564056396484375,
10684500,12.90715789794921875,
10693500,10.56362152099609375,
10702500,11.1457977294921875,
10711500,12.43595123291015625,
10720500,11.8007965087890625,
10729500,11.12438201904296875,
10738500,11.2688751220703125,
10747500,10.99593353271484375,
10756500,9.657135009765625,
10765500,12.77797698974609375,
10774500,16.65441131591796875,
10783500,13.1023406982421875,
10792500,13.68621826171875,
10801500,11.07177734375,
10810500,10.9637603759765625,
10819500,12.1922149658203125,
10828500,11.52371978759765625,
10837500,11.30292510986328125,
10846500,10.2563018798828125,
10855500,10.379486083984375,
10864500,12.505279541015625,
10873500,13.02740478515625,
10882500,12.5284271240234375,
10891500,11.20098114013671875,
10900500,10.2323150634765625,
10909500,11.16028594970703125,
10918500,10.91045379638671875,
10927500,11.51566314697265625,
10936500,9.38323974609375,
10945500,8.81865692138671875,
10954500,10.52567291259765625,
10963500,10.60710906982421875,
10972500,11.10390472412109375,
10981500,10.8416900634765625,
10990500,11.3969879150390625,
10999500,9.33997344970703125,
11008500,7.98433685302734375,
11017500,8.06258392333984375,
11026500,10.452850341796875,
11035500,10.44953155517578125,
11044500,9.395782470703125,
11053500,9.9595489501953125,
11062500,10.1342010498046875,
11071500,10.336181640625,
11080500,9.49707794189453125,
11089500,10.36865234375,
11098500,11.36496734619140625,
11107500,10.35050201416015625,
11116500,10.70401763916015625,
11125500,9.8262176513671875,
11134500,8.0625762939453125,
11143500,13.23754119873046875,
11152500,11.309783935546875,
11161500,14.489166259765625,
11170500,14.41318511962890625,
11179500,8.6395721435546875,
11188500,10.80913543701171875,
11197500,8.2818450927734375,
11206500,10.29959869384765625,
11215500,7.78543853759765625,
11224500,7.97208404541015625,
11233500,10.42720794677734375,
11242500,9.68636322021484375,
11251500,10.6538848876953125,
11260500,9.28662872314453125,
11269500,9.5183868408203125,
11278500,7.117919921875,
11287500,8.2395782470703125,
11296500,7.6051177978515625,
11305500,10.14483642578125,
11314500,9.48830413818359375,
11323500,10.42882537841796875,
11332500,9.7313690185546875,
11341500,7.9833831787109375,
11350500,10.197601318359375,
11359500,11.4199676513671875,
11368500,9.07513427734375,
11377500,6.702880859375,
11386500,10.399078369140625,
11395500,8.56032562255859375,
11404500,9.24222564697265625,
11413500,7.92874908447265625,
11422500,7.50070953369140625,
11431500,8.214447021484375,
11440500,8.56183624267578125,
11449500,7.4755096435546875,
11458500,8.7117767333984375,
11467500,9.97607421875,
11476500,10.28090667724609375,
11485500,8.938568115234375,
11494500,8.23006439208984375,
11503500,9.18396759033203125,
11512500,8.024932861328125,
11521500,9.1131591796875,
11530500,9.59552764892578125,
11539500,11.33371734619140625,
11548500,10.81446075439453125,
11557500,8.90618133544921875,
11566500,9.8875885009765625,
11575500,9.0107879638671875,
11584500,9.09548187255859375,
11593500,10.69063568115234375,
11602500,8.54918670654296875,
11611500,7.7603607177734375,
11620500,8.140869140625,
11629500,10.5196685791015625,
11638500,11.36113739013671875,
11647500,14.7111053466796875,
11656500,12.25722503662109375,
11665500,10.48797607421875,
11674500,9.3018341064453125,
11683500,4.84415435791015625,
11692500,8.74298858642578125,
11701500,6.8083953857421875,
11710500,8.428009033203125,
11719500,10.51357269287109375,
11728500,11.8483428955078125,
11737500,9.18328857421875,
11746500,6.45261383056640625,
11755500,7.66289520263671875,
11764500,7.8427276611328125,
11773500,8.77857208251953125,
11782500,11.0249786376953125,
11791500,10.46227264404296875,
11800500,8.79105377197265625,
11809500,7.3502197265625,
11818500,6.025421142578125,
11827500,8.32572174072265625,
11836500,9.95662689208984375,
11845500,8.48593902587890625,
11854500,6.93047332763671875,
11863500,9.7944488525390625,
11872500,10.7477264404296875,
11881500,9.3166046142578125,
11890500,9.60765838623046875,
11899500,8.47905731201171875,
11908500,7.46065521240234375,
11917500,7.96370697021484375,
11926500,9.43054962158203125,
11935500,12.0827789306640625,
11944500,9.8387603759765625,
11953500,8.6919708251953125,
11962500,9.69366455078125,
11971500,11.19467926025390625,
11980500,9.5047149658203125,
11989500,6.15834808349609375,
11998500,8.01680755615234375,
12007500,10.92111968994140625,
12016500,11.50441741943359375,
12025500,8.86028289794921875,
12034500,6.63649749755859375,
12043500,5.52808380126953125,
12052500,7.657440185546875,
12061500,9.21997833251953125,
12070500,11.26250457763671875,
12079500,10.2281646728515625,
12088500,8.56276702880859375,
12097500,8.99410247802734375,
12106500,8.13763427734375,
12115500,8.970855712890625,
12124500,9.05628204345703125,
12133500,14.2593994140625,
12142500,13.03066253662109375,
12151500,8.3197021484375,
12160500,6.57086181640625,
12169500,8.7223968505859375,
12178500,7.5530548095703125,
12187500,9.75205230712890625,
12196500,9.761199951171875,
12205500,12.03034210205078125,
12214500,12.46239471435546875,
12223500,7.66332244873046875,
12232500,9.42020416259765625,
12241500,7.56032562255859375,
12250500,7.07973480224609375,
12259500,6.5961761474609375,
12268500,9.767242431640625,
12277500,14.276885986328125,
12286500,10.0573577880859375,
12295500,8.08991241455078125,
12304500,9.52474212646484375,
12313500,8.0710296630859375,
12322500,7.8332366943359375,
12331500,9.58895111083984375,
12340500,10.7091522216796875,
12349500,12.61110687255859375,
12358500,10.24890899658203125,
12367500,12.2638092041015625,
12376500,9.48644256591796875,
12385500,7.2743682861328125,
12394500,8.182830810546875,
12403500,8.42706298828125,
12412500,9.11737823486328125,
12421500,8.42050933837890625,
12430500,6.960052490234375,
12439500,7.03331756591796875,
12448500,8.15636444091796875,
12457500,7.29854583740234375,
12466500,9.2883758544921875,
12475500,8.53099822998046875,
12484500,11.89394378662109375,
12493500,8.4998931884765625,
12502500,5.8060302734375,
12511500,8.4625244140625,
12520500,8.7196502685546875,
12529500,9.2062225341796875,
12538500,9.82813262939453125,
12547500,9.831634521484375,
12556500,10.4126434326171875,
12565500,8.3911590576171875,
12574500,9.827606201171875,
12583500,8.45330810546875,
12592500,7.05387115478515625,
12601500,8.830902099609375,
12610500,12.23271942138671875,
12619500,13.6871490478515625,
12628500,9.68535614013671875,
12637500,10.731842041015625,
12646500,8.92421722412109375,
12655500,8.16654205322265625,
12664500,8.88341522216796875,
12673500,7.68556976318359375,
12682500,10.68085479736328125,
12691500,9.10987091064453125,
12700500,8.7900543212890625,
12709500,8.20825958251953125,
12718500,7.75951385498046875,
12727500,9.7984466552734375,
12736500,8.9596710205078125,
12745500,8.77452850341796875,
12754500,8.74065399169921875,
12763500,10.7884063720703125,
12772500,9.34995269775390625,
12781500,6.95314788818359375,
12790500,8.33731842041015625,
12799500,7.59590911865234375,
12808500,7.8066253662109375,
12817500,8.67041778564453125,
12826500,9.63275146484375,
12835500,7.37644195556640625,
12844500,8.04662322998046875,
12853500,9.2674560546875,
12862500,7.40705108642578125,
12871500,9.10608673095703125,
12880500,9.669891357421875,
12889500,10.40386199951171875,
12898500,9.39350128173828125,
12907500,7.9806365966796875,
12916500,9.47872161865234375,
12925500,7.5126495361328125,
12934500,7.8448028564453125,
12943500,9.81343841552734375,
12952500,9.5001068115234375,
12961500,7.85074615478515625,
12970500,4.61473846435546875,
12979500,5.84497833251953125,
12988500,8.0133209228515625,
12997500,10.6264190673828125,
13006500,13.18424224853515625,
13015500,9.77931976318359375,
13024500,7.72089385986328125,
13033500,8.02915191650390625,
13042500,8.25141143798828125,
13051500,5.9354095458984375,
13060500,5.58559417724609375,
13069500,8.5930328369140625,
13078500,6.83249664306640625,
13087500,8.60167694091796875,
13096500,10.28678131103515625,
13105500,13.22966766357421875,
13114500,9.45810699462890625,
13123500,11.56398773193359375,
13132500,9.53591156005859375,
13141500,8.1690216064453125,
13150500,9.44256591796875,
13159500,11.587127685546875,
13168500,9.3203125,
13177500,7.283416748046875,
13186500,6.57503509521484375,
13195500,7.84442901611328125,
13204500,6.168701171875,
13213500,7.7494964599609375,
13222500,8.674957275390625,
13231500,8.2988433837890625,
13240500,8.6182708740234375,
13249500,10.7699127197265625,
13258500,7.2083587646484375,
13267500,6.053375244140625,
13276500,6.0408782958984375,
13285500,8.31998443603515625,
13294500,5.73978424072265625,
13303500,7.34540557861328125,
13312500,8.02451324462890625,
13321500,5.77783203125,
13330500,7.69527435302734375,
13339500,6.39379119873046875,
13348500,6.44309234619140625,
13357500,10.24356842041015625,
13366500,8.16684722900390625,
13375500,8.2365570068359375,
13384500,9.593109130859375,
13393500,7.00276947021484375,
13402500,6.5381011962890625,
13411500,6.71012115478515625,
13420500,9.126953125,
13429500,9.05727386474609375,
13438500,7.2990264892578125,
13447500,8.6613616943359375,
13456500,8.91895294189453125,
13465500,6.314544677734375,
13474500,6.18082427978515625,
13483500,8.1860504150390625,
13492500,7.79744720458984375,
13501500,4.90697479248046875,
13510500,6.09516143798828125,
13519500,10.99267578125,
13528500,8.680938720703125,
13537500,9.43238067626953125,
13546500,8.68927764892578125,
13555500,8.81623077392578125,
13564500,15.61644744873046875,
13573500,12.8721466064453125,
13582500,12.2733612060546875,
13591500,8.2962799072265625,
13600500,8.31955718994140625,
13609500,12.9742584228515625,
13618500,12.05640411376953125,
13627500,8.9696807861328125,
13636500,8.8844757080078125,
13645500,8.3736724853515625,
13654500,9.11768341064453125,
13663500,7.02911376953125,
13672500,8.7169036865234375,
13681500,9.732666015625,
13690500,8.00555419921875,
13699500,11.81864166259765625,
13708500,12.515228271484375,
13717500,6.71360015869140625,
13726500,5.81732940673828125,
13735500,6.2280120849609375,
13744500,7.14017486572265625,
13753500,6.1253509521484375,
13762500,8.481964111328125,
13771500,7.998687744140625,
13780500,7.04232025146484375,
13789500,7.58188629150390625,
13798500,8.48477935791015625,
13807500,7.6087646484375,
13816500,7.8463592529296875,
13825500,6.72983551025390625,
13834500,8.6158447265625,
13843500,7.0876617431640625,
13852500,5.20050811767578125,
13861500,7.76490020751953125,
13870500,7.7734527587890625,
13879500,8.293975830078125,
13888500,8.5525665283203125,
13897500,11.277923583984375,
13906500,9.521881103515625,
13915500,7.67951202392578125,
13924500,8.81728363037109375,
13933500,7.7314300537109375,
13942500,5.5868682861328125,
13951500,6.01604461669921875,
13960500,17.12548828125,
13969500,19.92771148681640625,
13978500,14.08807373046875,
13987500,7.96016693115234375,
13996500,7.5214996337890625,
14005500,8.45835113525390625,
14014500,5.73723602294921875,
14023500,8.6802978515625,
14032500,9.24034881591796875,
14041500,5.67243194580078125,
14050500,6.9359283447265625,
14059500,7.50846099853515625,
14068500,15.5417633056640625,
14077500,11.369171142578125,
14086500,6.70957183837890625,
14095500,7.70551300048828125,
14104500,9.33167266845703125,
14113500,8.36419677734375,
14122500,7.9498748779296875,
14131500,8.33419036865234375,
14140500,9.05892181396484375,
14149500,10.367156982421875,
14158500,14.5299835205078125,
14167500,12.889373779296875,
14176500,8.69553375244140625,
14185500,8.61898040771484375,
14194500,7.69886016845703125,
14203500,9.192626953125,
14212500,7.73618316650390625,
14221500,8.16367340087890625,
14230500,7.7847900390625,
14239500,7.25677490234375,
14248500,10.63703155517578125,
14257500,10.29943084716796875,
14266500,8.1681976318359375,
14275500,7.911376953125,
14284500,6.4752960205078125,
14293500,8.15621185302734375,
14302500,7.26441192626953125,
14311500,6.3553314208984375,
14320500,6.71575927734375,
14329500,7.4593505859375,
14338500,8.8443756103515625,
14347500,10.887359619140625,
14356500,10.99449920654296875,
14365500,20.8251190185546875,
14374500,9.994842529296875,
14383500,7.3058624267578125,
14392500,6.04062652587890625,
14401500,7.31557464599609375,
14410500,7.5914306640625,
14419500,9.0537567138671875,
14428500,8.8894195556640625,
14437500,13.9372100830078125,
14446500,5.20081329345703125,
14455500,6.05171966552734375,
14464500,7.4067840576171875,
14473500,8.3412322998046875,
14482500,7.0096282958984375,
14491500,9.9875335693359375,
14500500,8.91509246826171875,
14509500,8.7946929931640625,
14518500,8.43636322021484375,
14527500,17.57630157470703125,
14536500,8.86077880859375,
14545500,8.7952423095703125,
14554500,9.66120147705078125,
14563500,8.2488555908203125,
14572500,6.7077789306640625,
14581500,9.2393646240234375,
14590500,7.585235595703125,
14599500,6.04572296142578125,
14608500,8.161895751953125,
14617500,17.878143310546875,
14626500,10.6894378662109375,
14635500,9.097564697265625,
14644500,7.11032867431640625,
14653500,10.02611541748046875,
14662500,9.06403350830078125,
14671500,5.2877044677734375,
14680500,7.21478271484375,
14689500,8.2303466796875,
14698500,9.31238555908203125,
14707500,14.0859375,
14716500,12.42067718505859375,
14725500,8.63184356689453125,
14734500,7.7916107177734375,
14743500,8.14542388916015625,
14752500,8.79380035400390625,
14761500,14.77579498291015625,
14770500,10.50661468505859375,
14779500,6.315032958984375,
14788500,9.56311798095703125,
14797500,11.1771697998046875,
14806500,9.63666534423828125,
14815500,7.86236572265625,
14824500,9.271881103515625,
14833500,7.79969024658203125,
14842500,6.3977203369140625,
14851500,7.87435150146484375,
14860500,6.93376922607421875,
14869500,8.5063323974609375,
14878500,9.12644195556640625,
14887500,13.15717315673828125,
14896500,14.80877685546875,
14905500,9.59920501708984375,
14914500,8.88858795166015625,
14923500,11.36382293701171875,
14932500,8.01290130615234375,
14941500,8.26633453369140625,
14950500,9.123138427734375,
14959500,8.02948760986328125,
14968500,8.91126251220703125,
14977500,12.7918243408203125,
14986500,17.49028778076171875,
14995500,8.3839569091796875,
15004500,9.5412750244140625,
15013500,7.90053558349609375,
15022500,10.02532958984375,
15031500,7.09398651123046875,
15040500,9.67449951171875,
15049500,9.515167236328125,
15058500,11.91786956787109375,
15067500,12.2898406982421875,
15076500,19.37419891357421875,
15085500,10.537841796875,
15094500,10.72147369384765625,
15103500,10.1145477294921875,
15112500,9.378997802734375,
15121500,9.016815185546875,
15130500,11.4091796875,
15139500,9.97959136962890625,
15148500,9.3202056884765625,
15157500,17.1826934814453125,
15166500,23.2661285400390625,
15175500,10.8957061767578125,
15184500,9.290802001953125,
15193500,9.8340606689453125,
15202500,10.7078399658203125,
15211500,10.57431793212890625,
15220500,9.27129364013671875,
15229500,10.66664886474609375,
15238500,9.869354248046875,
15247500,8.438018798828125,
15256500,14.803497314453125,
15265500,12.17075347900390625,
15274500,10.249114990234375,
15283500,12.031494140625,
15292500,11.31475830078125,
15301500,10.92113494873046875,
15310500,9.39122772216796875,
15319500,9.30117034912109375,
15328500,10.77251434326171875,
15337500,10.01760101318359375,
15346500,16.5450592041015625,
15355500,14.10932159423828125,
15364500,10.91228485107421875,
15373500,12.20391845703125,
15382500,9.99127960205078125,
15391500,7.67699432373046875,
15400500,10.6177520751953125,
15409500,11.25965118408203125,
15418500,12.3884735107421875,
15427500,10.264923095703125,
15436500,17.377532958984375,
15445500,17.27036285400390625,
15454500,9.2708282470703125,
15463500,10.5191192626953125,
15472500,10.38898468017578125,
15481500,11.3161468505859375,
15490500,11.9921112060546875,
15499500,10.8400726318359375,
15508500,10.7564544677734375,
15517500,10.772979736328125,
15526500,14.9006500244140625,
15535500,19.06716156005859375,
15544500,11.85474395751953125,
15553500,14.07418060302734375,
15562500,24.71355438232421875,
15571500,15.8912353515625,
15580500,11.58669281005859375,
15589500,11.612274169921875,
15598500,10.43762969970703125,
15607500,10.7053070068359375,
15616500,14.2443695068359375,
15625500,20.44834136962890625,
15634500,12.5616455078125,
15643500,11.24938201904296875,
15652500,11.08066558837890625,
15661500,9.95735931396484375,
15670500,9.65084075927734375,
15679500,10.61071014404296875,
15688500,11.7288055419921875,
15697500,12.19689178466796875,
15706500,15.0689544677734375,
15715500,18.0218353271484375,
15724500,12.5854644775390625,
15733500,10.43414306640625,
15742500,11.88993072509765625,
15751500,11.871246337890625,
15760500,12.5024566650390625,
15769500,13.21524810791015625,
15778500,12.87787628173828125,
15787500,11.32452392578125,
15796500,11.44127655029296875,
15805500,16.89705657958984375,
15814500,11.45262908935546875,
15823500,10.82936859130859375,
15832500,10.66888427734375,
15841500,12.3952484130859375,
15850500,12.866424560546875,
15859500,13.58504486083984375,
15868500,12.2587127685546875,
15877500,11.85942840576171875,
15886500,10.23199462890625,
15895500,17.8717193603515625,
15904500,15.49591064453125,
15913500,13.1822967529296875,
15922500,13.20684051513671875,
15931500,11.72853851318359375,
15940500,10.14960479736328125,
15949500,11.9582366943359375,
15958500,18.3736572265625,
15967500,17.45980072021484375,
15976500,12.9464263916015625,
15985500,18.67246246337890625,
15994500,19.6707000732421875,
16003500,18.43804931640625,
16012500,10.922637939453125,
16021500,10.8705596923828125,
16030500,11.45569610595703125,
16039500,12.445648193359375,
16048500,12.5969085693359375,
16057500,14.66127777099609375,
16066500,13.33849334716796875,
16075500,17.68155670166015625,
16084500,18.0946502685546875,
16093500,11.4559783935546875,
16102500,11.3580169677734375,
16111500,14.1702117919921875,
16120500,12.932769775390625,
16129500,14.81053924560546875,
16138500,12.62274169921875,
16147500,13.308013916015625,
16156500,13.23126220703125,
16165500,15.89202880859375,
16174500,17.88520050048828125,
16183500,13.1016082763671875,
16192500,13.299713134765625,
16201500,14.823089599609375,
16210500,13.33809661865234375,
16219500,12.53539276123046875,
16228500,12.94016265869140625,
16237500,11.88022613525390625,
16246500,13.38431549072265625,
16255500,12.56888580322265625,
16264500,15.48628997802734375,
16273500,14.857208251953125,
16282500,12.99432373046875,
16291500,13.290130615234375,
16300500,12.24591827392578125,
16309500,10.3363494873046875,
16318500,12.81787109375,
16327500,14.46429443359375,
16336500,14.5114593505859375,
16345500,13.58692169189453125,
16354500,17.74118804931640625,
16363500,16.965667724609375,
16372500,12.34920501708984375,
16381500,13.3837432861328125,
16390500,13.6670074462890625,
16399500,13.0694732666015625,
16408500,14.2595367431640625,
16417500,14.672210693359375,
16426500,12.27553558349609375,
16435500,12.17481231689453125,
16444500,14.369476318359375,
16453500,13.47591400146484375,
16462500,13.9013824462890625,
16471500,14.6526336669921875,
16480500,12.5733642578125,
16489500,13.8779754638671875,
16498500,13.38814544677734375,
16507500,12.8711700439453125,
16516500,12.80544281005859375,
16525500,13.253997802734375,
16534500,17.67157745361328125,
16543500,16.4278106689453125,
16552500,14.29046630859375,
16561500,15.07415008544921875,
16570500,12.94693756103515625,
16579500,13.789642333984375,
16588500,13.9013214111328125,
16597500,14.6102752685546875,
16606500,13.24517059326171875,
16615500,13.57096099853515625,
16624500,16.32027435302734375,
16633500,17.33217620849609375,
16642500,11.51001739501953125,
16651500,12.31291961669921875,
16660500,13.7451019287109375,
16669500,13.96148681640625,
16678500,12.272979736328125,
16687500,12.25794219970703125,
16696500,13.44598388671875,
16705500,12.727081298828125,
16714500,13.34070587158203125,
16723500,16.00527191162109375,
16732500,12.99723052978515625,
16741500,13.4896087646484375,
16750500,14.09963226318359375,
16759500,18.97686767578125,
16768500,14.14064788818359375,
16777500,12.19599151611328125,
16786500,11.6355438232421875,
16795500,13.2345123291015625,
16804500,11.99779510498046875,
16813500,16.0688018798828125,
16822500,13.04864501953125,
16831500,12.72013092041015625,
16840500,14.24805450439453125,
16849500,12.12790679931640625,
16858500,12.64630126953125,
16867500,12.8897247314453125,
16876500,11.53701019287109375,
16885500,12.98055267333984375,
16894500,13.20465087890625,
16903500,15.44249725341796875,
16912500,11.4629974365234375,
16921500,12.36980438232421875,
16930500,13.02071380615234375,
16939500,14.15940093994140625,
16948500,10.86103057861328125,
16957500,12.17132568359375,
16966500,14.240203857421875,
16975500,11.142608642578125,
16984500,12.981414794921875,
16993500,16.222198486328125,
17002500,13.04822540283203125,
17011500,13.940704345703125,
17020500,12.714569091796875,
17029500,13.31203460693359375,
17038500,14.70664215087890625,
17047500,12.6568603515625,
17056500,13.10909271240234375,
17065500,12.044830322265625,
17074500,11.44322967529296875,
17083500,18.033477783203125,
17092500,15.31264495849609375,
17101500,13.86159515380859375,
17110500,14.17116546630859375,
17119500,14.6303558349609375,
17128500,15.37786102294921875,
17137500,13.38993072509765625,
17146500,12.332977294921875,
17155500,16.81162261962890625,
17164500,16.532440185546875,
17173500,18.45934295654296875,
17182500,18.453338623046875,
17191500,13.6641998291015625,
17200500,13.6787261962890625,
17209500,13.597625732421875,
17218500,13.40756988525390625,
17227500,13.55908966064453125,
17236500,10.98850250244140625,
17245500,14.2572174072265625,
17254500,12.163330078125,
17263500,16.97130584716796875,
17272500,18.3781890869140625,
17281500,13.1815032958984375,
17290500,13.1973419189453125,
17299500,11.00930023193359375,
17308500,11.2513275146484375,
17317500,14.14612579345703125,
17326500,13.96947479248046875,
17335500,14.6119232177734375,
17344500,13.4571075439453125,
17353500,14.833648681640625,
17362500,17.61490631103515625,
17371500,11.77068328857421875,
17380500,12.72565460205078125,
17389500,15.22845458984375,
17398500,13.9234771728515625,
17407500,15.55743408203125,
17416500,15.497772216796875,
17425500,12.66693115234375,
17434500,13.71901702880859375,
17443500,14.1471099853515625,
17452500,19.3599395751953125,
17461500,16.62740325927734375,
17470500,14.05572509765625,
17479500,14.469146728515625,
17488500,13.9776458740234375,
17497500,11.8736114501953125,
17506500,11.132965087890625,
17515500,11.73199462890625,
17524500,12.1720733642578125,
17533500,14.7762603759765625,
17542500,18.6241302490234375,
17551500,16.14012908935546875,
17560500,16.01929473876953125,
17569500,13.34363555908203125,
17578500,13.13246917724609375,
17587500,13.58780670166015625,
17596500,13.6065826416015625,
17605500,15.45607757568359375,
17614500,13.85858917236328125,
17623500,13.8682861328125,
17632500,19.49886322021484375,
17641500,15.69689178466796875,
17650500,14.79549407958984375,
17659500,13.54528045654296875,
17668500,13.35832977294921875,
17677500,15.007720947265625,
17686500,17.74103546142578125,
17695500,18.6224822998046875,
17704500,13.774322509765625,
17713500,12.29443359375,
17722500,18.05849456787109375,
17731500,17.19708251953125,
17740500,12.5845489501953125,
17749500,14.22255706787109375,
17758500,12.74852752685546875,
17767500,13.45763397216796875,
17776500,13.6579132080078125,
17785500,10.89685821533203125,
17794500,12.32779693603515625,
17803500,14.63695526123046875,
17812500,15.77227020263671875,
17821500,16.750823974609375,
17830500,13.34479522705078125,
17839500,11.9842071533203125,
17848500,12.3734893798828125,
17857500,12.34930419921875,
17866500,13.8756103515625,
17875500,13.28923797607421875,
17884500,12.67432403564453125,
17893500,13.6395111083984375,
17902500,14.30971527099609375,
17911500,14.8608856201171875,
17920500,12.97008514404296875,
17929500,12.90779876708984375,
17938500,15.80211639404296875,
17947500,13.53740692138671875,
17956500,21.0101318359375,
17965500,16.10595703125,
17974500,12.5128631591796875,
17983500,12.7942657470703125,
17992500,11.68579864501953125,
18001500,17.2171630859375,
18010500,11.94339752197265625,
18019500,12.21891021728515625,
18028500,14.0117034912109375,
18037500,12.04232025146484375,
18046500,13.2225494384765625,
18055500,10.741180419921875,
18064500,12.9189453125,
18073500,10.43143463134765625,
18082500,12.05197906494140625,
18091500,19.0205230712890625,
18100500,12.91471099853515625,
18109500,12.96132659912109375,
18118500,12.6659393310546875,
18127500,12.6535186767578125,
18136500,12.21355438232421875,
18145500,29.37412261962890625,
18154500,27.93640899658203125,
18163500,10.426910400390625,
18172500,11.65483856201171875,
18181500,18.69171142578125,
18190500,13.75128173828125,
18199500,13.67754364013671875,
18208500,12.11054229736328125,
18217500,11.176666259765625,
18226500,10.270721435546875,
18235500,11.5918121337890625,
18244500,16.28553009033203125,
18253500,11.8360595703125,
18262500,12.7675933837890625,
18271500,16.61835479736328125,
18280500,13.88713836669921875,
18289500,12.9553680419921875,
18298500,12.2867889404296875,
18307500,14.882171630859375,
18316500,11.747528076171875,
18325500,12.89015960693359375,
18334500,12.460723876953125,
18343500,11.24704742431640625,
18352500,22.16230010986328125,
18361500,22.8006744384765625,
18370500,14.4638214111328125,
18379500,11.985992431640625,
18388500,13.0014495849609375,
18397500,12.7454681396484375,
18406500,12.8035125732421875,
18415500,13.0980377197265625,
18424500,11.76152801513671875,
18433500,11.9698028564453125,
18442500,13.40132904052734375,
18451500,11.08361053466796875,
18460500,14.89556884765625,
18469500,13.4441680908203125,
18478500,14.64476776123046875,
18487500,14.52519989013671875,
18496500,11.6596221923828125,
18505500,10.67490386962890625,
18514500,8.59589385986328125,
18523500,10.4707489013671875,
18532500,10.54915618896484375,
18541500,11.71845245361328125,
18550500,15.2138824462890625,
18559500,11.09527587890625,
18568500,11.01296234130859375,
18577500,9.87631988525390625,
18586500,8.3404693603515625,
18595500,12.3535919189453125,
18604500,12.1975250244140625,
18613500,10.9624481201171875,
18622500,10.6604156494140625,
18631500,12.28310394287109375,
18640500,17.8519744873046875,
18649500,11.09474945068359375,
18658500,12.75519561767578125,
18667500,10.713836669921875,
18676500,12.3459930419921875,
18685500,9.9284515380859375,
18694500,11.34677886962890625,
18703500,13.57047271728515625,
18712500,9.21964263916015625,
18721500,10.38086700439453125,
18730500,17.2678070068359375,
18739500,13.349761962890625,
18748500,14.24930572509765625,
18757500,23.0843353271484375,
18766500,12.67572021484375,
18775500,11.914886474609375,
18784500,13.49013519287109375,
18793500,9.461395263671875,
18802500,9.9219818115234375,
18811500,9.41477203369140625,
18820500,13.0773468017578125,
18829500,11.9549560546875,
18838500,11.7569580078125,
18847500,10.1286468505859375,
18856500,11.0186614990234375,
18865500,9.3623046875,
18874500,11.73238372802734375,
18883500,10.48943328857421875,
18892500,11.74480438232421875,
18901500,11.7570343017578125,
18910500,12.2607574462890625,
18919500,10.829254150390625,
18928500,8.6622772216796875,
18937500,11.53851318359375,
18946500,9.6902923583984375,
18955500,16.5716705322265625,
18964500,11.66646575927734375,
18973500,9.263092041015625,
18982500,7.8728790283203125,
18991500,9.09601593017578125,
19000500,10.75177764892578125,
19009500,12.2078704833984375,
19018500,11.14223480224609375,
19027500,9.4426116943359375,
19036500,9.580841064453125,
19045500,9.46033477783203125,
19054500,9.7164306640625,
19063500,9.68756103515625,
19072500,8.6240081787109375,
19081500,11.1241302490234375,
19090500,10.8498077392578125,
19099500,15.5373077392578125,
19108500,11.46179962158203125,
19117500,10.9810333251953125,
19126500,9.7264556884765625,
19135500,11.3110198974609375,
19144500,9.683929443359375,
19153500,17.1767730712890625,
19162500,11.29141998291015625,
19171500,9.6366729736328125,
19180500,10.616058349609375,
19189500,14.75621795654296875,
19198500,10.1568145751953125,
19207500,10.60268402099609375,
19216500,9.75005340576171875,
19225500,10.7050933837890625,
19234500,9.55785369873046875,
19243500,8.89064788818359375,
19252500,9.0706787109375,
19261500,8.40422821044921875,
19270500,9.5381317138671875,
19279500,14.14688873291015625,
19288500,9.8886260986328125,
19297500,8.4548187255859375,
19306500,8.9761505126953125,
19315500,10.000244140625,
19324500,10.36867523193359375,
19333500,9.13854217529296875,
19342500,9.319366455078125,
19351500,9.55127716064453125,
19360500,7.57466888427734375,
19369500,10.8009490966796875,
19378500,10.6098480224609375,
19387500,10.8865203857421875,
19396500,10.15679168701171875,
19405500,11.17244720458984375,
19414500,8.9594879150390625,
19423500,8.4445648193359375,
19432500,9.33161163330078125,
19441500,10.1044921875,
19450500,8.71341705322265625,
19459500,11.753631591796875,
19468500,11.23696136474609375,
19477500,9.89670562744140625,
19486500,10.1974029541015625,
19495500,10.55910491943359375,
19504500,10.24950408935546875,
19513500,11.6981201171875,
19522500,8.8653106689453125,
19531500,10.9408111572265625,
19540500,8.26291656494140625,
19549500,20.61472320556640625,
19558500,22.7174835205078125,
19567500,9.33257293701171875,
19576500,9.63326263427734375,
19585500,9.7935028076171875,
19594500,10.10433197021484375,
19603500,9.34438323974609375,
19612500,8.94219207763671875,
19621500,9.882659912109375,
19630500,10.16213226318359375,
19639500,11.84229278564453125,
19648500,11.5779571533203125,
19657500,9.28627777099609375,
19666500,7.69202423095703125,
19675500,10.2915802001953125,
19684500,11.51522064208984375,
19693500,10.93231201171875,
19702500,11.99617767333984375,
19711500,11.56299591064453125,
19720500,11.25942230224609375,
19729500,9.8854827880859375,
19738500,10.81096649169921875,
19747500,9.79595184326171875,
19756500,9.0347900390625,
19765500,8.54113006591796875,
19774500,10.24378204345703125,
19783500,8.83350372314453125,
19792500,9.81524658203125,
19801500,11.55646514892578125,
19810500,10.1567230224609375,
19819500,11.3568572998046875,
19828500,13.45246124267578125,
19837500,10.28009796142578125,
19846500,8.32144927978515625,
19855500,10.31522369384765625,
19864500,12.0171356201171875,
19873500,11.96662139892578125,
19882500,10.19441986083984375,
19891500,10.20423126220703125,
19900500,12.52014923095703125,
19909500,11.49164581298828125,
19918500,11.1244659423828125,
19927500,11.871246337890625,
19936500,10.5858917236328125,
19945500,14.3863372802734375,
19954500,25.70672607421875,
19963500,13.29181671142578125,
19972500,10.31639862060546875,
19981500,11.9232025146484375,
19990500,12.3865814208984375,
19999500,12.75543212890625,
20008500,14.24924468994140625,
20017500,13.92122650146484375,
20026500,10.068023681640625,
20035500,11.4643707275390625,
20044500,11.53070831298828125,
20053500,9.4157867431640625,
20062500,10.3857879638671875,
20071500,9.50386810302734375,
20080500,11.73508453369140625,
20089500,12.98078155517578125,
20098500,12.19023895263671875,
20107500,13.0789031982421875,
20116500,11.3345184326171875,
20125500,10.38333892822265625,
20134500,11.45400238037109375,
20143500,12.662689208984375,
20152500,12.6490478515625,
20161500,11.441619873046875,
20170500,12.55853271484375,
20179500,13.60474395751953125,
20188500,14.63277435302734375,
20197500,17.10349273681640625,
20206500,14.94345855712890625,
20215500,15.58184814453125,
20224500,15.105438232421875,
20233500,12.538360595703125,
20242500,14.23726654052734375,
20251500,13.3325042724609375,
20260500,15.6737060546875,
20269500,14.43364715576171875,
20278500,11.9961395263671875,
20287500,13.38018035888671875,
20296500,12.7620849609375,
20305500,12.720977783203125,
20314500,14.98412322998046875,
20323500,14.5686798095703125,
20332500,15.51842498779296875,
20341500,15.696258544921875,
20350500,21.9726409912109375,
20359500,18.9665069580078125,
20368500,13.34667205810546875,
20377500,14.92063140869140625,
20386500,14.2217559814453125,
20395500,14.7300872802734375,
20404500,16.520050048828125,
20413500,16.2381591796875,
20422500,15.08716583251953125,
20431500,16.5505523681640625,
20440500,17.6921844482421875,
20449500,17.28905487060546875,
20458500,17.838226318359375,
20467500,16.40950775146484375,
20476500,16.09371185302734375,
20485500,16.2243804931640625,
20494500,14.51601409912109375,
20503500,17.22858428955078125,
20512500,16.00580596923828125,
20521500,15.7666015625,
20530500,18.76442718505859375,
20539500,16.412628173828125,
20548500,16.53340911865234375,
20557500,16.858612060546875,
20566500,15.95685577392578125,
20575500,17.10701751708984375,
20584500,16.37960052490234375,
20593500,15.724517822265625,
20602500,16.09255218505859375,
20611500,16.89286041259765625,
20620500,18.22974395751953125,
20629500,18.35870361328125,
20638500,16.3016815185546875,
20647500,16.941436767578125,
20656500,17.28020477294921875,
20665500,17.891998291015625,
20674500,17.88126373291015625,
20683500,18.3349151611328125,
20692500,17.865631103515625,
20701500,15.99321746826171875,
20710500,17.9330902099609375,
20719500,16.24138641357421875,
20728500,17.7936859130859375,
20737500,17.53458404541015625,
20746500,22.35857391357421875,
20755500,25.4121246337890625,
20764500,15.540191650390625,
20773500,15.17292022705078125,
20782500,16.17098236083984375,
20791500,16.75127410888671875,
20800500,18.02175140380859375,
20809500,19.88230133056640625,
20818500,14.45552825927734375,
20827500,15.11185455322265625,
20836500,17.48537445068359375,
20845500,17.96430206298828125,
20854500,17.63552093505859375,
20863500,17.6818695068359375,
20872500,20.340484619140625,
20881500,17.14836883544921875,
20890500,17.189605712890625,
20899500,15.568939208984375,
20908500,16.615997314453125,
20917500,17.02220916748046875,
20926500,17.65035247802734375,
20935500,19.15528106689453125,
20944500,17.41634368896484375,
20953500,14.7526702880859375,
20962500,14.886566162109375,
20971500,17.9153594970703125,
20980500,18.2211761474609375,
20989500,17.9107666015625,
20998500,17.39727783203125,
21007500,18.1709136962890625,
21016500,18.3629608154296875,
21025500,16.9509735107421875,
21034500,17.3684234619140625,
21043500,19.8261566162109375,
21052500,20.27681732177734375,
21061500,20.1014862060546875,
21070500,19.960906982421875,
21079500,15.42057037353515625,
21088500,17.64830780029296875,
21097500,19.63298797607421875,
21106500,21.006744384765625,
21115500,19.92285919189453125,
21124500,20.58969879150390625,
21133500,16.244720458984375,
21142500,19.72013092041015625,
21151500,29.998992919921875,
21160500,19.49546051025390625,
21169500,17.8945159912109375,
21178500,18.87499237060546875,
21187500,20.72185516357421875,
21196500,21.10363006591796875,
21205500,18.5864410400390625,
21214500,15.8318939208984375,
21223500,16.73797607421875,
21232500,19.580352783203125,
21241500,20.52411651611328125,
21250500,19.981964111328125,
21259500,17.372467041015625,
21268500,17.24930572509765625,
21277500,19.4079742431640625,
21286500,19.9681854248046875,
21295500,17.15671539306640625,
21304500,17.69622039794921875,
21313500,18.37645721435546875,
21322500,19.17299652099609375,
21331500,20.52405548095703125,
21340500,17.68047332763671875,
21349500,18.480865478515625,
21358500,18.23844146728515625,
21367500,21.33069610595703125,
21376500,20.41262054443359375,
21385500,18.68518829345703125,
21394500,16.32985687255859375,
21403500,18.2726898193359375,
21412500,19.38004302978515625,
21421500,18.6091766357421875,
21430500,18.33914947509765625,
21439500,18.73287200927734375,
21448500,18.67555999755859375,
21457500,20.72637939453125,
21466500,20.88526153564453125,
21475500,17.9311981201171875,
21484500,18.60881805419921875,
21493500,17.8024749755859375,
21502500,19.0438232421875,
21511500,18.97614288330078125,
21520500,15.40106201171875,
21529500,17.42755126953125,
21538500,18.611480712890625,
21547500,26.26116943359375,
21556500,24.02545928955078125,
21565500,17.95892333984375,
21574500,17.33392333984375,
21583500,18.43181610107421875,
21592500,19.63574981689453125,
21601500,14.73925018310546875,
21610500,17.28691864013671875,
21619500,17.3870849609375,
21628500,17.41661834716796875,
21637500,17.602447509765625,
21646500,16.51705169677734375,
21655500,17.36714935302734375,
21664500,20.09732818603515625,
21673500,20.16654205322265625,
21682500,18.3020477294921875,
21691500,18.79331207275390625,
21700500,18.07511138916015625,
21709500,19.1025848388671875,
21718500,19.0614013671875,
21727500,19.4721527099609375,
21736500,18.022705078125,
21745500,19.56839752197265625,
21754500,19.706085205078125,
21763500,17.9184417724609375,
21772500,18.51551055908203125,
21781500,18.4142303466796875,
21790500,19.010162353515625,
21799500,20.0288543701171875,
21808500,18.28029632568359375,
21817500,16.97222137451171875,
21826500,18.97350311279296875,
21835500,20.70746612548828125,
21844500,23.40630340576171875,
21853500,21.00643157958984375,
21862500,20.41287994384765625,
21871500,20.226531982421875,
21880500,20.62401580810546875,
21889500,18.25180816650390625,
21898500,19.319610595703125,
21907500,20.2770233154296875,
21916500,20.59161376953125,
21925500,19.4925994873046875,
21934500,18.83692169189453125,
21943500,21.0080718994140625,
21952500,24.4588775634765625,
21961500,20.66239166259765625,
21970500,19.08437347412109375,
21979500,20.178253173828125,
21988500,21.37401580810546875,
21997500,21.2071075439453125,
22006500,20.82891845703125,
22015500,20.20479583740234375,
22024500,21.2738800048828125,
22033500,24.12450408935546875,
22042500,21.91493988037109375,
22051500,19.31366729736328125,
22060500,21.2439727783203125,
22069500,21.487152099609375,
22078500,21.51207733154296875,
22087500,20.17671966552734375,
22096500,20.8756256103515625,
22105500,20.58019256591796875,
22114500,21.39127349853515625,
22123500,22.9189453125,
22132500,20.82613372802734375,
22141500,19.0885009765625,
22150500,19.740570068359375,
22159500,21.0292816162109375,
22168500,19.1661376953125,
22177500,21.2433624267578125,
22186500,18.365203857421875,
22195500,20.04070281982421875,
22204500,21.9905548095703125,
22213500,21.96347808837890625,
22222500,19.323516845703125,
22231500,19.56036376953125,
22240500,19.835205078125,
22249500,22.21840667724609375,
22258500,22.7188873291015625,
22267500,19.5453643798828125,
22276500,22.60125732421875,
22285500,21.55236053466796875,
22294500,22.80719757080078125,
22303500,22.092681884765625,
22312500,20.618438720703125,
22321500,21.6835784912109375,
22330500,22.8424530029296875,
22339500,23.27167510986328125,
22348500,30.64638519287109375,
22357500,22.5567779541015625,
22366500,19.893402099609375,
22375500,21.83725738525390625,
22384500,21.576751708984375,
22393500,20.9523468017578125,
22402500,24.40073394775390625,
22411500,21.06449127197265625,
22420500,20.11635589599609375,
22429500,21.264556884765625,
22438500,21.7150115966796875,
22447500,20.5933074951171875,
22456500,20.94890594482421875,
22465500,21.2998504638671875,
22474500,20.970367431640625,
22483500,20.38232421875,
22492500,22.54473114013671875,
22501500,21.7805938720703125,
22510500,23.7611541748046875,
22519500,20.53543853759765625,
22528500,20.34722900390625,
22537500,20.302947998046875,
22546500,19.91930389404296875,
22555500,22.9578399658203125,
22564500,22.389404296875,
22573500,22.1138153076171875,
22582500,25.71295166015625,
22591500,23.55461883544921875,
22600500,22.01338958740234375,
22609500,22.93239593505859375,
22618500,20.73954010009765625,
22627500,21.5141448974609375,
22636500,23.48679351806640625,
22645500,23.08301544189453125,
22654500,23.87824249267578125,
22663500,23.28733062744140625,
22672500,25.10604095458984375,
22681500,24.0025482177734375,
22690500,23.99718475341796875,
22699500,20.89682769775390625,
22708500,22.62363433837890625,
22717500,23.35369110107421875,
22726500,24.70361328125,
22735500,24.73261260986328125,
22744500,32.6272430419921875,
22753500,30.5551300048828125,
22762500,25.08205413818359375,
22771500,27.23738861083984375,
22780500,23.09749603271484375,
22789500,22.13555145263671875,
22798500,23.91060638427734375,
22807500,24.4822845458984375,
22816500,29.30564117431640625,
22825500,25.99187469482421875,
22834500,23.33969879150390625,
22843500,21.8598785400390625,
22852500,21.619110107421875,
22861500,23.9158172607421875,
22870500,22.52587890625,
22879500,22.63883209228515625,
22888500,20.34980010986328125,
22897500,20.279510498046875,
22906500,21.6378326416015625,
22915500,22.13761138916015625,
22924500,22.68310546875,
22933500,20.40146636962890625,
22942500,20.83477020263671875,
22951500,29.70513916015625,
22960500,23.05884552001953125,
22969500,23.57044219970703125,
22978500,23.63275909423828125,
22987500,22.33112335205078125,
22996500,21.47768402099609375,
23005500,23.24716949462890625,
23014500,23.11106109619140625,
23023500,23.77741241455078125,
23032500,22.69242095947265625,
23041500,24.659149169921875,
23050500,22.25800323486328125,
23059500,23.5916595458984375,
23068500,24.2105560302734375,
23077500,22.2592010498046875,
23086500,21.94934844970703125,
23095500,22.2897186279296875,
23104500,19.30216217041015625,
23113500,18.8397674560546875,
23122500,21.446624755859375,
23131500,24.40711212158203125,
23140500,26.43737030029296875,
23149500,29.81119537353515625,
23158500,19.56024932861328125,
23167500,20.62119293212890625,
23176500,23.355255126953125,
23185500,21.48085784912109375,
23194500,22.95618438720703125,
23203500,21.12923431396484375,
23212500,20.8852081298828125,
23221500,22.32357025146484375,
23230500,23.42201995849609375,
23239500,19.91934967041015625,
23248500,20.587158203125,
23257500,19.73108673095703125,
23266500,19.2771148681640625,
23275500,22.48929595947265625,
23284500,22.8287200927734375,
23293500,26.17670440673828125,
23302500,27.0498809814453125,
23311500,26.50400543212890625,
23320500,29.50084686279296875,
23329500,23.276580810546875,
23338500,20.73210906982421875,
23347500,20.7657623291015625,
23356500,18.9083709716796875,
23365500,18.94683074951171875,
23374500,19.44513702392578125,
23383500,20.03409576416015625,
23392500,20.22086334228515625,
23401500,20.49912261962890625,
23410500,21.8330078125,
23419500,19.67433929443359375,
23428500,18.92069244384765625,
23437500,19.1766815185546875,
23446500,18.9506988525390625,
23455500,19.239898681640625,
23464500,19.78142547607421875,
23473500,17.469970703125,
23482500,21.59595489501953125,
23491500,19.86788177490234375,
23500500,24.8114166259765625,
23509500,24.789886474609375,
23518500,20.10382843017578125,
23527500,19.9718780517578125,
23536500,20.53763580322265625,
23545500,29.025665283203125,
23554500,22.46795654296875,
23563500,19.45049285888671875,
23572500,20.51248931884765625,
23581500,20.87152099609375,
23590500,19.8838043212890625,
23599500,21.1482696533203125,
23608500,20.47472381591796875,
23617500,20.2635955810546875,
23626500,19.9633636474609375,
23635500,21.250152587890625,
23644500,22.0408935546875,
23653500,19.39110565185546875,
23662500,19.26236724853515625,
23671500,19.7555389404296875,
23680500,21.6373443603515625,
23689500,23.27397918701171875,
23698500,19.15655517578125,
23707500,19.9737396240234375,
23716500,18.230560302734375,
23725500,20.119476318359375,
23734500,19.3805694580078125,
23743500,17.70615386962890625,
23752500,19.69388580322265625,
23761500,18.87347412109375,
23770500,21.79926300048828125,
23779500,24.5179443359375,
23788500,22.815673828125,
23797500,21.4325714111328125,
23806500,22.03093719482421875,
23815500,19.871368408203125,
23824500,19.5987548828125,
23833500,19.54457855224609375,
23842500,19.63027191162109375,
23851500,17.6668853759765625,
23860500,17.3679656982421875,
23869500,26.20145416259765625,
23878500,22.27573394775390625,
23887500,21.47821807861328125,
23896500,20.13152313232421875,
23905500,18.2996063232421875,
23914500,20.47246551513671875,
23923500,20.31878662109375,
23932500,17.99184417724609375,
23941500,27.9990692138671875,
23950500,27.23395538330078125,
23959500,21.1119842529296875,
23968500,20.60507965087890625,
23977500,18.54254150390625,
23986500,18.77127838134765625,
23995500,22.2216796875,
24004500,25.55635833740234375,
24013500,17.91082763671875,
24022500,19.5353546142578125,
24031500,19.9680023193359375,
24040500,18.80644989013671875,
24049500,21.26629638671875,
24058500,22.73867034912109375,
24067500,19.543365478515625,
24076500,19.91936492919921875,
24085500,17.1265869140625,
24094500,19.21283721923828125,
24103500,18.3460540771484375,
24112500,18.0812225341796875,
24121500,18.5081024169921875,
24130500,21.4538421630859375,
24139500,20.54680633544921875,
24148500,22.41595458984375,
24157500,20.25930023193359375,
24166500,19.46856689453125,
24175500,19.22109222412109375,
24184500,19.02690887451171875,
24193500,19.29395294189453125,
24202500,19.98171234130859375,
24211500,20.2733306884765625,
24220500,19.06084442138671875,
24229500,19.16753387451171875,
24238500,24.7480316162109375,
24247500,20.514556884765625,
24256500,20.95397186279296875,
24265500,21.34723663330078125,
24274500,21.070159912109375,
24283500,21.552398681640625,
24292500,19.22531890869140625,
24301500,18.6460113525390625,
24310500,18.66428375244140625,
24319500,19.54276275634765625,
24328500,19.49459075927734375,
24337500,24.92819976806640625,
24346500,31.08692169189453125,
24355500,20.3534088134765625,
24364500,20.26605224609375,
24373500,18.16878509521484375,
24382500,16.3477020263671875,
24391500,18.22980499267578125,
24400500,18.883544921875,
24409500,18.72789764404296875,
24418500,22.53604888916015625,
24427500,20.82877349853515625,
24436500,16.77602386474609375,
24445500,17.65714263916015625,
24454500,17.66707611083984375,
24463500,18.49248504638671875,
24472500,16.26457977294921875,
24481500,16.44011688232421875,
24490500,20.42775726318359375,
24499500,19.36737060546875,
24508500,17.74811553955078125,
24517500,18.10712432861328125,
24526500,14.22829437255859375,
24535500,17.89040374755859375,
24544500,18.8777008056640625,
24553500,18.13059234619140625,
24562500,15.47899627685546875,
24571500,16.03192901611328125,
24580500,17.22765350341796875,
24589500,17.9993133544921875,
24598500,18.677520751953125,
24607500,19.2498931884765625,
24616500,14.83935546875,
24625500,15.30300140380859375,
24634500,14.5386199951171875,
24643500,15.10845184326171875,
24652500,14.21057891845703125,
24661500,15.030517578125,
24670500,18.2609405517578125,
24679500,16.4404144287109375,
24688500,14.51428985595703125,
24697500,18.1851806640625,
24706500,18.96807098388671875,
24715500,17.91013336181640625,
24724500,15.76016998291015625,
24733500,16.7224273681640625,
24742500,27.7784271240234375,
24751500,22.28307342529296875,
24760500,16.96962738037109375,
24769500,18.26131439208984375,
24778500,18.758148193359375,
24787500,18.74910736083984375,
24796500,16.3209991455078125,
24805500,13.53287506103515625,
24814500,14.2106781005859375,
24823500,15.94445037841796875,
24832500,14.79657745361328125,
24841500,13.9569549560546875,
24850500,15.73081207275390625,
24859500,16.05600738525390625,
24868500,14.5516815185546875,
24877500,16.15735626220703125,
24886500,17.00321197509765625,
24895500,15.56396484375,
24904500,15.752777099609375,
24913500,14.42632293701171875,
24922500,13.74346923828125,
24931500,16.69304656982421875,
24940500,15.76519775390625,
24949500,15.13654327392578125,
24958500,16.38753509521484375,
24967500,17.424896240234375,
24976500,19.6266326904296875,
24985500,16.5141143798828125,
24994500,14.1370391845703125,
25003500,15.19390106201171875,
25012500,15.63243865966796875,
25021500,14.42900848388671875,
25030500,16.41953277587890625,
25039500,15.06768035888671875,
25048500,15.6695098876953125,
25057500,14.86417388916015625,
25066500,15.83385467529296875,
25075500,16.53519439697265625,
25084500,15.1299591064453125,
25093500,15.39963531494140625,
25102500,17.267669677734375,
25111500,16.4386138916015625,
25120500,13.44110870361328125,
25129500,15.95322418212890625,
25138500,22.91970062255859375,
25147500,23.0355224609375,
25156500,17.99013519287109375,
25165500,14.55878448486328125,
25174500,13.17629241943359375,
25183500,15.37203216552734375,
25192500,13.31893157958984375,
25201500,13.9684295654296875,
25210500,17.29378509521484375,
25219500,16.12374114990234375,
25228500,15.18668365478515625,
25237500,16.2548675537109375,
25246500,16.86794281005859375,
25255500,14.0030517578125,
25264500,13.90872955322265625,
25273500,14.0133056640625,
25282500,15.9577484130859375,
25291500,15.2095794677734375,
25300500,11.78939056396484375,
25309500,14.15570068359375,
25318500,16.050201416015625,
25327500,13.26348876953125,
25336500,16.38448333740234375,
25345500,18.0142822265625,
25354500,14.2675323486328125,
25363500,13.6545867919921875,
25372500,11.7940216064453125,
25381500,12.57228851318359375,
25390500,12.7093963623046875,
25399500,11.65880584716796875,
25408500,14.3296661376953125,
25417500,13.24126434326171875,
25426500,13.800445556640625,
25435500,11.75450897216796875,
25444500,14.22335052490234375,
25453500,13.41202545166015625,
25462500,14.22232818603515625,
25471500,13.92600250244140625,
25480500,10.82422637939453125,
25489500,15.61603546142578125,
25498500,13.04232025146484375,
25507500,11.75827789306640625,
25516500,11.82381439208984375,
25525500,13.54859161376953125,
25534500,16.96723175048828125,
25543500,25.09136199951171875,
25552500,14.374908447265625,
25561500,11.2736358642578125,
25570500,12.36248016357421875,
25579500,12.39206695556640625,
25588500,13.96208953857421875,
25597500,13.680206298828125,
25606500,13.49532318115234375,
25615500,14.09603118896484375,
25624500,13.3168792724609375,
25633500,11.77507781982421875,
25642500,12.42038726806640625,
25651500,13.8351898193359375,
25660500,12.0445404052734375,
25669500,12.15976715087890625,
25678500,13.59589385986328125,
25687500,12.4485931396484375,
25696500,11.49367523193359375,
25705500,15.8422393798828125,
25714500,16.657684326171875,
25723500,15.78066253662109375,
25732500,11.264129638671875,
25741500,13.542266845703125,
25750500,11.421051025390625,
25759500,11.28392791748046875,
25768500,13.09250640869140625,
25777500,13.5789947509765625,
25786500,11.36461639404296875,
25795500,10.48058319091796875,
25804500,8.92929840087890625,
25813500,9.41637420654296875,
25822500,10.18218994140625,
25831500,13.586578369140625,
25840500,12.193817138671875,
25849500,13.91728973388671875,
25858500,13.26578521728515625,
25867500,10.25083160400390625,
25876500,12.2508697509765625,
25885500,11.5597686767578125,
25894500,13.59090423583984375,
25903500,10.869415283203125,
25912500,10.19649505615234375,
25921500,12.8035888671875,
25930500,14.0227203369140625,
25939500,23.5496978759765625,
25948500,18.3753814697265625,
25957500,17.129608154296875,
25966500,12.00278472900390625,
25975500,11.062957763671875,
25984500,11.50238800048828125,
25993500,11.4801483154296875,
26002500,14.15160369873046875,
26011500,13.93645477294921875,
26020500,16.19722747802734375,
26029500,11.0455169677734375,
26038500,8.27504730224609375,
26047500,12.45682525634765625,
26056500,15.79457855224609375,
26065500,12.32256317138671875,
26074500,14.1783294677734375,
26083500,11.85417938232421875,
26092500,10.17841339111328125,
26101500,12.90097808837890625,
26110500,11.02468109130859375,
26119500,8.25170135498046875,
26128500,12.3679962158203125,
26137500,10.34691619873046875,
26146500,10.26366424560546875,
26155500,10.03662109375,
26164500,10.6334075927734375,
26173500,10.93251800537109375,
26182500,11.35105133056640625,
26191500,12.43756103515625,
26200500,14.7724456787109375,
26209500,11.78594207763671875,
26218500,10.3455810546875,
26227500,10.50531005859375,
26236500,11.0710296630859375,
26245500,12.21341705322265625,
26254500,12.309600830078125,
26263500,13.08152008056640625,
26272500,9.11743927001953125,
26281500,10.6910400390625,
26290500,12.6448974609375,
26299500,9.16817474365234375,
26308500,10.8871612548828125,
26317500,9.50868988037109375,
26326500,10.23651885986328125,
26335500,18.72768402099609375,
26344500,19.3481597900390625,
26353500,12.42047119140625,
26362500,13.90003204345703125,
26371500,10.5323486328125,
26380500,10.673553466796875,
26389500,8.176727294921875,
26398500,11.80435943603515625,
26407500,12.22478485107421875,
26416500,12.9648590087890625,
26425500,9.1169586181640625,
26434500,6.41876983642578125,
26443500,10.11638641357421875,
26452500,10.8338623046875,
26461500,10.42057037353515625,
26470500,10.44020843505859375,
26479500,10.50873565673828125,
26488500,11.7447662353515625,
26497500,11.44829559326171875,
26506500,10.10272979736328125,
26515500,10.74300384521484375,
26524500,10.68628692626953125,
26533500,11.146636962890625,
26542500,9.36785888671875,
26551500,10.9176177978515625,
26560500,10.69348907470703125,
26569500,11.22737884521484375,
26578500,10.083099365234375,
26587500,13.6805419921875,
26596500,10.2451019287109375,
26605500,9.7633514404296875,
26614500,12.40857696533203125,
26623500,12.27925872802734375,
26632500,9.0057525634765625,
26641500,8.73619842529296875,
26650500,8.199127197265625,
26659500,12.58081817626953125,
26668500,11.8197784423828125,
26677500,11.13048553466796875,
26686500,12.59552764892578125,
26695500,10.00518035888671875,
26704500,11.0454254150390625,
26713500,9.973114013671875,
26722500,10.27620697021484375,
26731500,9.875579833984375,
26740500,19.274810791015625,
26749500,9.516387939453125,
26758500,8.41880035400390625,
26767500,9.20636749267578125,
26776500,10.0480194091796875,
26785500,11.16717529296875,
26794500,9.7779083251953125,
26803500,9.92418670654296875,
26812500,11.7299346923828125,
26821500,13.5937042236328125,
26830500,10.6925811767578125,
26839500,9.3974761962890625,
26848500,9.64261627197265625,
26857500,11.904083251953125,
26866500,12.066650390625,
26875500,10.88381195068359375,
26884500,9.113525390625,
26893500,6.6716156005859375,
26902500,9.8507080078125,
26911500,9.24057769775390625,
26920500,9.56874847412109375,
26929500,7.67090606689453125,
26938500,9.77960968017578125,
26947500,8.121185302734375,
26956500,9.4412994384765625,
26965500,12.9894256591796875,
26974500,7.743988037109375,
26983500,6.96527099609375,
26992500,11.13177490234375,
27001500,11.9501800537109375,
27010500,10.9163818359375,
27019500,10.701019287109375,
27028500,7.1795806884765625,
27037500,7.25054168701171875,
27046500,9.10433197021484375,
27055500,9.46767425537109375,
27064500,9.239776611328125,
27073500,8.541259765625,
27082500,9.88124847412109375,
27091500,11.5233001708984375,
27100500,9.8136749267578125,
27109500,9.91717529296875,
27118500,10.91696929931640625,
27127500,11.2033233642578125,
27136500,19.201873779296875,
27145500,17.16846466064453125,
27154500,13.06218719482421875,
27163500,15.0646820068359375,
27172500,11.9881134033203125,
27181500,11.057586669921875,
27190500,9.3843994140625,
27199500,10.93824005126953125,
27208500,13.29119110107421875,
27217500,10.64202117919921875,
27226500,12.7017364501953125,
27235500,11.64270782470703125,
27244500,11.3626708984375,
27253500,8.7080230712890625,
27262500,11.51589202880859375,
27271500,13.08535003662109375,
27280500,10.12933349609375,
27289500,10.9890899658203125,
27298500,11.8583831787109375,
27307500,10.548095703125,
27316500,8.97209930419921875,
27325500,9.8329620361328125,
27334500,9.76016998291015625,
27343500,11.04926300048828125,
27352500,9.871612548828125,
27361500,10.045867919921875,
27370500,10.16176605224609375,
27379500,8.21504974365234375,
27388500,10.68389892578125,
27397500,10.5882110595703125,
27406500,6.72443389892578125,
27415500,9.87200164794921875,
27424500,13.113555908203125,
27433500,10.21715545654296875,
27442500,11.99333953857421875,
27451500,11.43933868408203125,
27460500,10.30925750732421875,
27469500,9.5882720947265625,
27478500,9.30730438232421875,
27487500,9.2557373046875,
27496500,8.78711700439453125,
27505500,9.551849365234375,
27514500,11.76853179931640625,
27523500,6.5713958740234375,
27532500,16.02978515625,
27541500,19.479217529296875,
27550500,8.59241485595703125,
27559500,12.41530609130859375,
27568500,13.8968353271484375,
27577500,9.5637054443359375,
27586500,10.031402587890625,
27595500,8.98291015625,
27604500,10.35016632080078125,
27613500,10.27248382568359375,
27622500,8.88842010498046875,
27631500,11.3447418212890625,
27640500,9.4371185302734375,
27649500,7.15962982177734375,
27658500,7.96515655517578125,
27667500,8.9625701904296875,
27676500,10.774261474609375,
27685500,8.86238861083984375,
27694500,11.21411895751953125,
27703500,10.0844573974609375,
27712500,10.5406036376953125,
27721500,7.1220245361328125,
27730500,9.31569671630859375,
27739500,5.686126708984375,
27748500,9.9071502685546875,
27757500,10.3771820068359375,
27766500,8.62148284912109375,
27775500,8.1945648193359375,
27784500,8.86595916748046875,
27793500,10.45322418212890625,
27802500,9.57879638671875,
27811500,8.90125274658203125,
27820500,11.61191558837890625,
27829500,10.53936767578125,
27838500,8.33419036865234375,
27847500,7.0478668212890625,
27856500,7.935302734375,
27865500,8.58602142333984375,
27874500,11.47904205322265625,
27883500,8.9001312255859375,
27892500,10.8342132568359375,
27901500,9.1797637939453125,
27910500,11.37142181396484375,
27919500,10.7584991455078125,
27928500,10.683563232421875,
27937500,18.38507843017578125,
27946500,10.22299957275390625,
27955500,10.3617095947265625,
27964500,7.98497772216796875,
27973500,10.7071533203125,
27982500,9.1146392822265625,
27991500,7.54091644287109375,
28000500,12.0094757080078125,
28009500,10.09998321533203125,
28018500,10.76190948486328125,
28027500,10.714752197265625,
28036500,10.36447906494140625,
28045500,8.7047271728515625,
28054500,7.62713623046875,
28063500,9.3901519775390625,
28072500,8.80844879150390625,
28081500,10.18659210205078125,
28090500,8.087249755859375,
28099500,8.77402496337890625,
28108500,7.3333587646484375,
28117500,8.51479339599609375,
28126500,8.09323883056640625,
28135500,8.554718017578125,
28144500,7.5768585205078125,
28153500,9.121826171875,
28162500,7.7067108154296875,
28171500,10.9842987060546875,
28180500,12.610748291015625,
28189500,10.3360595703125,
28198500,7.1209564208984375,
28207500,8.5966949462890625,
28216500,11.08982086181640625,
28225500,10.96068572998046875,
28234500,8.78147125244140625,
28243500,10.12639617919921875,
28252500,8.39263153076171875,
28261500,8.06542205810546875,
28270500,10.06584930419921875,
28279500,9.4142913818359375,
28288500,10.11205291748046875,
28297500,10.19495391845703125,
28306500,8.2015533447265625,
28315500,11.44683074951171875,
28324500,9.92740631103515625,
28333500,19.05684661865234375,
28342500,16.644805908203125,
28351500,10.74269866943359375,
28360500,10.2939605712890625,
28369500,11.4391632080078125,
28378500,8.0859832763671875,
28387500,8.2139129638671875,
28396500,8.20721435546875,
28405500,8.67754364013671875,
28414500,11.49111175537109375,
28423500,11.73584747314453125,
28432500,9.92897796630859375,
28441500,8.69808197021484375,
28450500,8.4552154541015625,
28459500,9.28209686279296875,
28468500,6.524200439453125,
28477500,11.42983245849609375,
28486500,12.18982696533203125,
28495500,10.39157867431640625,
28504500,10.434478759765625,
28513500,10.0870208740234375,
28522500,10.399383544921875,
28531500,7.01806640625,
28540500,6.2662811279296875,
28549500,9.04705047607421875,
28558500,12.0159149169921875,
28567500,12.9002838134765625,
28576500,8.821929931640625,
28585500,10.19913482666015625,
28594500,7.46746063232421875,
28603500,6.3188934326171875,
28612500,11.24806976318359375,
28621500,9.83789825439453125,
28630500,10.01036834716796875,
28639500,9.08461761474609375,
28648500,10.287109375,
28657500,7.309356689453125,
28666500,8.0127716064453125,
28675500,9.63730621337890625,
28684500,10.176666259765625,
28693500,12.2084808349609375,
28702500,7.0768890380859375,
28711500,5.87847900390625,
28720500,7.876190185546875,
28729500,15.22655487060546875,
28738500,19.71764373779296875,
28747500,10.82772064208984375,
28756500,10.22418212890625,
28765500,9.54071044921875,
28774500,7.51548004150390625,
28783500,14.58432769775390625,
28792500,9.90790557861328125,
28801500,10.21991729736328125,
28810500,9.6431427001953125,
28819500,8.97391510009765625,
28828500,9.23680877685546875,
28837500,6.75311279296875,
28846500,8.2061920166015625,
28855500,10.126068115234375,
28864500,8.46884918212890625,
28873500,8.91165924072265625,
28882500,8.93418121337890625,
28891500,9.6489105224609375,
28900500,9.6095428466796875,
28909500,8.627899169921875,
28918500,11.184478759765625,
28927500,10.75754547119140625,
28936500,9.488372802734375,
28945500,7.8039093017578125,
28954500,10.758270263671875,
28963500,9.7551422119140625,
28972500,9.21817779541015625,
28981500,11.19925689697265625,
28990500,9.4022674560546875,
28999500,10.70801544189453125,
29008500,8.067596435546875,
29017500,8.682861328125,
29026500,7.11565399169921875,
29035500,7.36211395263671875,
29044500,10.42153167724609375,
29053500,6.936065673828125,
29062500,4.30780792236328125,
29071500,8.796112060546875,
29080500,11.12853240966796875,
29089500,11.5457305908203125,
29098500,10.37604522705078125,
29107500,10.290496826171875,
29116500,11.31673431396484375,
29125500,10.31935882568359375,
29134500,20.88819122314453125,
29143500,11.03986358642578125,
29152500,9.69354248046875,
29161500,11.3713531494140625,
29170500,10.3492431640625,
29179500,8.4178924560546875,
29188500,7.755401611328125,
29197500,8.46018218994140625,
29206500,7.83719635009765625,
29215500,9.16582489013671875,
29224500,11.34494781494140625,
29233500,11.55583953857421875,
29242500,12.3198089599609375,
29251500,8.409637451171875,
29260500,9.86193084716796875,
29269500,7.9931182861328125,
29278500,6.5946197509765625,
29287500,10.61161041259765625,
29296500,8.92797088623046875,
29305500,7.302276611328125,
29314500,9.57498931884765625,
29323500,9.5146484375,
29332500,8.724639892578125,
29341500,9.4403076171875,
29350500,11.54268646240234375,
29359500,9.46480560302734375,
29368500,9.26003265380859375,
29377500,9.74703216552734375,
29386500,12.19365692138671875,
29395500,10.32270050048828125,
29404500,10.63356781005859375,
29413500,11.37115478515625,
29422500,9.567047119140625,
29431500,9.58864593505859375,
29440500,9.90753936767578125,
29449500,8.26519775390625,
29458500,6.273406982421875,
29467500,10.84000396728515625,
29476500,8.1011810302734375,
29485500,10.78443145751953125,
29494500,9.31462860107421875,
29503500,9.208587646484375,
29512500,8.6493988037109375,
29521500,9.0665130615234375,
29530500,16.79563140869140625,
29539500,15.2784271240234375,
29548500,7.173065185546875,
29557500,10.30290985107421875,
29566500,10.34918975830078125,
29575500,8.0120697021484375,
29584500,8.3954315185546875,
29593500,11.372283935546875,
29602500,9.2740631103515625,
29611500,9.45406341552734375,
29620500,8.4529266357421875,
29629500,5.7919921875,
29638500,5.5190887451171875,
29647500,9.7502288818359375,
29656500,10.67999267578125,
29665500,8.578094482421875,
29674500,8.7907257080078125,
29683500,9.8222503662109375,
29692500,13.99152374267578125,
29701500,9.74578857421875,
29710500,9.85230255126953125,
29719500,9.8598480224609375,
29728500,8.795989990234375,
29737500,8.39914703369140625,
29746500,7.58832550048828125,
29755500,9.28090667724609375,
29764500,9.39038848876953125,
29773500,10.6784515380859375,
29782500,8.57781219482421875,
29791500,10.3168182373046875,
29800500,7.1013031005859375,
29809500,6.08666229248046875,
29818500,10.73863983154296875,
29827500,9.10749053955078125,
29836500,12.80941009521484375,
29845500,10.64654541015625,
29854500,7.654022216796875,
29863500,7.78887939453125,
29872500,4.47974395751953125,
29881500,7.6141815185546875,
29890500,8.89885711669921875,
29899500,10.6078338623046875,
29908500,11.8332977294921875,
29917500,7.46954345703125,
29926500,12.0497589111328125,
29935500,18.5851593017578125,
29944500,9.1041717529296875,
29953500,11.48070526123046875,
29962500,9.51087188720703125,
29971500,9.6341705322265625,
29980500,10.5673828125,
29989500,14.855010986328125,
29998500,11.42012786865234375,
Trace,2,
Trace Mode,BLANK,
Trace,3,
Trace Mode,BLANK,
Trace,4,
Trace Mode,BLANK,
Trace,5,
Trace Mode,BLANK,
Trace,6,
Trace Mode,BLANK,
