sep=;
Type;FSVA3013;
Version;1.40;
Date;16.Oct 2023;
Mode;ANALYZER;
Preamplifier;OFF;
Transducer;OFF;
Center Freq;15076500.000000;Hz
Freq Offset;0.000000;Hz
Start;154500.000000;Hz
Stop;29998500.000000;Hz
Span;29844000.000000;Hz
Ref Level;62.000000;dB”V
Level Offset;0.000000;dB
Rf Att;0.000000;dB
El Att;0.000000;dB
RBW;9000.000000;Hz
VBW;100000.000000;Hz
SWT;0.000654;s
Sweep Count;10;
Window;1;Frequency Sweep
Ref Position;100.000000;%
Level Range;100.000000;dB
x-Axis;LIN;
y-Axis;LOG;
x-Unit;Hz;
y-Unit;dB”V;
Trace;1;
Trace Mode;CLR/WRITE;
Detector;RMS;
Values;3317;
154500;24.94153594970703125;
163500;26.02748870849609375;
172500;31.900665283203125;
181500;53.82167816162109375;
190500;62.188564300537109375;
199500;44.5937652587890625;
208500;33.7510986328125;
217500;33.5876922607421875;
226500;37.40557098388671875;
235500;53.414852142333984375;
244500;46.08951568603515625;
253500;25.0790863037109375;
262500;33.6336669921875;
271500;30.561737060546875;
280500;50.215068817138671875;
289500;58.01972198486328125;
298500;34.5522613525390625;
307500;31.47801971435546875;
316500;34.1767578125;
325500;35.14394378662109375;
334500;51.084278106689453125;
343500;37.08864593505859375;
352500;29.60626983642578125;
361500;29.79225921630859375;
370500;28.5611114501953125;
379500;54.3115386962890625;
388500;52.294464111328125;
397500;32.66582489013671875;
406500;27.946075439453125;
415500;27.84581756591796875;
424500;40.35648345947265625;
433500;48.752155303955078125;
442500;29.44147491455078125;
451500;31.47104644775390625;
460500;29.734100341796875;
469500;28.71092987060546875;
478500;47.5142974853515625;
487500;42.29210662841796875;
496500;23.6298980712890625;
505500;29.97339630126953125;
514500;22.89362335205078125;
523500;37.38553619384765625;
532500;39.61353302001953125;
541500;34.78253936767578125;
550500;33.113067626953125;
559500;27.42023468017578125;
568500;30.69121551513671875;
577500;45.959285736083984375;
586500;29.290557861328125;
595500;21.638214111328125;
604500;23.772003173828125;
613500;29.0945281982421875;
622500;43.522613525390625;
631500;39.65595245361328125;
640500;30.4259490966796875;
649500;35.34296417236328125;
658500;32.3032073974609375;
667500;35.18015289306640625;
676500;47.94586181640625;
685500;33.67258453369140625;
694500;22.97476959228515625;
703500;28.5763397216796875;
712500;23.86603546142578125;
721500;43.368671417236328125;
730500;34.15103912353515625;
739500;26.1197357177734375;
748500;31.3570404052734375;
757500;29.6949310302734375;
766500;39.07328033447265625;
775500;43.721599578857421875;
784500;38.93125152587890625;
793500;34.18497467041015625;
802500;26.1798553466796875;
811500;36.17803955078125;
820500;42.26450347900390625;
829500;39.9638214111328125;
838500;43.5517578125;
847500;41.28958892822265625;
856500;47.749980926513671875;
865500;39.8361968994140625;
874500;49.147705078125;
883500;41.42125701904296875;
892500;40.710968017578125;
901500;42.61199188232421875;
910500;42.53609466552734375;
919500;41.00951385498046875;
928500;45.772006988525390625;
937500;44.70722198486328125;
946500;47.55133819580078125;
955500;47.10691070556640625;
964500;53.06479644775390625;
973500;50.3575286865234375;
982500;45.06805419921875;
991500;47.534084320068359375;
1000500;40.59540557861328125;
1009500;40.0542449951171875;
1018500;40.0659942626953125;
1027500;29.2959442138671875;
1036500;29.04479217529296875;
1045500;26.534820556640625;
1054500;24.95030975341796875;
1063500;32.76857757568359375;
1072500;24.373016357421875;
1081500;22.99793243408203125;
1090500;21.39815521240234375;
1099500;26.73661041259765625;
1108500;30.57370758056640625;
1117500;31.07086181640625;
1126500;17.01080322265625;
1135500;29.68389129638671875;
1144500;30.52301025390625;
1153500;40.03276824951171875;
1162500;36.29842376708984375;
1171500;36.00553131103515625;
1180500;31.0721893310546875;
1189500;27.16657257080078125;
1198500;22.15041351318359375;
1207500;33.290069580078125;
1216500;29.2288970947265625;
1225500;21.764678955078125;
1234500;15.999725341796875;
1243500;21.5506439208984375;
1252500;20.34764862060546875;
1261500;30.86826324462890625;
1270500;26.89177703857421875;
1279500;19.82833099365234375;
1288500;21.59915924072265625;
1297500;36.54434967041015625;
1306500;34.850006103515625;
1315500;29.499267578125;
1324500;32.2699127197265625;
1333500;37.39716339111328125;
1342500;29.81578826904296875;
1351500;31.2777557373046875;
1360500;23.33673095703125;
1369500;22.8888397216796875;
1378500;25.6499176025390625;
1387500;17.9980621337890625;
1396500;27.0426177978515625;
1405500;21.52935791015625;
1414500;22.61493682861328125;
1423500;20.43112945556640625;
1432500;21.9115753173828125;
1441500;25.39197540283203125;
1450500;26.05312347412109375;
1459500;26.76267242431640625;
1468500;22.5808258056640625;
1477500;23.62845611572265625;
1486500;30.404327392578125;
1495500;33.37042236328125;
1504500;23.16595458984375;
1513500;25.495635986328125;
1522500;32.07634735107421875;
1531500;25.2712249755859375;
1540500;33.7288665771484375;
1549500;32.82907867431640625;
1558500;21.2471466064453125;
1567500;24.25583648681640625;
1576500;21.48431396484375;
1585500;30.72200775146484375;
1594500;31.5473175048828125;
1603500;26.5664520263671875;
1612500;27.62592315673828125;
1621500;33.4100189208984375;
1630500;32.2746429443359375;
1639500;36.00220489501953125;
1648500;33.7632904052734375;
1657500;34.001251220703125;
1666500;28.33807373046875;
1675500;23.65851593017578125;
1684500;25.5282745361328125;
1693500;25.5806732177734375;
1702500;26.15261077880859375;
1711500;27.3324127197265625;
1720500;24.12796783447265625;
1729500;36.35546112060546875;
1738500;34.4846038818359375;
1747500;28.63172149658203125;
1756500;32.2135467529296875;
1765500;25.94857025146484375;
1774500;31.715057373046875;
1783500;34.90674591064453125;
1792500;30.07833099365234375;
1801500;27.6683502197265625;
1810500;31.04453277587890625;
1819500;30.0633697509765625;
1828500;35.16149139404296875;
1837500;35.27381134033203125;
1846500;34.74340057373046875;
1855500;24.6664886474609375;
1864500;25.27873992919921875;
1873500;30.22844696044921875;
1882500;31.4567108154296875;
1891500;29.45853424072265625;
1900500;30.35266876220703125;
1909500;33.27605438232421875;
1918500;27.42079925537109375;
1927500;38.09871673583984375;
1936500;34.70534515380859375;
1945500;34.18222808837890625;
1954500;39.68575286865234375;
1963500;41.5552520751953125;
1972500;33.166778564453125;
1981500;31.06003570556640625;
1990500;34.8928070068359375;
1999500;30.50531005859375;
2008500;31.9538421630859375;
2017500;38.65912628173828125;
2026500;31.50208282470703125;
2035500;30.5233154296875;
2044500;38.68248748779296875;
2053500;28.8602752685546875;
2062500;28.44350433349609375;
2071500;31.69805908203125;
2080500;22.78122711181640625;
2089500;27.26120758056640625;
2098500;30.95188140869140625;
2107500;37.51383209228515625;
2116500;27.0723724365234375;
2125500;28.36003875732421875;
2134500;32.06158447265625;
2143500;34.77335357666015625;
2152500;28.2781982421875;
2161500;32.68282318115234375;
2170500;31.683258056640625;
2179500;28.98956298828125;
2188500;35.1866912841796875;
2197500;39.02712249755859375;
2206500;26.9862823486328125;
2215500;27.779266357421875;
2224500;30.2303924560546875;
2233500;31.083831787109375;
2242500;23.68662261962890625;
2251500;30.71959686279296875;
2260500;26.8297576904296875;
2269500;26.70154571533203125;
2278500;45.57486724853515625;
2287500;43.01398468017578125;
2296500;28.8162078857421875;
2305500;25.28311920166015625;
2314500;24.423797607421875;
2323500;24.48581695556640625;
2332500;26.9834747314453125;
2341500;26.841461181640625;
2350500;27.0619964599609375;
2359500;28.14452362060546875;
2368500;42.2970428466796875;
2377500;40.38625335693359375;
2386500;27.1486968994140625;
2395500;24.91888427734375;
2404500;23.54723358154296875;
2413500;30.74123382568359375;
2422500;31.84688568115234375;
2431500;38.44411468505859375;
2440500;33.80696868896484375;
2449500;31.07204437255859375;
2458500;44.520263671875;
2467500;32.2932891845703125;
2476500;25.45981597900390625;
2485500;17.94112396240234375;
2494500;23.6484375;
2503500;26.1263275146484375;
2512500;31.259979248046875;
2521500;26.043548583984375;
2530500;20.90828704833984375;
2539500;31.7955474853515625;
2548500;35.5897979736328125;
2557500;22.790191650390625;
2566500;20.00649261474609375;
2575500;19.40283203125;
2584500;28.9871673583984375;
2593500;30.38930511474609375;
2602500;23.856231689453125;
2611500;26.73935699462890625;
2620500;17.99889373779296875;
2629500;18.7960662841796875;
2638500;22.2288665771484375;
2647500;23.77674102783203125;
2656500;26.868865966796875;
2665500;28.80532073974609375;
2674500;25.62047576904296875;
2683500;20.64957427978515625;
2692500;25.4023590087890625;
2701500;28.1524200439453125;
2710500;28.9637603759765625;
2719500;19.2731170654296875;
2728500;15.781494140625;
2737500;21.59627532958984375;
2746500;29.8842010498046875;
2755500;26.90686798095703125;
2764500;22.30556488037109375;
2773500;20.43422698974609375;
2782500;22.298553466796875;
2791500;19.033843994140625;
2800500;23.5330352783203125;
2809500;33.3635406494140625;
2818500;29.37689971923828125;
2827500;31.31981658935546875;
2836500;28.7112274169921875;
2845500;22.40575408935546875;
2854500;24.86194610595703125;
2863500;24.70771026611328125;
2872500;28.52382659912109375;
2881500;23.3144073486328125;
2890500;26.98247528076171875;
2899500;34.1692047119140625;
2908500;15.99524688720703125;
2917500;18.24683380126953125;
2926500;22.5562896728515625;
2935500;19.11846923828125;
2944500;21.697540283203125;
2953500;22.48516082763671875;
2962500;17.75739288330078125;
2971500;11.174102783203125;
2980500;31.35137939453125;
2989500;35.4311065673828125;
2998500;19.9004669189453125;
3007500;24.1599578857421875;
3016500;20.441650390625;
3025500;21.83368682861328125;
3034500;20.4050445556640625;
3043500;21.1349334716796875;
3052500;29.614288330078125;
3061500;30.3140411376953125;
3070500;32.80368804931640625;
3079500;30.08948516845703125;
3088500;12.31502532958984375;
3097500;14.47180938720703125;
3106500;17.38788604736328125;
3115500;18.3201141357421875;
3124500;21.28055572509765625;
3133500;21.52405548095703125;
3142500;22.0771026611328125;
3151500;24.97466278076171875;
3160500;30.9427642822265625;
3169500;26.7933349609375;
3178500;21.9114990234375;
3187500;19.5109100341796875;
3196500;17.88088226318359375;
3205500;18.13368988037109375;
3214500;22.03450775146484375;
3223500;22.6954498291015625;
3232500;18.99431610107421875;
3241500;22.295013427734375;
3250500;25.10761260986328125;
3259500;22.77387237548828125;
3268500;23.69429779052734375;
3277500;20.83264923095703125;
3286500;18.70915985107421875;
3295500;17.173004150390625;
3304500;23.17180633544921875;
3313500;27.143218994140625;
3322500;20.42522430419921875;
3331500;21.04331207275390625;
3340500;24.40122222900390625;
3349500;14.63126373291015625;
3358500;21.78662872314453125;
3367500;19.0131072998046875;
3376500;15.70722198486328125;
3385500;18.685577392578125;
3394500;20.4794464111328125;
3403500;23.14192962646484375;
3412500;21.56417083740234375;
3421500;25.6865081787109375;
3430500;24.42706298828125;
3439500;24.1198272705078125;
3448500;23.6273956298828125;
3457500;18.96038818359375;
3466500;28.51451873779296875;
3475500;23.38518524169921875;
3484500;25.01773834228515625;
3493500;14.68660736083984375;
3502500;23.4649505615234375;
3511500;28.0117950439453125;
3520500;28.78093719482421875;
3529500;28.8173980712890625;
3538500;30.81092071533203125;
3547500;22.5059814453125;
3556500;26.9543304443359375;
3565500;29.5843963623046875;
3574500;25.94878387451171875;
3583500;23.83385467529296875;
3592500;21.86135101318359375;
3601500;28.16089630126953125;
3610500;25.28751373291015625;
3619500;30.55664825439453125;
3628500;23.3016204833984375;
3637500;29.879791259765625;
3646500;22.14305877685546875;
3655500;30.634735107421875;
3664500;24.16693115234375;
3673500;33.71039581298828125;
3682500;24.39966583251953125;
3691500;30.29261016845703125;
3700500;22.18602752685546875;
3709500;24.13831329345703125;
3718500;24.9560394287109375;
3727500;24.33403778076171875;
3736500;20.02771759033203125;
3745500;28.0760650634765625;
3754500;17.1248626708984375;
3763500;31.8080902099609375;
3772500;28.93280792236328125;
3781500;31.70067596435546875;
3790500;27.10585784912109375;
3799500;32.75923919677734375;
3808500;29.05004119873046875;
3817500;33.5321197509765625;
3826500;33.6699981689453125;
3835500;29.06089019775390625;
3844500;26.13201141357421875;
3853500;21.35227203369140625;
3862500;30.77667236328125;
3871500;27.85175323486328125;
3880500;28.61858367919921875;
3889500;27.6149749755859375;
3898500;30.69492340087890625;
3907500;29.88370513916015625;
3916500;35.8024139404296875;
3925500;28.84648895263671875;
3934500;37.20726776123046875;
3943500;32.71018218994140625;
3952500;36.8834075927734375;
3961500;32.57788848876953125;
3970500;35.20160675048828125;
3979500;32.6205596923828125;
3988500;30.694549560546875;
3997500;31.6230010986328125;
4006500;29.140045166015625;
4015500;28.3632049560546875;
4024500;32.6356201171875;
4033500;29.770233154296875;
4042500;37.7151336669921875;
4051500;34.1910247802734375;
4060500;38.637847900390625;
4069500;36.557342529296875;
4078500;36.78217315673828125;
4087500;36.4487152099609375;
4096500;37.42710113525390625;
4105500;37.74920654296875;
4114500;32.9873046875;
4123500;36.58571624755859375;
4132500;32.9627685546875;
4141500;35.21273040771484375;
4150500;35.12534332275390625;
4159500;36.558929443359375;
4168500;35.05329132080078125;
4177500;40.34027099609375;
4186500;36.6811370849609375;
4195500;42.24767303466796875;
4204500;36.94600677490234375;
4213500;43.33541107177734375;
4222500;36.8032379150390625;
4231500;40.8676300048828125;
4240500;38.25963592529296875;
4249500;37.38494110107421875;
4258500;36.89597320556640625;
4267500;28.416961669921875;
4276500;33.69487762451171875;
4285500;35.7088775634765625;
4294500;34.2736968994140625;
4303500;38.05597686767578125;
4312500;37.04344940185546875;
4321500;36.89342498779296875;
4330500;35.6722869873046875;
4339500;37.7248382568359375;
4348500;33.817138671875;
4357500;36.27178955078125;
4366500;36.30043792724609375;
4375500;33.33001708984375;
4384500;33.39954376220703125;
4393500;31.82534027099609375;
4402500;33.78661346435546875;
4411500;30.34810638427734375;
4420500;29.59772491455078125;
4429500;28.33343505859375;
4438500;29.36586761474609375;
4447500;30.43872833251953125;
4456500;33.8889312744140625;
4465500;31.50197601318359375;
4474500;35.21843719482421875;
4483500;34.98743438720703125;
4492500;33.64626312255859375;
4501500;26.73339080810546875;
4510500;27.553314208984375;
4519500;28.75372314453125;
4528500;24.54975128173828125;
4537500;25.28055572509765625;
4546500;18.79534912109375;
4555500;28.9832763671875;
4564500;28.46108245849609375;
4573500;31.47898101806640625;
4582500;24.23558807373046875;
4591500;24.987091064453125;
4600500;23.0093536376953125;
4609500;23.29595947265625;
4618500;14.53783416748046875;
4627500;22.03330230712890625;
4636500;29.3516387939453125;
4645500;21.32927703857421875;
4654500;27.1508941650390625;
4663500;24.51711273193359375;
4672500;13.95113372802734375;
4681500;26.726287841796875;
4690500;26.9649658203125;
4699500;18.87158203125;
4708500;21.94189453125;
4717500;27.0511474609375;
4726500;21.374114990234375;
4735500;19.423736572265625;
4744500;30.7291107177734375;
4753500;30.72830963134765625;
4762500;20.47588348388671875;
4771500;23.3665771484375;
4780500;23.04393768310546875;
4789500;23.8997344970703125;
4798500;25.14777374267578125;
4807500;9.91921234130859375;
4816500;24.88312530517578125;
4825500;26.79711151123046875;
4834500;23.88250732421875;
4843500;21.5470733642578125;
4852500;26.423919677734375;
4861500;22.855316162109375;
4870500;24.7620849609375;
4879500;16.39717864990234375;
4888500;28.49985504150390625;
4897500;23.09812164306640625;
4906500;8.8300628662109375;
4915500;23.06525421142578125;
4924500;27.695281982421875;
4933500;21.505828857421875;
4942500;17.7318267822265625;
4951500;28.49610137939453125;
4960500;29.13489532470703125;
4969500;14.75701904296875;
4978500;18.78932952880859375;
4987500;25.43824005126953125;
4996500;21.53830718994140625;
5005500;35.38419342041015625;
5014500;34.6122894287109375;
5023500;31.59066009521484375;
5032500;22.80487823486328125;
5041500;8.73181915283203125;
5050500;20.20632171630859375;
5059500;23.3343658447265625;
5068500;19.85628509521484375;
5077500;3.7486419677734375;
5086500;29.01773834228515625;
5095500;35.24388885498046875;
5104500;32.5415802001953125;
5113500;26.34024810791015625;
5122500;26.955169677734375;
5131500;23.95885467529296875;
5140500;19.2239837646484375;
5149500;22.1639556884765625;
5158500;32.60346221923828125;
5167500;23.01235198974609375;
5176500;21.81024932861328125;
5185500;36.36602020263671875;
5194500;26.37569427490234375;
5203500;20.046600341796875;
5212500;21.72350311279296875;
5221500;30.90039825439453125;
5230500;30.893585205078125;
5239500;14.38932037353515625;
5248500;24.33890533447265625;
5257500;23.22296142578125;
5266500;24.3068084716796875;
5275500;29.99373626708984375;
5284500;18.8401031494140625;
5293500;28.95293426513671875;
5302500;16.5828094482421875;
5311500;14.55182647705078125;
5320500;22.18923187255859375;
5329500;26.7447662353515625;
5338500;21.73773193359375;
5347500;31.2535552978515625;
5356500;30.7783203125;
5365500;32.3609619140625;
5374500;11.59378814697265625;
5383500;16.82152557373046875;
5392500;25.281036376953125;
5401500;26.04736328125;
5410500;22.06841278076171875;
5419500;23.907684326171875;
5428500;34.68347930908203125;
5437500;22.150115966796875;
5446500;23.7609710693359375;
5455500;25.83361053466796875;
5464500;27.6223602294921875;
5473500;21.023406982421875;
5482500;18.0694122314453125;
5491500;28.41408538818359375;
5500500;30.29334259033203125;
5509500;16.69438934326171875;
5518500;18.83435821533203125;
5527500;25.19120025634765625;
5536500;27.2648162841796875;
5545500;20.32495880126953125;
5554500;16.4420013427734375;
5563500;30.841552734375;
5572500;19.98199462890625;
5581500;21.32177734375;
5590500;24.489959716796875;
5599500;30.68711090087890625;
5608500;28.3228759765625;
5617500;20.8489532470703125;
5626500;34.5824127197265625;
5635500;31.50345611572265625;
5644500;15.3577880859375;
5653500;15.75460052490234375;
5662500;19.32122039794921875;
5671500;21.08147430419921875;
5680500;20.89371490478515625;
5689500;18.54230499267578125;
5698500;31.88591766357421875;
5707500;24.4432373046875;
5716500;28.2965545654296875;
5725500;25.14266204833984375;
5734500;30.8630218505859375;
5743500;19.5098876953125;
5752500;21.55455780029296875;
5761500;24.8302001953125;
5770500;27.78022003173828125;
5779500;13.52721405029296875;
5788500;19.291748046875;
5797500;22.55551910400390625;
5806500;25.22026824951171875;
5815500;19.65404510498046875;
5824500;19.5144500732421875;
5833500;31.69321441650390625;
5842500;21.5110015869140625;
5851500;25.0336456298828125;
5860500;28.63105010986328125;
5869500;32.60321044921875;
5878500;18.50855255126953125;
5887500;18.3659210205078125;
5896500;26.51187896728515625;
5905500;26.31377410888671875;
5914500;12.59284210205078125;
5923500;17.55048370361328125;
5932500;20.62017822265625;
5941500;22.16825103759765625;
5950500;20.789306640625;
5959500;18.588836669921875;
5968500;29.33750152587890625;
5977500;23.70778656005859375;
5986500;19.76551055908203125;
5995500;27.30397796630859375;
6004500;33.50551605224609375;
6013500;14.15882110595703125;
6022500;8.011016845703125;
6031500;23.750579833984375;
6040500;26.60999298095703125;
6049500;14.89231109619140625;
6058500;19.673583984375;
6067500;24.7795562744140625;
6076500;14.8037109375;
6085500;20.03186798095703125;
6094500;16.1370086669921875;
6103500;28.2769317626953125;
6112500;29.7310791015625;
6121500;21.60430908203125;
6130500;26.420745849609375;
6139500;32.9113616943359375;
6148500;22.32346343994140625;
6157500;25.81485748291015625;
6166500;24.8489990234375;
6175500;27.7626800537109375;
6184500;13.76840972900390625;
6193500;13.98151397705078125;
6202500;17.77276611328125;
6211500;15.73329925537109375;
6220500;16.20489501953125;
6229500;13.714141845703125;
6238500;23.241668701171875;
6247500;18.0204620361328125;
6256500;19.89353179931640625;
6265500;26.349945068359375;
6274500;32.77964019775390625;
6283500;19.49581146240234375;
6292500;15.32224273681640625;
6301500;23.808319091796875;
6310500;25.304290771484375;
6319500;16.695404052734375;
6328500;26.12310028076171875;
6337500;23.2501983642578125;
6346500;23.41538238525390625;
6355500;16.88892364501953125;
6364500;16.664154052734375;
6373500;24.550567626953125;
6382500;15.18585205078125;
6391500;21.4584808349609375;
6400500;23.3863372802734375;
6409500;31.93453216552734375;
6418500;16.48104095458984375;
6427500;11.00278472900390625;
6436500;14.4285430908203125;
6445500;22.1680755615234375;
6454500;20.6044464111328125;
6463500;18.6915740966796875;
6472500;17.817138671875;
6481500;21.61426544189453125;
6490500;17.2386322021484375;
6499500;15.00292205810546875;
6508500;25.42217254638671875;
6517500;22.428466796875;
6526500;17.1481475830078125;
6535500;24.34970855712890625;
6544500;32.86023712158203125;
6553500;18.16300201416015625;
6562500;18.1419677734375;
6571500;22.102386474609375;
6580500;24.97591400146484375;
6589500;27.168914794921875;
6598500;22.47801971435546875;
6607500;20.5762481689453125;
6616500;19.041412353515625;
6625500;12.43868255615234375;
6634500;15.309478759765625;
6643500;18.5460205078125;
6652500;16.28400421142578125;
6661500;21.17449951171875;
6670500;24.6189727783203125;
6679500;30.77276611328125;
6688500;12.1651611328125;
6697500;14.5645599365234375;
6706500;19.57318878173828125;
6715500;18.70594024658203125;
6724500;17.14113616943359375;
6733500;14.4895782470703125;
6742500;20.8560791015625;
6751500;27.65273284912109375;
6760500;21.113433837890625;
6769500;28.23612213134765625;
6778500;22.76250457763671875;
6787500;9.5193939208984375;
6796500;19.70892333984375;
6805500;24.9326324462890625;
6814500;33.4243011474609375;
6823500;19.22097015380859375;
6832500;18.96413421630859375;
6841500;24.43170166015625;
6850500;16.67485809326171875;
6859500;26.70998382568359375;
6868500;20.2515716552734375;
6877500;21.66937255859375;
6886500;15.96709442138671875;
6895500;16.6252288818359375;
6904500;22.79743194580078125;
6913500;18.55883026123046875;
6922500;21.0688018798828125;
6931500;27.26412200927734375;
6940500;29.94853973388671875;
6949500;34.00385284423828125;
6958500;17.87319183349609375;
6967500;16.444122314453125;
6976500;12.51202392578125;
6985500;19.316680908203125;
6994500;21.6660003662109375;
7003500;18.084991455078125;
7012500;28.7893829345703125;
7021500;28.96949005126953125;
7030500;32.3943328857421875;
7039500;33.03147125244140625;
7048500;30.57176971435546875;
7057500;32.45206451416015625;
7066500;29.8195343017578125;
7075500;23.5988922119140625;
7084500;25.76618194580078125;
7093500;27.77935028076171875;
7102500;28.1282958984375;
7111500;17.96135711669921875;
7120500;29.00977325439453125;
7129500;28.21840667724609375;
7138500;21.55060577392578125;
7147500;27.37415313720703125;
7156500;23.96302032470703125;
7165500;29.77635955810546875;
7174500;23.4418792724609375;
7183500;25.908111572265625;
7192500;20.46189117431640625;
7201500;22.37918853759765625;
7210500;31.22686004638671875;
7219500;26.5211181640625;
7228500;20.29892730712890625;
7237500;20.70200347900390625;
7246500;21.20664215087890625;
7255500;23.960906982421875;
7264500;24.44415283203125;
7273500;21.9430084228515625;
7282500;21.0813140869140625;
7291500;19.15074920654296875;
7300500;22.90985870361328125;
7309500;20.76491546630859375;
7318500;15.1598358154296875;
7327500;15.54300689697265625;
7336500;12.12085723876953125;
7345500;22.52684783935546875;
7354500;25.871551513671875;
7363500;13.83737945556640625;
7372500;21.02321624755859375;
7381500;23.9369659423828125;
7390500;20.3251190185546875;
7399500;16.90035247802734375;
7408500;18.5871734619140625;
7417500;21.1440582275390625;
7426500;23.62465667724609375;
7435500;20.8444061279296875;
7444500;9.29145050048828125;
7453500;10.49692535400390625;
7462500;14.24420928955078125;
7471500;24.35849761962890625;
7480500;23.2478790283203125;
7489500;25.0532073974609375;
7498500;20.66667938232421875;
7507500;17.57366943359375;
7516500;26.7772369384765625;
7525500;21.82622528076171875;
7534500;14.47785186767578125;
7543500;19.5864715576171875;
7552500;19.13924407958984375;
7561500;25.11574554443359375;
7570500;17.501983642578125;
7579500;13.79341888427734375;
7588500;19.90950775146484375;
7597500;15.06636810302734375;
7606500;15.71237945556640625;
7615500;12.35779571533203125;
7624500;23.8179168701171875;
7633500;19.864532470703125;
7642500;24.60391998291015625;
7651500;29.794830322265625;
7660500;20.41635894775390625;
7669500;15.64629364013671875;
7678500;15.02315521240234375;
7687500;13.87731170654296875;
7696500;9.88367462158203125;
7705500;17.61008453369140625;
7714500;14.2626190185546875;
7723500;18.02787017822265625;
7732500;27.7884368896484375;
7741500;28.0737457275390625;
7750500;19.42816925048828125;
7759500;23.91217041015625;
7768500;33.08402252197265625;
7777500;29.46146392822265625;
7786500;24.57932281494140625;
7795500;12.5515594482421875;
7804500;20.27300262451171875;
7813500;16.933868408203125;
7822500;28.87490081787109375;
7831500;23.39827728271484375;
7840500;14.0468902587890625;
7849500;17.09453582763671875;
7858500;15.54003143310546875;
7867500;6.84626007080078125;
7876500;7.124847412109375;
7885500;18.887481689453125;
7894500;23.889434814453125;
7903500;15.91089630126953125;
7912500;26.759918212890625;
7921500;16.19000244140625;
7930500;19.27782440185546875;
7939500;24.14943695068359375;
7948500;18.48249053955078125;
7957500;17.92559051513671875;
7966500;17.94376373291015625;
7975500;8.38120269775390625;
7984500;12.904144287109375;
7993500;19.64215850830078125;
8002500;21.12630462646484375;
8011500;18.04531097412109375;
8020500;15.71105194091796875;
8029500;21.88230133056640625;
8038500;11.053192138671875;
8047500;17.87993621826171875;
8056500;17.86138153076171875;
8065500;18.822906494140625;
8074500;8.11627960205078125;
8083500;11.00220489501953125;
8092500;16.53079986572265625;
8101500;17.417938232421875;
8110500;14.3667144775390625;
8119500;19.5063018798828125;
8128500;21.3679351806640625;
8137500;12.26024627685546875;
8146500;28.36771392822265625;
8155500;29.391265869140625;
8164500;22.42076873779296875;
8173500;24.63124847412109375;
8182500;24.25359344482421875;
8191500;19.15259552001953125;
8200500;19.81871795654296875;
8209500;13.0953216552734375;
8218500;12.90546417236328125;
8227500;18.74834442138671875;
8236500;15.829193115234375;
8245500;16.4162445068359375;
8254500;25.68782806396484375;
8263500;28.7541046142578125;
8272500;22.8895111083984375;
8281500;22.29386138916015625;
8290500;14.76025390625;
8299500;16.224273681640625;
8308500;11.9568328857421875;
8317500;16.71680450439453125;
8326500;19.9503936767578125;
8335500;23.48711395263671875;
8344500;14.78411865234375;
8353500;26.3485565185546875;
8362500;14.35369873046875;
8371500;17.73046875;
8380500;17.88637542724609375;
8389500;16.80194854736328125;
8398500;26.8126983642578125;
8407500;30.452301025390625;
8416500;25.0844573974609375;
8425500;20.80649566650390625;
8434500;26.5176239013671875;
8443500;26.991729736328125;
8452500;10.561920166015625;
8461500;15.43414306640625;
8470500;21.1913909912109375;
8479500;13.7793731689453125;
8488500;16.8651580810546875;
8497500;11.610137939453125;
8506500;14.77559661865234375;
8515500;12.87060546875;
8524500;18.554473876953125;
8533500;12.1108856201171875;
8542500;10.45861053466796875;
8551500;5.79328155517578125;
8560500;10.6061248779296875;
8569500;15.38146209716796875;
8578500;13.08974456787109375;
8587500;15.79703521728515625;
8596500;8.2398529052734375;
8605500;13.16053009033203125;
8614500;17.311981201171875;
8623500;10.08077239990234375;
8632500;11.06378936767578125;
8641500;14.657196044921875;
8650500;20.01767730712890625;
8659500;13.46573638916015625;
8668500;10.63458251953125;
8677500;14.16780853271484375;
8686500;12.37139892578125;
8695500;10.91786956787109375;
8704500;26.64131927490234375;
8713500;21.28537750244140625;
8722500;22.5676422119140625;
8731500;24.075531005859375;
8740500;17.4213104248046875;
8749500;20.21234893798828125;
8758500;17.8285980224609375;
8767500;17.33071136474609375;
8776500;13.7373504638671875;
8785500;18.39249420166015625;
8794500;24.86562347412109375;
8803500;18.94940948486328125;
8812500;17.5534210205078125;
8821500;11.46781158447265625;
8830500;13.58193206787109375;
8839500;16.15688323974609375;
8848500;8.1849822998046875;
8857500;15.69773101806640625;
8866500;16.20383453369140625;
8875500;26.3094940185546875;
8884500;24.99040985107421875;
8893500;23.742706298828125;
8902500;19.6108245849609375;
8911500;21.7030181884765625;
8920500;21.372161865234375;
8929500;12.88323974609375;
8938500;20.8013458251953125;
8947500;14.687713623046875;
8956500;16.63593292236328125;
8965500;23.106292724609375;
8974500;11.34632110595703125;
8983500;13.7503662109375;
8992500;12.397552490234375;
9001500;12.14836883544921875;
9010500;18.72460174560546875;
9019500;9.47539520263671875;
9028500;17.488922119140625;
9037500;21.22869873046875;
9046500;21.30731201171875;
9055500;19.66593170166015625;
9064500;21.00494384765625;
9073500;20.22922515869140625;
9082500;16.31798553466796875;
9091500;16.12091827392578125;
9100500;17.03203582763671875;
9109500;14.7504425048828125;
9118500;10.60744476318359375;
9127500;18.1218719482421875;
9136500;18.67889404296875;
9145500;23.63726043701171875;
9154500;17.6019287109375;
9163500;17.2966461181640625;
9172500;24.37316131591796875;
9181500;21.6158294677734375;
9190500;22.196075439453125;
9199500;26.91811370849609375;
9208500;24.71500396728515625;
9217500;17.3023223876953125;
9226500;21.1962432861328125;
9235500;20.09648895263671875;
9244500;12.8009796142578125;
9253500;14.32651519775390625;
9262500;16.1886444091796875;
9271500;16.715850830078125;
9280500;21.90787506103515625;
9289500;19.702728271484375;
9298500;17.3231964111328125;
9307500;17.324066162109375;
9316500;21.0772857666015625;
9325500;14.11553192138671875;
9334500;15.8508453369140625;
9343500;22.65157318115234375;
9352500;29.52458953857421875;
9361500;26.21074676513671875;
9370500;18.3932342529296875;
9379500;22.4952239990234375;
9388500;16.71953582763671875;
9397500;17.18497467041015625;
9406500;18.98097991943359375;
9415500;25.2376556396484375;
9424500;22.60420989990234375;
9433500;11.48123931884765625;
9442500;17.9785919189453125;
9451500;19.20319366455078125;
9460500;23.9132080078125;
9469500;20.3188934326171875;
9478500;23.37425994873046875;
9487500;19.87711334228515625;
9496500;16.80506134033203125;
9505500;25.922210693359375;
9514500;28.90824127197265625;
9523500;21.311614990234375;
9532500;21.4298248291015625;
9541500;17.67191314697265625;
9550500;18.55663299560546875;
9559500;20.55561065673828125;
9568500;19.11771392822265625;
9577500;24.45040130615234375;
9586500;21.2418670654296875;
9595500;20.69651031494140625;
9604500;19.30245208740234375;
9613500;20.16455841064453125;
9622500;20.43810272216796875;
9631500;21.3054962158203125;
9640500;18.20435333251953125;
9649500;19.4280853271484375;
9658500;27.4917144775390625;
9667500;32.285369873046875;
9676500;29.55730438232421875;
9685500;21.773162841796875;
9694500;16.11177825927734375;
9703500;12.04055023193359375;
9712500;22.10762786865234375;
9721500;20.239898681640625;
9730500;21.2362823486328125;
9739500;17.40900421142578125;
9748500;24.516845703125;
9757500;17.725372314453125;
9766500;18.5669403076171875;
9775500;22.80673980712890625;
9784500;20.04503631591796875;
9793500;20.3126373291015625;
9802500;21.280364990234375;
9811500;20.99343109130859375;
9820500;28.4944915771484375;
9829500;29.9635009765625;
9838500;27.7976531982421875;
9847500;23.4772796630859375;
9856500;19.659820556640625;
9865500;21.1006011962890625;
9874500;21.5478057861328125;
9883500;15.75945281982421875;
9892500;20.79978179931640625;
9901500;19.6060638427734375;
9910500;19.43015289306640625;
9919500;18.53829193115234375;
9928500;18.819732666015625;
9937500;23.0951080322265625;
9946500;19.95322418212890625;
9955500;22.93277740478515625;
9964500;22.66265869140625;
9973500;30.8794403076171875;
9982500;29.47086334228515625;
9991500;30.2356414794921875;
10000500;28.91637420654296875;
10009500;29.3988800048828125;
10018500;24.9381256103515625;
10027500;23.47815704345703125;
10036500;20.2368621826171875;
10045500;23.0984039306640625;
10054500;18.5751495361328125;
10063500;27.75104522705078125;
10072500;18.6842803955078125;
10081500;21.692626953125;
10090500;28.53905487060546875;
10099500;21.878448486328125;
10108500;20.8035888671875;
10117500;22.31723785400390625;
10126500;24.58660888671875;
10135500;28.19589996337890625;
10144500;30.0142974853515625;
10153500;20.80983734130859375;
10162500;21.55983734130859375;
10171500;25.52906036376953125;
10180500;24.37624359130859375;
10189500;27.73598480224609375;
10198500;23.30088043212890625;
10207500;22.03594970703125;
10216500;22.93151092529296875;
10225500;23.9591217041015625;
10234500;18.72045135498046875;
10243500;17.263397216796875;
10252500;24.2822265625;
10261500;18.4232635498046875;
10270500;11.29645538330078125;
10279500;11.42877197265625;
10288500;20.6754608154296875;
10297500;24.06136322021484375;
10306500;19.042083740234375;
10315500;20.26922607421875;
10324500;22.13623046875;
10333500;14.7224273681640625;
10342500;18.000244140625;
10351500;13.58780670166015625;
10360500;13.96472930908203125;
10369500;17.29285430908203125;
10378500;21.06696319580078125;
10387500;9.9296875;
10396500;14.95513153076171875;
10405500;12.89781951904296875;
10414500;17.23126983642578125;
10423500;14.12177276611328125;
10432500;18.12631988525390625;
10441500;22.8567047119140625;
10450500;27.4807281494140625;
10459500;21.03668975830078125;
10468500;18.77446746826171875;
10477500;21.20131683349609375;
10486500;18.96236419677734375;
10495500;21.6255950927734375;
10504500;12.1146240234375;
10513500;17.50067138671875;
10522500;21.96266937255859375;
10531500;19.9604644775390625;
10540500;23.145965576171875;
10549500;25.09064483642578125;
10558500;11.55107879638671875;
10567500;14.17813873291015625;
10576500;21.1148681640625;
10585500;21.1957855224609375;
10594500;22.00621795654296875;
10603500;26.39745330810546875;
10612500;24.1154937744140625;
10621500;22.4062652587890625;
10630500;16.27832794189453125;
10639500;12.6425323486328125;
10648500;12.46588897705078125;
10657500;27.67053985595703125;
10666500;23.86871337890625;
10675500;26.07177734375;
10684500;26.6254730224609375;
10693500;34.7484893798828125;
10702500;34.8874664306640625;
10711500;33.2626495361328125;
10720500;22.03985595703125;
10729500;33.723175048828125;
10738500;23.942047119140625;
10747500;31.5878753662109375;
10756500;30.962921142578125;
10765500;32.81845855712890625;
10774500;35.8929290771484375;
10783500;32.72339630126953125;
10792500;26.5595550537109375;
10801500;36.9071044921875;
10810500;34.86507415771484375;
10819500;33.32508087158203125;
10828500;32.10488128662109375;
10837500;34.17819976806640625;
10846500;36.11559295654296875;
10855500;34.64218902587890625;
10864500;39.84838104248046875;
10873500;31.38327789306640625;
10882500;36.22635650634765625;
10891500;39.00148773193359375;
10900500;44.320354461669921875;
10909500;41.564453125;
10918500;37.1694488525390625;
10927500;42.1884002685546875;
10936500;42.74039459228515625;
10945500;42.58367156982421875;
10954500;43.303157806396484375;
10963500;38.2917938232421875;
10972500;40.75762176513671875;
10981500;36.61775970458984375;
10990500;47.49996185302734375;
10999500;44.171428680419921875;
11008500;36.586700439453125;
11017500;39.07097625732421875;
11026500;37.79921722412109375;
11035500;40.539703369140625;
11044500;37.34757232666015625;
11053500;35.155364990234375;
11062500;35.48760986328125;
11071500;36.54479217529296875;
11080500;45.918941497802734375;
11089500;39.9041595458984375;
11098500;36.983917236328125;
11107500;34.93373870849609375;
11116500;40.32300567626953125;
11125500;40.20719146728515625;
11134500;38.85758209228515625;
11143500;35.6153564453125;
11152500;29.75722503662109375;
11161500;39.4853057861328125;
11170500;45.4683074951171875;
11179500;37.4940185546875;
11188500;36.7947540283203125;
11197500;42.57765960693359375;
11206500;46.752841949462890625;
11215500;46.669017791748046875;
11224500;36.4658355712890625;
11233500;34.39368438720703125;
11242500;36.23714447021484375;
11251500;31.88742828369140625;
11260500;36.69419097900390625;
11269500;35.34432220458984375;
11278500;29.0378265380859375;
11287500;35.55279541015625;
11296500;36.1326446533203125;
11305500;40.90700531005859375;
11314500;41.9114837646484375;
11323500;37.6330108642578125;
11332500;41.5433197021484375;
11341500;47.21240234375;
11350500;43.76042938232421875;
11359500;35.119049072265625;
11368500;31.3809661865234375;
11377500;38.36385345458984375;
11386500;36.17456817626953125;
11395500;36.9737396240234375;
11404500;38.19113922119140625;
11413500;37.6320953369140625;
11422500;40.83615875244140625;
11431500;44.278919219970703125;
11440500;40.451171875;
11449500;36.5462799072265625;
11458500;38.90801239013671875;
11467500;42.05710601806640625;
11476500;35.94492340087890625;
11485500;35.63312530517578125;
11494500;35.1766510009765625;
11503500;39.10750579833984375;
11512500;31.8343353271484375;
11521500;33.11346435546875;
11530500;32.1172943115234375;
11539500;36.7288360595703125;
11548500;38.72408294677734375;
11557500;39.7173919677734375;
11566500;38.6090087890625;
11575500;41.377716064453125;
11584500;35.789825439453125;
11593500;37.26055145263671875;
11602500;28.36074066162109375;
11611500;32.482421875;
11620500;38.04006195068359375;
11629500;38.9383392333984375;
11638500;36.198028564453125;
11647500;30.15749359130859375;
11656500;23.7809295654296875;
11665500;35.7756500244140625;
11674500;33.11075592041015625;
11683500;32.1147613525390625;
11692500;32.20420074462890625;
11701500;29.49713897705078125;
11710500;31.7624969482421875;
11719500;39.12152862548828125;
11728500;33.74318695068359375;
11737500;28.9444580078125;
11746500;31.245880126953125;
11755500;28.640594482421875;
11764500;31.330963134765625;
11773500;30.04447174072265625;
11782500;28.50426483154296875;
11791500;22.5263214111328125;
11800500;27.37281036376953125;
11809500;30.314666748046875;
11818500;26.6932373046875;
11827500;29.8921051025390625;
11836500;31.31749725341796875;
11845500;41.0908660888671875;
11854500;37.08049774169921875;
11863500;31.975494384765625;
11872500;34.54821014404296875;
11881500;31.9547882080078125;
11890500;32.19112396240234375;
11899500;32.39046478271484375;
11908500;31.3128662109375;
11917500;35.75095367431640625;
11926500;30.93950653076171875;
11935500;18.80200958251953125;
11944500;26.14693450927734375;
11953500;28.71152496337890625;
11962500;28.4437713623046875;
11971500;34.80847930908203125;
11980500;33.83473968505859375;
11989500;26.93622589111328125;
11998500;30.978729248046875;
12007500;29.9706878662109375;
12016500;32.0371551513671875;
12025500;24.84214019775390625;
12034500;28.17328643798828125;
12043500;29.0362548828125;
12052500;23.21260833740234375;
12061500;28.56304168701171875;
12070500;30.13442230224609375;
12079500;32.21307373046875;
12088500;33.7894287109375;
12097500;39.20389556884765625;
12106500;38.4024505615234375;
12115500;30.63611602783203125;
12124500;29.67795562744140625;
12133500;31.18836212158203125;
12142500;28.211273193359375;
12151500;31.133270263671875;
12160500;25.33929443359375;
12169500;28.10454559326171875;
12178500;31.035552978515625;
12187500;25.157684326171875;
12196500;17.5375518798828125;
12205500;23.1115264892578125;
12214500;19.72795867919921875;
12223500;32.35655975341796875;
12232500;34.492340087890625;
12241500;28.3587799072265625;
12250500;28.223052978515625;
12259500;28.10999298095703125;
12268500;28.55185699462890625;
12277500;27.94205474853515625;
12286500;18.81268310546875;
12295500;13.80529022216796875;
12304500;26.29552459716796875;
12313500;24.3658905029296875;
12322500;28.9272918701171875;
12331500;21.75653076171875;
12340500;21.77845001220703125;
12349500;34.322296142578125;
12358500;38.984161376953125;
12367500;34.634063720703125;
12376500;26.875640869140625;
12385500;28.09287261962890625;
12394500;24.4476470947265625;
12403500;13.75983428955078125;
12412500;25.07988739013671875;
12421500;25.69153594970703125;
12430500;15.6627655029296875;
12439500;21.4718780517578125;
12448500;30.1818084716796875;
12457500;28.58624267578125;
12466500;29.85755157470703125;
12475500;25.9145050048828125;
12484500;33.89202880859375;
12493500;31.44954681396484375;
12502500;17.70714569091796875;
12511500;25.6787109375;
12520500;21.9279022216796875;
12529500;19.577117919921875;
12538500;23.97745513916015625;
12547500;22.420806884765625;
12556500;27.81714630126953125;
12565500;23.45183563232421875;
12574500;24.2536163330078125;
12583500;13.974029541015625;
12592500;19.1760101318359375;
12601500;22.33812713623046875;
12610500;24.3286285400390625;
12619500;25.46566009521484375;
12628500;20.3014373779296875;
12637500;25.4976959228515625;
12646500;26.938934326171875;
12655500;19.12103271484375;
12664500;20.11952972412109375;
12673500;24.4376983642578125;
12682500;24.86414337158203125;
12691500;30.46575164794921875;
12700500;25.19635772705078125;
12709500;17.03759002685546875;
12718500;20.27386474609375;
12727500;22.5589599609375;
12736500;31.61267852783203125;
12745500;30.393310546875;
12754500;23.4824981689453125;
12763500;27.31288909912109375;
12772500;24.99394989013671875;
12781500;26.38262939453125;
12790500;28.43779754638671875;
12799500;14.24001312255859375;
12808500;17.17609405517578125;
12817500;26.35343170166015625;
12826500;22.4233551025390625;
12835500;28.4446563720703125;
12844500;23.98528289794921875;
12853500;26.7433319091796875;
12862500;36.29770660400390625;
12871500;36.45386505126953125;
12880500;31.32613372802734375;
12889500;24.81777191162109375;
12898500;22.99916839599609375;
12907500;23.9442291259765625;
12916500;19.98883056640625;
12925500;27.83037567138671875;
12934500;24.88352203369140625;
12943500;25.187255859375;
12952500;24.5127105712890625;
12961500;16.845977783203125;
12970500;27.5430145263671875;
12979500;24.266998291015625;
12988500;29.00592041015625;
12997500;27.81461334228515625;
13006500;19.46205902099609375;
13015500;22.60710906982421875;
13024500;23.8781585693359375;
13033500;22.52935028076171875;
13042500;26.7722015380859375;
13051500;23.36911773681640625;
13060500;28.8548736572265625;
13069500;29.7808380126953125;
13078500;27.046356201171875;
13087500;20.20923614501953125;
13096500;28.78411865234375;
13105500;28.17395782470703125;
13114500;27.94484710693359375;
13123500;30.5179290771484375;
13132500;22.6051177978515625;
13141500;26.8527679443359375;
13150500;26.06763458251953125;
13159500;33.18062591552734375;
13168500;29.54032135009765625;
13177500;24.0266265869140625;
13186500;26.27570343017578125;
13195500;24.40177154541015625;
13204500;28.50431060791015625;
13213500;26.72400665283203125;
13222500;24.56424713134765625;
13231500;17.434967041015625;
13240500;24.5243682861328125;
13249500;22.51367950439453125;
13258500;26.0084228515625;
13267500;24.97776031494140625;
13276500;23.61888885498046875;
13285500;25.33472442626953125;
13294500;24.4330902099609375;
13303500;27.9657135009765625;
13312500;21.16234588623046875;
13321500;24.15966796875;
13330500;18.419586181640625;
13339500;22.42095184326171875;
13348500;21.99695587158203125;
13357500;27.64778900146484375;
13366500;25.83374786376953125;
13375500;28.05248260498046875;
13384500;29.6321563720703125;
13393500;23.305206298828125;
13402500;19.28328704833984375;
13411500;29.3093109130859375;
13420500;25.02478790283203125;
13429500;23.70953369140625;
13438500;20.90421295166015625;
13447500;24.67193603515625;
13456500;26.31207275390625;
13465500;20.281280517578125;
13474500;19.92771148681640625;
13483500;26.0603485107421875;
13492500;25.54167938232421875;
13501500;24.751007080078125;
13510500;23.0252838134765625;
13519500;24.7127532958984375;
13528500;22.0974578857421875;
13537500;22.87958526611328125;
13546500;23.4199066162109375;
13555500;26.05751800537109375;
13564500;18.0933837890625;
13573500;23.829254150390625;
13582500;25.9566497802734375;
13591500;21.19329833984375;
13600500;24.2209320068359375;
13609500;26.77552032470703125;
13618500;28.8335113525390625;
13627500;33.06111907958984375;
13636500;35.60839080810546875;
13645500;28.121246337890625;
13654500;26.0944671630859375;
13663500;24.77851104736328125;
13672500;27.156494140625;
13681500;26.3585662841796875;
13690500;20.767730712890625;
13699500;23.91913604736328125;
13708500;22.818328857421875;
13717500;17.94467926025390625;
13726500;12.7761993408203125;
13735500;17.8242950439453125;
13744500;15.36478424072265625;
13753500;17.171966552734375;
13762500;17.58036041259765625;
13771500;24.01789093017578125;
13780500;23.75144195556640625;
13789500;22.1013641357421875;
13798500;21.34859466552734375;
13807500;22.25835418701171875;
13816500;20.839202880859375;
13825500;19.66405487060546875;
13834500;27.3538818359375;
13843500;23.3150177001953125;
13852500;25.74622344970703125;
13861500;28.700164794921875;
13870500;19.900390625;
13879500;28.0470123291015625;
13888500;30.34577178955078125;
13897500;24.98917388916015625;
13906500;26.8249359130859375;
13915500;19.6750640869140625;
13924500;22.152923583984375;
13933500;23.5913543701171875;
13942500;19.91168212890625;
13951500;22.73308563232421875;
13960500;20.91854095458984375;
13969500;17.93450164794921875;
13978500;18.03598785400390625;
13987500;17.649139404296875;
13996500;23.5049285888671875;
14005500;25.6150665283203125;
14014500;22.654541015625;
14023500;25.14318084716796875;
14032500;21.2980804443359375;
14041500;16.1527557373046875;
14050500;21.7838287353515625;
14059500;23.38805389404296875;
14068500;19.22487640380859375;
14077500;19.80884552001953125;
14086500;21.14263916015625;
14095500;16.664642333984375;
14104500;18.85012054443359375;
14113500;22.4578857421875;
14122500;22.35552978515625;
14131500;26.4598236083984375;
14140500;26.516387939453125;
14149500;26.44115447998046875;
14158500;19.6890106201171875;
14167500;23.14351654052734375;
14176500;16.320831298828125;
14185500;20.06377410888671875;
14194500;15.5206298828125;
14203500;13.2397613525390625;
14212500;19.53624725341796875;
14221500;18.55146026611328125;
14230500;22.73560333251953125;
14239500;16.932952880859375;
14248500;14.42050933837890625;
14257500;13.86716461181640625;
14266500;17.64714813232421875;
14275500;12.2296142578125;
14284500;18.17816162109375;
14293500;20.59072113037109375;
14302500;18.73346710205078125;
14311500;15.1629180908203125;
14320500;3.7132415771484375;
14329500;11.936248779296875;
14338500;18.2394561767578125;
14347500;20.13555908203125;
14356500;16.172576904296875;
14365500;16.451995849609375;
14374500;15.726043701171875;
14383500;16.52032470703125;
14392500;19.2256317138671875;
14401500;22.99932098388671875;
14410500;18.3368682861328125;
14419500;19.26024627685546875;
14428500;16.12937164306640625;
14437500;23.0124664306640625;
14446500;20.437255859375;
14455500;18.07562255859375;
14464500;16.99439239501953125;
14473500;14.68724822998046875;
14482500;9.218048095703125;
14491500;12.9410552978515625;
14500500;16.88806915283203125;
14509500;16.93523406982421875;
14518500;24.93769073486328125;
14527500;18.35146331787109375;
14536500;11.5207977294921875;
14545500;13.40522003173828125;
14554500;22.08831024169921875;
14563500;23.6369781494140625;
14572500;17.80792236328125;
14581500;21.08039093017578125;
14590500;22.8678436279296875;
14599500;16.1291046142578125;
14608500;21.19437408447265625;
14617500;23.28255462646484375;
14626500;21.0907440185546875;
14635500;13.85335540771484375;
14644500;22.1359100341796875;
14653500;23.96623992919921875;
14662500;15.56386566162109375;
14671500;13.12274169921875;
14680500;13.3731842041015625;
14689500;14.08222198486328125;
14698500;12.19501495361328125;
14707500;13.82640838623046875;
14716500;16.87255859375;
14725500;10.9271392822265625;
14734500;18.68402862548828125;
14743500;17.59037017822265625;
14752500;16.25733184814453125;
14761500;13.1128692626953125;
14770500;23.47473907470703125;
14779500;24.2694244384765625;
14788500;15.6762542724609375;
14797500;18.25992584228515625;
14806500;13.515167236328125;
14815500;16.4870758056640625;
14824500;14.38416290283203125;
14833500;13.91886138916015625;
14842500;22.29940032958984375;
14851500;20.6896514892578125;
14860500;17.7027587890625;
14869500;12.70475006103515625;
14878500;13.41257476806640625;
14887500;21.28240203857421875;
14896500;21.04998779296875;
14905500;23.72022247314453125;
14914500;19.5461883544921875;
14923500;15.9459686279296875;
14932500;9.62860870361328125;
14941500;20.72240447998046875;
14950500;18.78423309326171875;
14959500;12.29034423828125;
14968500;18.365936279296875;
14977500;22.69683837890625;
14986500;19.720123291015625;
14995500;13.89593505859375;
15004500;10.95578765869140625;
15013500;14.9823455810546875;
15022500;6.6028289794921875;
15031500;21.4742584228515625;
15040500;22.02211761474609375;
15049500;16.88973236083984375;
15058500;12.9517669677734375;
15067500;15.63436126708984375;
15076500;18.86883544921875;
15085500;17.5722198486328125;
15094500;17.67307281494140625;
15103500;13.2955322265625;
15112500;19.919677734375;
15121500;20.0603179931640625;
15130500;19.2052764892578125;
15139500;17.6552734375;
15148500;19.73502349853515625;
15157500;13.1073150634765625;
15166500;14.76956939697265625;
15175500;19.276885986328125;
15184500;13.0592041015625;
15193500;11.030731201171875;
15202500;19.0806884765625;
15211500;20.54853057861328125;
15220500;18.750518798828125;
15229500;14.29880523681640625;
15238500;12.4533538818359375;
15247500;20.55399322509765625;
15256500;19.1184844970703125;
15265500;6.6602935791015625;
15274500;18.968109130859375;
15283500;20.71734619140625;
15292500;18.983001708984375;
15301500;22.13294219970703125;
15310500;30.5643768310546875;
15319500;20.89513397216796875;
15328500;4.52236175537109375;
15337500;20.10231781005859375;
15346500;25.11920166015625;
15355500;19.283477783203125;
15364500;14.833892822265625;
15373500;12.908172607421875;
15382500;19.47673797607421875;
15391500;20.96628570556640625;
15400500;15.69087982177734375;
15409500;19.63584136962890625;
15418500;19.681365966796875;
15427500;12.1034393310546875;
15436500;13.12583160400390625;
15445500;23.23676300048828125;
15454500;17.5484619140625;
15463500;16.6062774658203125;
15472500;18.43370819091796875;
15481500;26.61814117431640625;
15490500;11.71321868896484375;
15499500;8.9369659423828125;
15508500;8.6608123779296875;
15517500;18.26493072509765625;
15526500;16.67147064208984375;
15535500;21.49202728271484375;
15544500;24.3798980712890625;
15553500;15.0038604736328125;
15562500;19.778411865234375;
15571500;23.3783721923828125;
15580500;24.1763458251953125;
15589500;13.41905975341796875;
15598500;22.16014862060546875;
15607500;22.55709075927734375;
15616500;14.03618621826171875;
15625500;17.66916656494140625;
15634500;17.4909210205078125;
15643500;14.53530120849609375;
15652500;23.015838623046875;
15661500;20.56919097900390625;
15670500;15.06653594970703125;
15679500;17.8920135498046875;
15688500;22.21988677978515625;
15697500;20.60604095458984375;
15706500;12.541473388671875;
15715500;21.17375946044921875;
15724500;23.19191741943359375;
15733500;19.28197479248046875;
15742500;21.6614532470703125;
15751500;13.4072723388671875;
15760500;23.0538482666015625;
15769500;22.80275726318359375;
15778500;16.8602294921875;
15787500;21.16062164306640625;
15796500;18.9454345703125;
15805500;12.53687286376953125;
15814500;14.0107421875;
15823500;27.3104400634765625;
15832500;28.90416717529296875;
15841500;25.2296600341796875;
15850500;16.08945465087890625;
15859500;22.57038116455078125;
15868500;27.91339111328125;
15877500;12.8567657470703125;
15886500;21.00669097900390625;
15895500;27.9151153564453125;
15904500;24.16455841064453125;
15913500;20.30394744873046875;
15922500;25.4922027587890625;
15931500;21.452178955078125;
15940500;20.97794342041015625;
15949500;23.1887359619140625;
15958500;24.618377685546875;
15967500;19.099639892578125;
15976500;15.11260986328125;
15985500;12.27982330322265625;
15994500;22.543731689453125;
16003500;24.52513885498046875;
16012500;14.78105926513671875;
16021500;16.9726715087890625;
16030500;21.40465545654296875;
16039500;20.1009521484375;
16048500;24.62070465087890625;
16057500;23.88172149658203125;
16066500;25.9018402099609375;
16075500;26.299468994140625;
16084500;21.23152923583984375;
16093500;18.91085052490234375;
16102500;27.07346343994140625;
16111500;20.9176483154296875;
16120500;12.01486968994140625;
16129500;21.66004180908203125;
16138500;14.02095794677734375;
16147500;22.94414520263671875;
16156500;23.4731597900390625;
16165500;25.32729339599609375;
16174500;27.662567138671875;
16183500;25.24584197998046875;
16192500;17.9288330078125;
16201500;23.1291046142578125;
16210500;21.96380615234375;
16219500;24.5452423095703125;
16228500;24.48211669921875;
16237500;10.35614776611328125;
16246500;20.9539794921875;
16255500;20.20709991455078125;
16264500;15.18810272216796875;
16273500;13.779998779296875;
16282500;20.35321044921875;
16291500;19.47495269775390625;
16300500;20.05511474609375;
16309500;24.97663116455078125;
16318500;25.8572998046875;
16327500;18.88790130615234375;
16336500;21.94223785400390625;
16345500;18.18318939208984375;
16354500;25.12575531005859375;
16363500;16.0057830810546875;
16372500;22.43647003173828125;
16381500;25.91571807861328125;
16390500;24.7295684814453125;
16399500;24.2974090576171875;
16408500;16.94561004638671875;
16417500;25.47906494140625;
16426500;24.46906280517578125;
16435500;17.4359588623046875;
16444500;24.611541748046875;
16453500;20.46981048583984375;
16462500;19.78890228271484375;
16471500;23.81048583984375;
16480500;16.6263580322265625;
16489500;29.99536895751953125;
16498500;23.3589935302734375;
16507500;20.7202301025390625;
16516500;18.22934722900390625;
16525500;26.49907684326171875;
16534500;24.5883331298828125;
16543500;15.86678314208984375;
16552500;20.50383758544921875;
16561500;21.004791259765625;
16570500;20.04419708251953125;
16579500;24.667236328125;
16588500;27.298828125;
16597500;22.8224639892578125;
16606500;21.31589508056640625;
16615500;24.1288909912109375;
16624500;29.31056976318359375;
16633500;25.23119354248046875;
16642500;16.23737335205078125;
16651500;19.4934234619140625;
16660500;24.43167877197265625;
16669500;24.36615753173828125;
16678500;20.67359161376953125;
16687500;23.630706787109375;
16696500;15.879425048828125;
16705500;23.49715423583984375;
16714500;17.71978759765625;
16723500;20.0279541015625;
16732500;17.3001861572265625;
16741500;19.0943756103515625;
16750500;18.097991943359375;
16759500;26.790740966796875;
16768500;25.4844512939453125;
16777500;24.3188323974609375;
16786500;28.3144073486328125;
16795500;22.0903778076171875;
16804500;26.8432464599609375;
16813500;24.4092864990234375;
16822500;19.0640106201171875;
16831500;22.3181304931640625;
16840500;30.1981201171875;
16849500;25.40216064453125;
16858500;21.5194854736328125;
16867500;23.17803955078125;
16876500;27.03681182861328125;
16885500;15.24684906005859375;
16894500;23.92559814453125;
16903500;19.73033905029296875;
16912500;23.985504150390625;
16921500;19.3190460205078125;
16930500;24.11946868896484375;
16939500;23.67803192138671875;
16948500;26.9984130859375;
16957500;16.85446929931640625;
16966500;21.59160614013671875;
16975500;23.3940582275390625;
16984500;18.5461273193359375;
16993500;19.26912689208984375;
17002500;17.30620574951171875;
17011500;11.5241241455078125;
17020500;21.76372528076171875;
17029500;19.2790679931640625;
17038500;24.384246826171875;
17047500;23.98381805419921875;
17056500;16.04055023193359375;
17065500;14.95021820068359375;
17074500;25.07686614990234375;
17083500;21.22437286376953125;
17092500;17.94155120849609375;
17101500;25.817901611328125;
17110500;19.7030181884765625;
17119500;16.1747894287109375;
17128500;12.71117401123046875;
17137500;15.20819854736328125;
17146500;9.800537109375;
17155500;18.7807464599609375;
17164500;18.93262481689453125;
17173500;19.722747802734375;
17182500;24.3542022705078125;
17191500;14.63552093505859375;
17200500;17.605255126953125;
17209500;20.41439056396484375;
17218500;21.036468505859375;
17227500;19.77741241455078125;
17236500;17.84461212158203125;
17245500;21.65319061279296875;
17254500;20.9758453369140625;
17263500;16.96936798095703125;
17272500;16.50540924072265625;
17281500;13.93488311767578125;
17290500;12.11133575439453125;
17299500;15.760009765625;
17308500;24.162139892578125;
17317500;22.0069732666015625;
17326500;19.1503143310546875;
17335500;17.620880126953125;
17344500;17.69025421142578125;
17353500;13.0155792236328125;
17362500;14.29557037353515625;
17371500;12.18402862548828125;
17380500;20.16670989990234375;
17389500;18.5419921875;
17398500;15.66666412353515625;
17407500;20.98050689697265625;
17416500;28.03124237060546875;
17425500;20.40647125244140625;
17434500;21.44561004638671875;
17443500;15.57726287841796875;
17452500;15.663360595703125;
17461500;21.64038848876953125;
17470500;20.05364990234375;
17479500;23.56169891357421875;
17488500;16.75585174560546875;
17497500;26.7951507568359375;
17506500;24.92377471923828125;
17515500;16.5495452880859375;
17524500;20.49213409423828125;
17533500;23.85302734375;
17542500;21.1732025146484375;
17551500;21.2125244140625;
17560500;20.50403594970703125;
17569500;20.1510009765625;
17578500;16.496826171875;
17587500;18.5579833984375;
17596500;16.75072479248046875;
17605500;15.73769378662109375;
17614500;6.448822021484375;
17623500;17.6185302734375;
17632500;12.37717437744140625;
17641500;13.3804168701171875;
17650500;3.4900970458984375;
17659500;15.0895538330078125;
17668500;13.38636016845703125;
17677500;10.8973236083984375;
17686500;15.55783843994140625;
17695500;14.11562347412109375;
17704500;18.7912139892578125;
17713500;12.096038818359375;
17722500;10.3156585693359375;
17731500;14.54100799560546875;
17740500;13.78086090087890625;
17749500;14.22330474853515625;
17758500;14.216064453125;
17767500;24.92638397216796875;
17776500;16.6447601318359375;
17785500;10.89781951904296875;
17794500;13.1485137939453125;
17803500;15.9214630126953125;
17812500;17.26349639892578125;
17821500;13.2715911865234375;
17830500;20.6161041259765625;
17839500;19.69134521484375;
17848500;23.36959075927734375;
17857500;22.04615020751953125;
17866500;18.04042816162109375;
17875500;22.991241455078125;
17884500;20.847991943359375;
17893500;19.29615020751953125;
17902500;18.355499267578125;
17911500;10.028411865234375;
17920500;8.31711578369140625;
17929500;18.15439605712890625;
17938500;23.25817108154296875;
17947500;22.7422637939453125;
17956500;16.9875640869140625;
17965500;15.21739959716796875;
17974500;7.66950225830078125;
17983500;11.4183502197265625;
17992500;10.59033966064453125;
18001500;14.74517059326171875;
18010500;12.62603759765625;
18019500;15.4602813720703125;
18028500;22.1339263916015625;
18037500;19.9242401123046875;
18046500;18.53693389892578125;
18055500;22.43572235107421875;
18064500;14.8217010498046875;
18073500;10.54775238037109375;
18082500;15.17774200439453125;
18091500;12.8586273193359375;
18100500;12.51108551025390625;
18109500;18.13828277587890625;
18118500;18.2969818115234375;
18127500;16.484466552734375;
18136500;14.8587188720703125;
18145500;19.58194732666015625;
18154500;15.57982635498046875;
18163500;9.81049346923828125;
18172500;14.02065277099609375;
18181500;18.65117645263671875;
18190500;13.12140655517578125;
18199500;20.1177978515625;
18208500;17.80709075927734375;
18217500;18.62741851806640625;
18226500;9.43133544921875;
18235500;21.010345458984375;
18244500;12.14803314208984375;
18253500;14.36571502685546875;
18262500;13.28331756591796875;
18271500;17.9087371826171875;
18280500;18.49575042724609375;
18289500;19.33327484130859375;
18298500;20.9045562744140625;
18307500;12.39337921142578125;
18316500;14.2135009765625;
18325500;12.81766510009765625;
18334500;12.590118408203125;
18343500;17.29035186767578125;
18352500;18.8928985595703125;
18361500;19.91538238525390625;
18370500;17.8693695068359375;
18379500;24.75792694091796875;
18388500;21.7991485595703125;
18397500;13.74033355712890625;
18406500;14.8061676025390625;
18415500;14.78388214111328125;
18424500;8.459442138671875;
18433500;12.83010101318359375;
18442500;18.3170623779296875;
18451500;16.03607177734375;
18460500;17.26984405517578125;
18469500;33.902130126953125;
18478500;29.91436767578125;
18487500;14.2819671630859375;
18496500;5.9515533447265625;
18505500;11.75501251220703125;
18514500;15.294464111328125;
18523500;17.6111297607421875;
18532500;14.51766204833984375;
18541500;9.219573974609375;
18550500;15.25106048583984375;
18559500;22.83068084716796875;
18568500;9.624053955078125;
18577500;10.8025970458984375;
18586500;5.97125244140625;
18595500;7.71521759033203125;
18604500;17.35193634033203125;
18613500;11.70426177978515625;
18622500;6.0312347412109375;
18631500;11.99248504638671875;
18640500;16.51025390625;
18649500;19.42998504638671875;
18658500;12.102081298828125;
18667500;13.3296356201171875;
18676500;12.970916748046875;
18685500;7.7036590576171875;
18694500;11.18688201904296875;
18703500;13.591461181640625;
18712500;12.26953887939453125;
18721500;15.86965179443359375;
18730500;12.20781707763671875;
18739500;13.48565673828125;
18748500;16.53800201416015625;
18757500;12.1060791015625;
18766500;10.252899169921875;
18775500;11.8769683837890625;
18784500;7.34783172607421875;
18793500;8.7091827392578125;
18802500;8.33960723876953125;
18811500;9.43999481201171875;
18820500;23.49741363525390625;
18829500;17.61435699462890625;
18838500;12.57696533203125;
18847500;12.654296875;
18856500;16.58229827880859375;
18865500;14.69644927978515625;
18874500;15.0495452880859375;
18883500;15.748504638671875;
18892500;15.11187744140625;
18901500;14.80748748779296875;
18910500;25.090362548828125;
18919500;10.76052093505859375;
18928500;6.76746368408203125;
18937500;4.319061279296875;
18946500;15.12613677978515625;
18955500;12.36151885986328125;
18964500;13.63217926025390625;
18973500;9.27433013916015625;
18982500;11.70717620849609375;
18991500;19.81072998046875;
19000500;26.64177703857421875;
19009500;13.19052886962890625;
19018500;12.8721466064453125;
19027500;10.37953948974609375;
19036500;9.6713714599609375;
19045500;15.273284912109375;
19054500;11.62811279296875;
19063500;10.79044342041015625;
19072500;1.45182037353515625;
19081500;20.7566986083984375;
19090500;18.83753204345703125;
19099500;9.79782867431640625;
19108500;13.13275909423828125;
19117500;9.9351806640625;
19126500;9.83795928955078125;
19135500;4.1117401123046875;
19144500;0.46912384033203125;
19153500;10.42212677001953125;
19162500;11.73390960693359375;
19171500;18.68514251708984375;
19180500;13.661041259765625;
19189500;11.16898345947265625;
19198500;7.93170166015625;
19207500;16.69377899169921875;
19216500;14.5208282470703125;
19225500;15.01891326904296875;
19234500;12.75608062744140625;
19243500;11.34265899658203125;
19252500;7.81136322021484375;
19261500;15.3272552490234375;
19270500;11.6335601806640625;
19279500;4.41927337646484375;
19288500;7.011322021484375;
19297500;9.5633087158203125;
19306500;3.46454620361328125;
19315500;9.4423370361328125;
19324500;11.1422119140625;
19333500;10.22081756591796875;
19342500;13.21105194091796875;
19351500;18.31322479248046875;
19360500;8.95281219482421875;
19369500;13.02079010009765625;
19378500;11.67867279052734375;
19387500;9.11385345458984375;
19396500;7.8150482177734375;
19405500;10.73329925537109375;
19414500;11.50360870361328125;
19423500;4.08965301513671875;
19432500;23.3502197265625;
19441500;24.26262664794921875;
19450500;0.8559112548828125;
19459500;8.250244140625;
19468500;10.4116363525390625;
19477500;14.3675537109375;
19486500;11.12985992431640625;
19495500;12.68260955810546875;
19504500;9.746002197265625;
19513500;8.2776947021484375;
19522500;25.4078369140625;
19531500;21.97068023681640625;
19540500;12.08953857421875;
19549500;2.91687774658203125;
19558500;5.37090301513671875;
19567500;11.05316925048828125;
19576500;7.5996246337890625;
19585500;8.4226531982421875;
19594500;16.1027069091796875;
19603500;16.04633331298828125;
19612500;24.13048553466796875;
19621500;15.6102294921875;
19630500;8.71677398681640625;
19639500;7.3659210205078125;
19648500;10.07086181640625;
19657500;10.0912322998046875;
19666500;7.15369415283203125;
19675500;13.28015899658203125;
19684500;2.64881134033203125;
19693500;13.47402191162109375;
19702500;16.62958526611328125;
19711500;10.327880859375;
19720500;5.19443511962890625;
19729500;12.67236328125;
19738500;9.75444793701171875;
19747500;6.86368560791015625;
19756500;10.1189727783203125;
19765500;6.7784881591796875;
19774500;7.5547943115234375;
19783500;8.29721832275390625;
19792500;16.4363861083984375;
19801500;9.0141143798828125;
19810500;11.41292572021484375;
19819500;2.8317108154296875;
19828500;3.36927032470703125;
19837500;4.95703125;
19846500;3.62203216552734375;
19855500;4.376007080078125;
19864500;10.27584075927734375;
19873500;19.259368896484375;
19882500;19.71431732177734375;
19891500;8.391754150390625;
19900500;6.1697998046875;
19909500;5.7427215576171875;
19918500;12.1780853271484375;
19927500;8.42855072021484375;
19936500;9.32111358642578125;
19945500;13.08910369873046875;
19954500;12.75203704833984375;
19963500;22.599365234375;
19972500;15.7040557861328125;
19981500;0.19693756103515625;
19990500;1.9210205078125;
19999500;9.00553131103515625;
20008500;13.97466278076171875;
20017500;6.06729888916015625;
20026500;5.553192138671875;
20035500;16.66715240478515625;
20044500;14.39635467529296875;
20053500;21.85274505615234375;
20062500;12.833953857421875;
20071500;11.274383544921875;
20080500;8.8255157470703125;
20089500;10.99922943115234375;
20098500;11.79314422607421875;
20107500;13.0220947265625;
20116500;11.76149749755859375;
20125500;11.66582489013671875;
20134500;17.6422271728515625;
20143500;22.2122802734375;
20152500;9.756866455078125;
20161500;7.98387908935546875;
20170500;9.12535858154296875;
20179500;9.80303955078125;
20188500;8.93079376220703125;
20197500;7.49440765380859375;
20206500;15.82671356201171875;
20215500;13.4688568115234375;
20224500;17.65764617919921875;
20233500;18.1467437744140625;
20242500;9.19482421875;
20251500;9.111602783203125;
20260500;11.5253143310546875;
20269500;8.21350860595703125;
20278500;6.05211639404296875;
20287500;11.842987060546875;
20296500;14.18663787841796875;
20305500;13.167236328125;
20314500;15.48583984375;
20323500;10.1322479248046875;
20332500;15.95757293701171875;
20341500;16.16631317138671875;
20350500;9.97269439697265625;
20359500;11.171234130859375;
20368500;6.73401641845703125;
20377500;4.32537078857421875;
20386500;13.68865203857421875;
20395500;10.478668212890625;
20404500;15.48370361328125;
20413500;14.54384613037109375;
20422500;16.51944732666015625;
20431500;8.94893646240234375;
20440500;13.72332763671875;
20449500;10.78536224365234375;
20458500;12.56352996826171875;
20467500;9.935028076171875;
20476500;12.933563232421875;
20485500;16.2657623291015625;
20494500;22.14129638671875;
20503500;13.4588775634765625;
20512500;8.18907928466796875;
20521500;7.97383880615234375;
20530500;9.9290313720703125;
20539500;10.308563232421875;
20548500;7.93146514892578125;
20557500;7.84609222412109375;
20566500;0.656494140625;
20575500;16.49997711181640625;
20584500;20.069854736328125;
20593500;13.24172210693359375;
20602500;9.5668792724609375;
20611500;13.082916259765625;
20620500;21.1153411865234375;
20629500;17.542449951171875;
20638500;14.6456756591796875;
20647500;7.88813018798828125;
20656500;10.9021148681640625;
20665500;22.40943145751953125;
20674500;21.24614715576171875;
20683500;14.39121246337890625;
20692500;12.648895263671875;
20701500;14.67272186279296875;
20710500;10.09735870361328125;
20719500;13.9737091064453125;
20728500;2.372772216796875;
20737500;9.92731475830078125;
20746500;7.5652008056640625;
20755500;19.9194793701171875;
20764500;16.549285888671875;
20773500;7.17992401123046875;
20782500;16.645538330078125;
20791500;9.4564208984375;
20800500;15.93782806396484375;
20809500;13.85424041748046875;
20818500;12.4707183837890625;
20827500;3.6590423583984375;
20836500;10.9298248291015625;
20845500;16.82459259033203125;
20854500;14.3552093505859375;
20863500;17.04451751708984375;
20872500;12.13639068603515625;
20881500;10.71722412109375;
20890500;7.01062774658203125;
20899500;11.19516754150390625;
20908500;16.743988037109375;
20917500;10.21015167236328125;
20926500;15.251312255859375;
20935500;18.303436279296875;
20944500;16.76961517333984375;
20953500;15.1251678466796875;
20962500;13.15341949462890625;
20971500;10.54003143310546875;
20980500;6.55091094970703125;
20989500;9.9542236328125;
20998500;10.74410247802734375;
21007500;15.22895050048828125;
21016500;19.61641693115234375;
21025500;20.45276641845703125;
21034500;17.1492767333984375;
21043500;14.8809814453125;
21052500;7.64292144775390625;
21061500;11.545440673828125;
21070500;16.52924346923828125;
21079500;16.6208038330078125;
21088500;13.39678955078125;
21097500;14.97222137451171875;
21106500;20.28166961669921875;
21115500;18.81256866455078125;
21124500;16.43936920166015625;
21133500;17.45171356201171875;
21142500;10.76126861572265625;
21151500;17.3881988525390625;
21160500;13.386322021484375;
21169500;15.9140777587890625;
21178500;10.18048095703125;
21187500;18.7204132080078125;
21196500;22.16399383544921875;
21205500;13.61237335205078125;
21214500;8.86217498779296875;
21223500;18.87938690185546875;
21232500;13.02352142333984375;
21241500;9.29180908203125;
21250500;13.95395660400390625;
21259500;13.79474639892578125;
21268500;12.3174896240234375;
21277500;17.27443695068359375;
21286500;20.31656646728515625;
21295500;12.08750152587890625;
21304500;13.578338623046875;
21313500;15.50708770751953125;
21322500;11.87992095947265625;
21331500;12.64056396484375;
21340500;13.76950836181640625;
21349500;14.228973388671875;
21358500;16.60942840576171875;
21367500;14.28771209716796875;
21376500;13.19122314453125;
21385500;15.34383392333984375;
21394500;15.4077606201171875;
21403500;12.7839202880859375;
21412500;9.21477508544921875;
21421500;8.05176544189453125;
21430500;8.91457366943359375;
21439500;11.06960296630859375;
21448500;10.17789459228515625;
21457500;11.2284393310546875;
21466500;12.6573486328125;
21475500;12.65631103515625;
21484500;12.4091949462890625;
21493500;13.7414093017578125;
21502500;5.39807891845703125;
21511500;12.57450103759765625;
21520500;9.316741943359375;
21529500;8.4833526611328125;
21538500;11.34908294677734375;
21547500;13.9389801025390625;
21556500;14.2203826904296875;
21565500;7.24568939208984375;
21574500;11.482177734375;
21583500;15.1633148193359375;
21592500;8.94384765625;
21601500;6.47670745849609375;
21610500;14.97165679931640625;
21619500;11.58525848388671875;
21628500;11.35865020751953125;
21637500;17.1706390380859375;
21646500;14.238616943359375;
21655500;16.02236175537109375;
21664500;15.78993988037109375;
21673500;17.68523406982421875;
21682500;14.03090667724609375;
21691500;12.33541107177734375;
21700500;8.50940704345703125;
21709500;11.33141326904296875;
21718500;11.1227874755859375;
21727500;11.84911346435546875;
21736500;17.29370880126953125;
21745500;15.4532012939453125;
21754500;16.6400299072265625;
21763500;16.62422943115234375;
21772500;12.278167724609375;
21781500;7.9581756591796875;
21790500;13.69922637939453125;
21799500;12.02724456787109375;
21808500;13.93474578857421875;
21817500;17.301361083984375;
21826500;9.6807861328125;
21835500;7.753692626953125;
21844500;1.5626983642578125;
21853500;6.9444427490234375;
21862500;7.2409820556640625;
21871500;8.69904327392578125;
21880500;12.13698577880859375;
21889500;10.10594940185546875;
21898500;11.09961700439453125;
21907500;7.56764984130859375;
21916500;2.12677764892578125;
21925500;8.69014739990234375;
21934500;9.6931304931640625;
21943500;7.15869903564453125;
21952500;7.020416259765625;
21961500;10.8360748291015625;
21970500;8.80744171142578125;
21979500;7.5153961181640625;
21988500;16.0374908447265625;
21997500;12.542816162109375;
22006500;15.3153839111328125;
22015500;17.13526153564453125;
22024500;4.227447509765625;
22033500;13.041534423828125;
22042500;11.61144256591796875;
22051500;10.95607757568359375;
22060500;15.75450897216796875;
22069500;11.74535369873046875;
22078500;12.3777008056640625;
22087500;4.8679962158203125;
22096500;12.91973114013671875;
22105500;12.43735504150390625;
22114500;13.64434814453125;
22123500;8.04389190673828125;
22132500;8.29601287841796875;
22141500;14.891204833984375;
22150500;10.736328125;
22159500;11.38378143310546875;
22168500;18.5401153564453125;
22177500;9.01497650146484375;
22186500;12.56581878662109375;
22195500;15.493316650390625;
22204500;11.98159027099609375;
22213500;10.400909423828125;
22222500;11.2188720703125;
22231500;18.04559326171875;
22240500;15.53325653076171875;
22249500;19.52297210693359375;
22258500;13.4398040771484375;
22267500;13.7104949951171875;
22276500;9.73320770263671875;
22285500;10.05506134033203125;
22294500;16.49071502685546875;
22303500;17.95531463623046875;
22312500;11.1413726806640625;
22321500;6.114990234375;
22330500;6.62487030029296875;
22339500;15.8124542236328125;
22348500;14.9295806884765625;
22357500;9.3606414794921875;
22366500;13.800872802734375;
22375500;12.65290069580078125;
22384500;14.51670074462890625;
22393500;16.77640533447265625;
22402500;12.031005859375;
22411500;10.7730560302734375;
22420500;13.69899749755859375;
22429500;6.3430938720703125;
22438500;13.04170989990234375;
22447500;18.3664703369140625;
22456500;13.73500823974609375;
22465500;14.7306976318359375;
22474500;13.483795166015625;
22483500;16.12779998779296875;
22492500;8.7650299072265625;
22501500;10.65720367431640625;
22510500;18.09820556640625;
22519500;15.40576171875;
22528500;13.66925811767578125;
22537500;7.98485565185546875;
22546500;15.74853515625;
22555500;12.20607757568359375;
22564500;15.92324066162109375;
22573500;14.5177001953125;
22582500;13.93202972412109375;
22591500;11.426422119140625;
22600500;15.9317779541015625;
22609500;16.36016845703125;
22618500;16.72866058349609375;
22627500;20.033660888671875;
22636500;16.45650482177734375;
22645500;14.03006744384765625;
22654500;13.4517364501953125;
22663500;9.427215576171875;
22672500;8.29986572265625;
22681500;11.37027740478515625;
22690500;14.36505126953125;
22699500;13.58531951904296875;
22708500;13.8072509765625;
22717500;16.70552825927734375;
22726500;17.7541351318359375;
22735500;8.51078033447265625;
22744500;14.71051788330078125;
22753500;12.96465301513671875;
22762500;16.156982421875;
22771500;16.572601318359375;
22780500;22.84236907958984375;
22789500;20.76911163330078125;
22798500;17.478851318359375;
22807500;13.123748779296875;
22816500;12.63714599609375;
22825500;16.82940673828125;
22834500;13.2444915771484375;
22843500;10.583740234375;
22852500;10.567108154296875;
22861500;13.03388214111328125;
22870500;13.917236328125;
22879500;6.4351348876953125;
22888500;4.2033233642578125;
22897500;6.97158050537109375;
22906500;6.97151947021484375;
22915500;11.49292755126953125;
22924500;7.8574981689453125;
22933500;9.23581695556640625;
22942500;14.590362548828125;
22951500;19.4186248779296875;
22960500;18.3485565185546875;
22969500;17.7747650146484375;
22978500;11.71768951416015625;
22987500;12.1801300048828125;
22996500;14.00255584716796875;
23005500;13.6808319091796875;
23014500;16.64473724365234375;
23023500;13.71240234375;
23032500;14.0368499755859375;
23041500;18.71050262451171875;
23050500;15.598419189453125;
23059500;18.91750335693359375;
23068500;14.21649932861328125;
23077500;13.03444671630859375;
23086500;13.859893798828125;
23095500;14.34754180908203125;
23104500;15.97847747802734375;
23113500;16.0910797119140625;
23122500;14.06189727783203125;
23131500;19.0915985107421875;
23140500;16.7587738037109375;
23149500;10.57489776611328125;
23158500;12.81685638427734375;
23167500;16.29660797119140625;
23176500;8.11939239501953125;
23185500;12.5733489990234375;
23194500;9.150848388671875;
23203500;15.71441650390625;
23212500;11.71109771728515625;
23221500;21.81343841552734375;
23230500;13.73261260986328125;
23239500;18.37042999267578125;
23248500;13.6287841796875;
23257500;14.71652984619140625;
23266500;11.35357666015625;
23275500;12.43584442138671875;
23284500;13.692169189453125;
23293500;15.5196685791015625;
23302500;18.5182952880859375;
23311500;20.79190826416015625;
23320500;12.3515625;
23329500;12.1752777099609375;
23338500;10.425750732421875;
23347500;12.73752593994140625;
23356500;8.8219757080078125;
23365500;13.701934814453125;
23374500;10.3599395751953125;
23383500;8.24267578125;
23392500;19.942230224609375;
23401500;15.4429931640625;
23410500;15.0420989990234375;
23419500;16.91262054443359375;
23428500;14.40118408203125;
23437500;12.875732421875;
23446500;7.70131683349609375;
23455500;11.72235870361328125;
23464500;10.06848907470703125;
23473500;12.0712432861328125;
23482500;12.757110595703125;
23491500;10.30511474609375;
23500500;6.31673431396484375;
23509500;10.23395538330078125;
23518500;18.6488800048828125;
23527500;16.98075103759765625;
23536500;18.463623046875;
23545500;15.39450836181640625;
23554500;18.17609405517578125;
23563500;11.61589813232421875;
23572500;19.28022003173828125;
23581500;12.334014892578125;
23590500;9.56855010986328125;
23599500;9.1115570068359375;
23608500;15.11931610107421875;
23617500;14.29723358154296875;
23626500;14.7136993408203125;
23635500;15.84912109375;
23644500;10.02092742919921875;
23653500;11.24291229248046875;
23662500;10.1823577880859375;
23671500;12.10467529296875;
23680500;19.09378814697265625;
23689500;17.59246826171875;
23698500;16.0652618408203125;
23707500;12.6927032470703125;
23716500;19.95721435546875;
23725500;13.155548095703125;
23734500;6.77692413330078125;
23743500;17.56536102294921875;
23752500;13.1305084228515625;
23761500;9.2296600341796875;
23770500;12.04386138916015625;
23779500;15.15253448486328125;
23788500;20.27398681640625;
23797500;7.15476226806640625;
23806500;12.563629150390625;
23815500;10.780120849609375;
23824500;9.94498443603515625;
23833500;8.55260467529296875;
23842500;9.407958984375;
23851500;13.5130157470703125;
23860500;9.30876922607421875;
23869500;10.35761260986328125;
23878500;7.59580230712890625;
23887500;14.959869384765625;
23896500;17.8874969482421875;
23905500;16.94659423828125;
23914500;19.66297149658203125;
23923500;15.4983367919921875;
23932500;13.51375579833984375;
23941500;17.58721923828125;
23950500;11.0550079345703125;
23959500;13.7797393798828125;
23968500;19.5976104736328125;
23977500;13.5021209716796875;
23986500;12.4440460205078125;
23995500;21.40300750732421875;
24004500;24.84270477294921875;
24013500;17.447967529296875;
24022500;13.38626861572265625;
24031500;14.9751129150390625;
24040500;15.238616943359375;
24049500;12.42069244384765625;
24058500;14.10498809814453125;
24067500;15.28676605224609375;
24076500;17.96350860595703125;
24085500;14.87783050537109375;
24094500;10.111236572265625;
24103500;17.0972137451171875;
24112500;17.4188079833984375;
24121500;17.24539947509765625;
24130500;17.4486083984375;
24139500;20.363616943359375;
24148500;20.8397369384765625;
24157500;13.7745208740234375;
24166500;10.89412689208984375;
24175500;7.73101043701171875;
24184500;10.02938079833984375;
24193500;10.55982208251953125;
24202500;7.116302490234375;
24211500;15.14656829833984375;
24220500;13.5771026611328125;
24229500;24.5153656005859375;
24238500;18.657806396484375;
24247500;15.16341400146484375;
24256500;17.87863922119140625;
24265500;18.68379974365234375;
24274500;13.44377899169921875;
24283500;15.091583251953125;
24292500;17.84586334228515625;
24301500;1.95534515380859375;
24310500;13.42957305908203125;
24319500;9.91498565673828125;
24328500;12.44952392578125;
24337500;19.14044952392578125;
24346500;14.30814361572265625;
24355500;10.658294677734375;
24364500;12.60416412353515625;
24373500;10.93743896484375;
24382500;18.23822021484375;
24391500;15.7006072998046875;
24400500;18.4610595703125;
24409500;11.0285797119140625;
24418500;11.67818450927734375;
24427500;16.7614288330078125;
24436500;13.2487640380859375;
24445500;13.44718170166015625;
24454500;22.2905731201171875;
24463500;20.56667327880859375;
24472500;16.986053466796875;
24481500;9.69158172607421875;
24490500;10.60408782958984375;
24499500;13.28638458251953125;
24508500;13.9423065185546875;
24517500;12.3149261474609375;
24526500;16.44255828857421875;
24535500;14.50759124755859375;
24544500;15.65290069580078125;
24553500;13.4450836181640625;
24562500;6.5291748046875;
24571500;17.7549285888671875;
24580500;16.59136199951171875;
24589500;9.7199554443359375;
24598500;11.3015289306640625;
24607500;15.665679931640625;
24616500;13.54538726806640625;
24625500;19.1959228515625;
24634500;17.436370849609375;
24643500;11.91365814208984375;
24652500;13.0447540283203125;
24661500;19.8003997802734375;
24670500;15.72058868408203125;
24679500;15.1790771484375;
24688500;8.8394622802734375;
24697500;15.46044921875;
24706500;9.2751617431640625;
24715500;9.85240936279296875;
24724500;13.26702880859375;
24733500;13.7749176025390625;
24742500;14.59291839599609375;
24751500;5.5485382080078125;
24760500;11.52571868896484375;
24769500;19.292327880859375;
24778500;14.3572845458984375;
24787500;18.0124969482421875;
24796500;10.34574127197265625;
24805500;20.38753509521484375;
24814500;18.1804656982421875;
24823500;14.5230712890625;
24832500;19.8321990966796875;
24841500;18.51268768310546875;
24850500;14.1533203125;
24859500;4.819671630859375;
24868500;7.8737945556640625;
24877500;12.0819091796875;
24886500;16.91640472412109375;
24895500;14.26999664306640625;
24904500;18.4449462890625;
24913500;15.31890869140625;
24922500;13.3348236083984375;
24931500;19.258392333984375;
24940500;19.268310546875;
24949500;10.511260986328125;
24958500;15.44457244873046875;
24967500;12.66179656982421875;
24976500;9.661376953125;
24985500;6.34339141845703125;
24994500;16.24506378173828125;
25003500;14.65789031982421875;
25012500;7.52513885498046875;
25021500;7.69788360595703125;
25030500;7.20095062255859375;
25039500;9.55394744873046875;
25048500;3.1474456787109375;
25057500;7.08255767822265625;
25066500;6.09686279296875;
25075500;11.6065826416015625;
25084500;9.0120849609375;
25093500;8.09990692138671875;
25102500;10.699798583984375;
25111500;13.1190338134765625;
25120500;15.86499786376953125;
25129500;18.41754913330078125;
25138500;18.3570098876953125;
25147500;15.83449554443359375;
25156500;12.1233367919921875;
25165500;12.618743896484375;
25174500;15.6646575927734375;
25183500;9.6457366943359375;
25192500;14.436920166015625;
25201500;11.7505950927734375;
25210500;13.68004608154296875;
25219500;11.08840179443359375;
25228500;7.43328094482421875;
25237500;6.41030120849609375;
25246500;16.74285888671875;
25255500;17.4732818603515625;
25264500;11.77130126953125;
25273500;12.95207977294921875;
25282500;14.38867950439453125;
25291500;21.0642242431640625;
25300500;14.38413238525390625;
25309500;13.0556488037109375;
25318500;12.0328369140625;
25327500;11.20241546630859375;
25336500;3.91448211669921875;
25345500;7.1295013427734375;
25354500;9.510040283203125;
25363500;14.240509033203125;
25372500;8.6808013916015625;
25381500;5.141387939453125;
25390500;1.56986236572265625;
25399500;8.8266143798828125;
25408500;13.16845703125;
25417500;8.8662109375;
25426500;10.13069915771484375;
25435500;5.47682952880859375;
25444500;10.66509246826171875;
25453500;11.07575225830078125;
25462500;8.60601043701171875;
25471500;7.3355560302734375;
25480500;11.45819091796875;
25489500;15.5562896728515625;
25498500;7.7922515869140625;
25507500;10.879150390625;
25516500;14.2673492431640625;
25525500;15.037750244140625;
25534500;17.2386932373046875;
25543500;17.54050445556640625;
25552500;14.9327545166015625;
25561500;18.28951263427734375;
25570500;10.35186004638671875;
25579500;13.601104736328125;
25588500;9.6072845458984375;
25597500;4.03923797607421875;
25606500;9.51480865478515625;
25615500;13.3313140869140625;
25624500;20.76080322265625;
25633500;12.4802703857421875;
25642500;12.34696197509765625;
25651500;12.86583709716796875;
25660500;16.6827239990234375;
25669500;7.69802093505859375;
25678500;9.3323822021484375;
25687500;2.46573638916015625;
25696500;5.17608642578125;
25705500;10.1548309326171875;
25714500;14.552642822265625;
25723500;15.79038238525390625;
25732500;5.08652496337890625;
25741500;14.78827667236328125;
25750500;14.219940185546875;
25759500;8.05680084228515625;
25768500;10.37334442138671875;
25777500;12.91196441650390625;
25786500;10.6783447265625;
25795500;15.339263916015625;
25804500;10.81497955322265625;
25813500;6.00177764892578125;
25822500;6.96453094482421875;
25831500;15.29206085205078125;
25840500;9.92201995849609375;
25849500;5.12078094482421875;
25858500;11.17078399658203125;
25867500;13.8627777099609375;
25876500;14.5007171630859375;
25885500;9.3598785400390625;
25894500;14.60367584228515625;
25903500;7.8594207763671875;
25912500;15.8882904052734375;
25921500;13.50806427001953125;
25930500;-2.5137939453125;
25939500;8.02362823486328125;
25948500;13.25072479248046875;
25957500;13.85491943359375;
25966500;7.0389404296875;
25975500;6.41739654541015625;
25984500;11.8659515380859375;
25993500;11.32514190673828125;
26002500;13.67104339599609375;
26011500;11.79230499267578125;
26020500;1.22023773193359375;
26029500;4.54903411865234375;
26038500;14.16414642333984375;
26047500;9.225555419921875;
26056500;4.8167877197265625;
26065500;14.5388946533203125;
26074500;6.905029296875;
26083500;10.0000762939453125;
26092500;6.4832763671875;
26101500;10.38144683837890625;
26110500;10.76495361328125;
26119500;11.8629150390625;
26128500;7.963104248046875;
26137500;4.07640838623046875;
26146500;11.61275482177734375;
26155500;7.827056884765625;
26164500;12.68585968017578125;
26173500;8.0361175537109375;
26182500;6.65589141845703125;
26191500;7.47130584716796875;
26200500;4.761016845703125;
26209500;15.7582550048828125;
26218500;16.38367462158203125;
26227500;18.3659515380859375;
26236500;4.21465301513671875;
26245500;7.23299407958984375;
26254500;13.97634124755859375;
26263500;12.44162750244140625;
26272500;15.0502166748046875;
26281500;9.8755645751953125;
26290500;18.305023193359375;
26299500;14.5791778564453125;
26308500;8.933868408203125;
26317500;11.609954833984375;
26326500;5.74126434326171875;
26335500;15.222503662109375;
26344500;13.28420257568359375;
26353500;16.49723052978515625;
26362500;13.15245819091796875;
26371500;13.72595977783203125;
26380500;10.16059112548828125;
26389500;15.4091033935546875;
26398500;3.93369293212890625;
26407500;12.62854766845703125;
26416500;9.8794097900390625;
26425500;11.0546417236328125;
26434500;10.85665130615234375;
26443500;11.4122314453125;
26452500;7.95072174072265625;
26461500;2.45665740966796875;
26470500;11.56183624267578125;
26479500;10.71142578125;
26488500;15.0341033935546875;
26497500;9.81175994873046875;
26506500;13.1635284423828125;
26515500;10.5804443359375;
26524500;6.5160369873046875;
26533500;5.3681640625;
26542500;-0.490325927734375;
26551500;12.64812469482421875;
26560500;16.77942657470703125;
26569500;14.49182891845703125;
26578500;9.76197052001953125;
26587500;11.9418487548828125;
26596500;7.5825347900390625;
26605500;11.68634796142578125;
26614500;13.6785430908203125;
26623500;18.95816802978515625;
26632500;9.631256103515625;
26641500;13.5307159423828125;
26650500;15.89141845703125;
26659500;13.91426849365234375;
26668500;12.558868408203125;
26677500;13.88275909423828125;
26686500;9.42407989501953125;
26695500;7.05731201171875;
26704500;3.23064422607421875;
26713500;8.0705108642578125;
26722500;10.13056182861328125;
26731500;11.70915985107421875;
26740500;12.21495819091796875;
26749500;14.50011444091796875;
26758500;9.3319244384765625;
26767500;0.3021087646484375;
26776500;3.0147857666015625;
26785500;12.02359771728515625;
26794500;9.72177886962890625;
26803500;7.7923431396484375;
26812500;12.74999237060546875;
26821500;11.96639251708984375;
26830500;13.13838958740234375;
26839500;12.32631683349609375;
26848500;7.52764129638671875;
26857500;12.89493560791015625;
26866500;13.84386444091796875;
26875500;3.3408660888671875;
26884500;5.571533203125;
26893500;10.8317108154296875;
26902500;11.76735687255859375;
26911500;6.3490753173828125;
26920500;9.1579132080078125;
26929500;10.53026580810546875;
26938500;14.3190765380859375;
26947500;7.01999664306640625;
26956500;12.233642578125;
26965500;10.0519866943359375;
26974500;12.576812744140625;
26983500;12.29846954345703125;
26992500;16.852081298828125;
27001500;18.87064361572265625;
27010500;13.72675323486328125;
27019500;15.790618896484375;
27028500;13.4572601318359375;
27037500;14.02243804931640625;
27046500;11.1946258544921875;
27055500;13.59352874755859375;
27064500;15.14019012451171875;
27073500;5.3432769775390625;
27082500;4.5002288818359375;
27091500;5.3251953125;
27100500;7.60388946533203125;
27109500;1.95110321044921875;
27118500;13.037841796875;
27127500;14.3137359619140625;
27136500;13.230712890625;
27145500;16.0396270751953125;
27154500;15.34173583984375;
27163500;9.40718841552734375;
27172500;14.49523162841796875;
27181500;18.6546783447265625;
27190500;16.6861724853515625;
27199500;17.370574951171875;
27208500;12.95166778564453125;
27217500;17.554656982421875;
27226500;11.71372222900390625;
27235500;15.23668670654296875;
27244500;14.36214447021484375;
27253500;10.2580108642578125;
27262500;11.1305694580078125;
27271500;14.8732452392578125;
27280500;14.1351470947265625;
27289500;21.31573486328125;
27298500;14.75217437744140625;
27307500;4.5967254638671875;
27316500;14.20986175537109375;
27325500;12.0246124267578125;
27334500;10.165191650390625;
27343500;9.4648284912109375;
27352500;7.8320465087890625;
27361500;12.46282196044921875;
27370500;9.27790069580078125;
27379500;9.69045257568359375;
27388500;6.5935516357421875;
27397500;8.65537261962890625;
27406500;14.1953582763671875;
27415500;8.8370361328125;
27424500;13.16347503662109375;
27433500;10.271820068359375;
27442500;12.428497314453125;
27451500;7.55472564697265625;
27460500;9.308807373046875;
27469500;6.957611083984375;
27478500;19.109710693359375;
27487500;13.87178802490234375;
27496500;10.31540679931640625;
27505500;10.98300933837890625;
27514500;15.75738525390625;
27523500;14.77313995361328125;
27532500;10.88971710205078125;
27541500;14.12176513671875;
27550500;15.49658203125;
27559500;13.42232513427734375;
27568500;10.101837158203125;
27577500;16.69258880615234375;
27586500;12.04535675048828125;
27595500;10.15966033935546875;
27604500;12.40221405029296875;
27613500;11.436798095703125;
27622500;10.19522857666015625;
27631500;12.619476318359375;
27640500;16.2125091552734375;
27649500;15.433258056640625;
27658500;9.37596893310546875;
27667500;11.4990234375;
27676500;17.5672149658203125;
27685500;18.32476043701171875;
27694500;18.3111724853515625;
27703500;17.76299285888671875;
27712500;19.5370635986328125;
27721500;20.62706756591796875;
27730500;12.6677703857421875;
27739500;19.45569610595703125;
27748500;20.53444671630859375;
27757500;18.1154022216796875;
27766500;18.42597198486328125;
27775500;20.66890716552734375;
27784500;10.66844940185546875;
27793500;20.36693572998046875;
27802500;19.37113189697265625;
27811500;10.5079803466796875;
27820500;19.63629150390625;
27829500;13.31512451171875;
27838500;11.65978240966796875;
27847500;16.313629150390625;
27856500;19.3777008056640625;
27865500;18.11449432373046875;
27874500;12.90174102783203125;
27883500;14.20458984375;
27892500;9.8680267333984375;
27901500;16.3571014404296875;
27910500;7.45709991455078125;
27919500;17.68346405029296875;
27928500;11.44553375244140625;
27937500;13.74712371826171875;
27946500;17.36612701416015625;
27955500;8.580902099609375;
27964500;11.255645751953125;
27973500;13.5876312255859375;
27982500;15.62169647216796875;
27991500;11.6666412353515625;
28000500;16.5790252685546875;
28009500;15.723724365234375;
28018500;12.9306793212890625;
28027500;13.23592376708984375;
28036500;4.4163970947265625;
28045500;17.9378509521484375;
28054500;11.9699554443359375;
28063500;12.78199005126953125;
28072500;13.63291168212890625;
28081500;7.31478118896484375;
28090500;15.83502960205078125;
28099500;3.759735107421875;
28108500;16.981964111328125;
28117500;11.81803131103515625;
28126500;11.7891693115234375;
28135500;2.38771820068359375;
28144500;14.37035369873046875;
28153500;11.91486358642578125;
28162500;10.7592010498046875;
28171500;11.95318603515625;
28180500;10.61505126953125;
28189500;20.3950958251953125;
28198500;14.51703643798828125;
28207500;16.0727996826171875;
28216500;20.5592193603515625;
28225500;14.93056488037109375;
28234500;17.42705535888671875;
28243500;21.84279632568359375;
28252500;20.15250396728515625;
28261500;6.7144012451171875;
28270500;17.933135986328125;
28279500;19.0111236572265625;
28288500;16.41399383544921875;
28297500;21.692291259765625;
28306500;19.62795257568359375;
28315500;13.83184814453125;
28324500;12.46146392822265625;
28333500;14.73967742919921875;
28342500;17.61104583740234375;
28351500;14.8357696533203125;
28360500;16.47968292236328125;
28369500;18.364593505859375;
28378500;7.6177215576171875;
28387500;14.79334259033203125;
28396500;11.97040557861328125;
28405500;12.9611663818359375;
28414500;8.56114959716796875;
28423500;17.61174774169921875;
28432500;17.75559234619140625;
28441500;14.58675384521484375;
28450500;14.37001800537109375;
28459500;13.82303619384765625;
28468500;14.15274810791015625;
28477500;12.944122314453125;
28486500;16.32959747314453125;
28495500;15.75370025634765625;
28504500;10.4802398681640625;
28513500;11.5978851318359375;
28522500;12.28662109375;
28531500;14.19550323486328125;
28540500;10.644500732421875;
28549500;12.5631103515625;
28558500;14.93193817138671875;
28567500;16.29296875;
28576500;14.890411376953125;
28585500;14.9893646240234375;
28594500;15.14351654052734375;
28603500;10.5403289794921875;
28612500;14.20682525634765625;
28621500;13.47844696044921875;
28630500;9.357696533203125;
28639500;7.62760162353515625;
28648500;11.27118682861328125;
28657500;9.2097625732421875;
28666500;9.3661651611328125;
28675500;14.616546630859375;
28684500;5.8947906494140625;
28693500;11.35831451416015625;
28702500;14.3987884521484375;
28711500;19.50818634033203125;
28720500;15.25537109375;
28729500;16.86534881591796875;
28738500;14.59697723388671875;
28747500;14.9171142578125;
28756500;14.30487823486328125;
28765500;10.815216064453125;
28774500;19.29644012451171875;
28783500;12.05930328369140625;
28792500;9.8604888916015625;
28801500;18.23867034912109375;
28810500;11.370391845703125;
28819500;9.98883819580078125;
28828500;8.0335235595703125;
28837500;11.73828125;
28846500;19.83917999267578125;
28855500;13.91876983642578125;
28864500;14.659332275390625;
28873500;15.40814208984375;
28882500;13.209442138671875;
28891500;8.37001800537109375;
28900500;8.7042999267578125;
28909500;12.81493377685546875;
28918500;8.80181121826171875;
28927500;16.841522216796875;
28936500;18.2401580810546875;
28945500;16.7635650634765625;
28954500;17.66188812255859375;
28963500;18.01457977294921875;
28972500;13.2934112548828125;
28981500;16.10831451416015625;
28990500;14.35576629638671875;
28999500;7.44747161865234375;
29008500;1.5078887939453125;
29017500;5.7418212890625;
29026500;12.10605621337890625;
29035500;11.02129364013671875;
29044500;10.45794677734375;
29053500;16.64048004150390625;
29062500;20.11669921875;
29071500;12.95978546142578125;
29080500;15.85677337646484375;
29089500;11.4429168701171875;
29098500;13.3781890869140625;
29107500;12.99169921875;
29116500;16.40477752685546875;
29125500;12.8179779052734375;
29134500;9.82544708251953125;
29143500;12.190521240234375;
29152500;12.852081298828125;
29161500;12.13234710693359375;
29170500;15.158966064453125;
29179500;16.0298919677734375;
29188500;13.1457061767578125;
29197500;15.6191253662109375;
29206500;21.36386871337890625;
29215500;22.866241455078125;
29224500;15.72576141357421875;
29233500;16.22251129150390625;
29242500;23.85101318359375;
29251500;21.44470977783203125;
29260500;19.02751922607421875;
29269500;17.04456329345703125;
29278500;19.22381591796875;
29287500;22.8704681396484375;
29296500;21.7067718505859375;
29305500;24.49114990234375;
29314500;25.4077301025390625;
29323500;22.67095947265625;
29332500;22.813140869140625;
29341500;19.93083953857421875;
29350500;19.9693603515625;
29359500;19.6384429931640625;
29368500;17.4551544189453125;
29377500;22.0082550048828125;
29386500;17.69411468505859375;
29395500;21.1276397705078125;
29404500;18.8169708251953125;
29413500;17.18993377685546875;
29422500;17.647216796875;
29431500;17.043975830078125;
29440500;21.48772430419921875;
29449500;17.75269317626953125;
29458500;21.4862823486328125;
29467500;23.99195098876953125;
29476500;21.75577545166015625;
29485500;21.9768829345703125;
29494500;17.365875244140625;
29503500;17.93939971923828125;
29512500;20.50180816650390625;
29521500;25.8431854248046875;
29530500;20.54752349853515625;
29539500;20.51425933837890625;
29548500;18.3288421630859375;
29557500;16.4477691650390625;
29566500;19.293243408203125;
29575500;22.29137420654296875;
29584500;22.3549652099609375;
29593500;27.1176300048828125;
29602500;26.5375213623046875;
29611500;25.51312255859375;
29620500;27.0755462646484375;
29629500;18.2966766357421875;
29638500;30.884857177734375;
29647500;29.48983001708984375;
29656500;28.6306304931640625;
29665500;32.9767608642578125;
29674500;32.1182098388671875;
29683500;34.7255401611328125;
29692500;32.12996673583984375;
29701500;29.6365966796875;
29710500;36.0055389404296875;
29719500;28.75858306884765625;
29728500;38.645416259765625;
29737500;36.6678619384765625;
29746500;35.5843505859375;
29755500;33.00457763671875;
29764500;28.55268096923828125;
29773500;32.2281951904296875;
29782500;35.4154052734375;
29791500;40.27130889892578125;
29800500;40.72835540771484375;
29809500;40.00965118408203125;
29818500;39.4581451416015625;
29827500;34.2219390869140625;
29836500;33.3602294921875;
29845500;28.1028289794921875;
29854500;30.028778076171875;
29863500;33.65068817138671875;
29872500;39.86536407470703125;
29881500;37.73702239990234375;
29890500;31.83036041259765625;
29899500;37.282073974609375;
29908500;39.35872650146484375;
29917500;32.4932403564453125;
29926500;36.1674041748046875;
29935500;31.878936767578125;
29944500;29.02112579345703125;
29953500;38.0543365478515625;
29962500;30.3781890869140625;
29971500;25.96727752685546875;
29980500;32.14083099365234375;
29989500;30.29671478271484375;
29998500;31.90016937255859375;
