Type;1.4;
Version;1.4;
Date;29.Aug 2023;
Mode;ANALYZER;
Preamplifier;ON;
Transducer;OFF;
Center Freq;15076500.000000;Hz
Freq Offset;0.000000;Hz
Start;154500.000000;Hz
Stop;29998500.000000;Hz
Span;29844000.000000;Hz
Ref Level;62.000000;dB”V
Level Offset;0.000000;dB
Rf Att;0.000000;dB
El Att;0.000000;dB
RBW;9000.000000;Hz
VBW;100000.000000;Hz
SWT;0.000654;s
Sweep Count;10;
Window;1;Frequency Sweep
Ref Position;100.000000;%
Level Range;100.000000;dB
x-Axis;LIN;
y-Axis;LOG;
x-Unit;Hz;
y-Unit;dB”V;
Trace;1;
Trace Mode;AVERAGE;
Detector;RMS;
Values;3317;
154500;37.89183044433594;
163500;32.967552185058594;
172500;32.501258850097656;
181500;27.18976593017578;
190500;32.66155242919922;
199500;35.529624938964844;
208500;33.47193908691406;
217500;28.692184448242188;
226500;26.21891021728516;
235500;32.74723815917969;
244500;30.18519592285156;
253500;31.83213806152344;
262500;30.177459716796875;
271500;31.26380920410156;
280500;31.334136962890625;
289500;34.91290283203125;
298500;31.816795349121094;
307500;28.45116424560547;
316500;32.079299926757805;
325500;26.132354736328125;
334500;24.911895751953125;
343500;19.046150207519528;
352500;23.393035888671875;
361500;21.146766662597656;
370500;24.38197326660156;
379500;16.529464721679688;
388500;13.753005981445312;
397500;17.97942352294922;
406500;20.85737609863281;
415500;18.273094177246094;
424500;17.76763916015625;
433500;22.32958984375;
442500;15.109512329101562;
451500;17.668235778808594;
460500;17.073257446289062;
469500;14.812820434570312;
478500;12.050308227539062;
487500;18.042091369628903;
496500;13.54559326171875;
505500;11.969825744628906;
514500;14.80291748046875;
523500;16.42371368408203;
532500;13.374038696289062;
541500;14.524261474609377;
550500;15.01044464111328;
559500;11.072341918945312;
568500;14.070320129394531;
577500;15.367034912109377;
586500;17.49402618408203;
595500;17.69853973388672;
604500;13.82036590576172;
613500;16.380783081054688;
622500;13.969093322753906;
631500;12.229476928710936;
640500;15.846107482910156;
649500;15.906295776367188;
658500;12.610984802246092;
667500;15.027511596679688;
676500;18.82233428955078;
685500;14.10808563232422;
694500;15.02459716796875;
703500;16.6171875;
712500;18.03791046142578;
721500;18.45294952392578;
730500;19.37572479248047;
739500;16.845916748046875;
748500;18.146247863769528;
757500;23.337142944335938;
766500;20.347511291503903;
775500;20.22006225585937;
784500;21.54483795166016;
793500;25.03801727294921;
802500;23.532432556152344;
811500;26.241531372070312;
820500;22.7120361328125;
829500;21.63374328613281;
838500;26.971588134765625;
847500;31.12364959716797;
856500;27.87029266357421;
865500;29.256935119628903;
874500;29.437164306640625;
883500;32.09281921386719;
892500;36.97460174560546;
901500;33.724098205566406;
910500;29.59239959716797;
919500;31.12489318847656;
928500;38.13812255859375;
937500;32.65331268310547;
946500;31.876235961914062;
955500;32.876007080078125;
964500;32.009796142578125;
973500;35.03479766845703;
982500;29.233810424804688;
991500;28.900543212890625;
1000500;32.30382537841797;
1009500;32.289451599121094;
1018500;27.605133056640625;
1027500;25.529312133789062;
1036500;33.79059600830078;
1045500;28.50752258300781;
1054500;28.34729766845703;
1063500;28.105018615722656;
1072500;29.97162628173828;
1081500;31.48509979248047;
1090500;26.09883117675781;
1099500;25.47808074951172;
1108500;26.5303955078125;
1117500;32.344749450683594;
1126500;25.132850646972656;
1135500;26.21764373779297;
1144500;26.40904235839844;
1153500;26.48321533203125;
1162500;26.09436798095703;
1171500;20.8122787475586;
1180500;22.759040832519528;
1189500;21.66461944580078;
1198500;24.896980285644528;
1207500;21.103965759277344;
1216500;22.60224914550781;
1225500;22.263168334960938;
1234500;20.57067108154297;
1243500;20.13169860839844;
1252500;19.27574157714844;
1261500;19.51187896728516;
1270500;18.74137115478516;
1279500;19.40850067138672;
1288500;16.86071014404297;
1297500;17.079002380371094;
1306500;21.189552307128903;
1315500;18.194610595703125;
1324500;16.895179748535156;
1333500;17.844711303710938;
1342500;15.922622680664062;
1351500;15.715415954589844;
1360500;17.142799377441406;
1369500;17.229164123535156;
1378500;15.325721740722656;
1387500;17.612335205078125;
1396500;18.072311401367188;
1405500;16.22962188720703;
1414500;15.098220825195312;
1423500;13.615325927734377;
1432500;15.484138488769531;
1441500;14.622177124023436;
1450500;13.218978881835936;
1459500;15.069938659667969;
1468500;16.40435028076172;
1477500;16.02405548095703;
1486500;17.198226928710938;
1495500;17.10810089111328;
1504500;15.76226043701172;
1513500;15.197921752929688;
1522500;17.759483337402344;
1531500;16.80303955078125;
1540500;16.80687713623047;
1549500;17.58399200439453;
1558500;17.400924682617188;
1567500;15.899276733398436;
1576500;18.70977783203125;
1585500;17.470352172851562;
1594500;16.653762817382812;
1603500;18.13594055175781;
1612500;16.692901611328125;
1621500;17.68492889404297;
1630500;18.625328063964844;
1639500;18.478561401367188;
1648500;18.754379272460938;
1657500;17.976959228515625;
1666500;19.06696319580078;
1675500;18.818191528320312;
1684500;19.68441772460937;
1693500;20.222419738769528;
1702500;20.38294982910156;
1711500;20.27545928955078;
1720500;18.28789520263672;
1729500;19.93402099609375;
1738500;20.92032623291016;
1747500;20.1700439453125;
1756500;19.996131896972656;
1765500;21.52740478515625;
1774500;19.17742919921875;
1783500;19.986579895019528;
1792500;20.004119873046875;
1801500;18.72715759277344;
1810500;19.60492706298828;
1819500;19.99510955810547;
1828500;20.003341674804688;
1837500;19.31513214111328;
1846500;20.94496154785156;
1855500;19.380210876464844;
1864500;19.51038360595703;
1873500;20.012115478515625;
1882500;18.634742736816406;
1891500;18.163291931152344;
1900500;20.518394470214844;
1909500;18.57823944091797;
1918500;18.791481018066406;
1927500;20.08091735839844;
1936500;19.51429748535156;
1945500;17.16161346435547;
1954500;18.36042022705078;
1963500;19.173545837402344;
1972500;17.341949462890625;
1981500;18.195594787597656;
1990500;18.485107421875;
1999500;18.460464477539062;
2008500;17.39971160888672;
2017500;18.863677978515625;
2026500;18.479209899902344;
2035500;18.00665283203125;
2044500;18.84730529785156;
2053500;19.09949493408203;
2062500;18.05028533935547;
2071500;18.87084197998047;
2080500;19.290733337402344;
2089500;19.066726684570312;
2098500;18.65170288085937;
2107500;19.33805084228516;
2116500;18.421676635742188;
2125500;17.202438354492188;
2134500;17.865394592285156;
2143500;18.71320343017578;
2152500;18.850143432617188;
2161500;19.269859313964844;
2170500;21.174461364746094;
2179500;18.529327392578125;
2188500;18.39228820800781;
2197500;18.3974609375;
2206500;18.311363220214844;
2215500;18.27111053466797;
2224500;18.82678985595703;
2233500;18.05596923828125;
2242500;18.605224609375;
2251500;18.347496032714844;
2260500;18.950241088867188;
2269500;18.58263397216797;
2278500;16.130516052246094;
2287500;16.19538116455078;
2296500;17.72381591796875;
2305500;17.22405242919922;
2314500;16.88812255859375;
2323500;16.321884155273438;
2332500;16.09734344482422;
2341500;15.540695190429688;
2350500;13.963462829589844;
2359500;13.722053527832031;
2368500;14.661460876464844;
2377500;12.801513671875;
2386500;14.49127960205078;
2395500;13.364540100097656;
2404500;11.802200317382812;
2413500;11.109458923339844;
2422500;13.289573669433592;
2431500;12.237190246582031;
2440500;16.659446716308594;
2449500;15.766403198242188;
2458500;11.625106811523436;
2467500;11.910018920898436;
2476500;11.299644470214844;
2485500;11.962478637695312;
2494500;11.048568725585936;
2503500;12.789947509765623;
2512500;11.618064880371092;
2521500;12.371818542480469;
2530500;14.300209045410156;
2539500;12.933921813964844;
2548500;13.925910949707031;
2557500;12.253021240234377;
2566500;13.283889770507812;
2575500;11.883308410644531;
2584500;12.405860900878906;
2593500;14.535133361816406;
2602500;14.57501220703125;
2611500;13.329063415527344;
2620500;14.360809326171877;
2629500;14.178817749023436;
2638500;11.878410339355469;
2647500;13.974258422851562;
2656500;12.42621612548828;
2665500;12.732948303222656;
2674500;14.35065460205078;
2683500;10.887786865234377;
2692500;11.886520385742188;
2701500;14.366477966308592;
2710500;11.884780883789062;
2719500;12.936996459960936;
2728500;13.4864501953125;
2737500;10.867233276367188;
2746500;11.87140655517578;
2755500;13.19792938232422;
2764500;10.393898010253906;
2773500;12.040733337402344;
2782500;11.122390747070312;
2791500;9.247528076171877;
2800500;8.43916320800781;
2809500;8.154632568359375;
2818500;9.09906005859375;
2827500;8.125297546386719;
2836500;10.677536010742188;
2845500;6.7537384033203125;
2854500;8.120529174804686;
2863500;9.579551696777344;
2872500;10.407814025878906;
2881500;9.456375122070312;
2890500;10.03399658203125;
2899500;9.21868896484375;
2908500;8.656959533691406;
2917500;8.790809631347656;
2926500;9.63361358642578;
2935500;6.92388153076172;
2944500;7.915794372558594;
2953500;9.773948669433592;
2962500;10.94683837890625;
2971500;10.989952087402344;
2980500;11.24443817138672;
2989500;8.730278015136719;
2998500;11.95037841796875;
3007500;9.94203186035156;
3016500;10.131423950195312;
3025500;9.53057861328125;
3034500;9.773323059082031;
3043500;6.8282012939453125;
3052500;10.772422790527344;
3061500;10.486465454101562;
3070500;7.418327331542968;
3079500;10.422348022460936;
3088500;11.35296630859375;
3097500;6.69049835205078;
3106500;9.733161926269531;
3115500;7.70008087158203;
3124500;7.073165893554688;
3133500;11.078903198242188;
3142500;8.972785949707031;
3151500;6.280479431152344;
3160500;9.488731384277344;
3169500;7.681716918945312;
3178500;8.454750061035154;
3187500;13.828964233398436;
3196500;9.541000366210936;
3205500;7.687088012695312;
3214500;10.024642944335936;
3223500;6.468666076660156;
3232500;5.998992919921875;
3241500;8.356491088867188;
3250500;7.763763427734375;
3259500;6.822265625;
3268500;8.612319946289062;
3277500;6.064292907714844;
3286500;6.3405609130859375;
3295500;7.255966186523437;
3304500;6.619308471679688;
3313500;8.25038146972656;
3322500;7.900169372558594;
3331500;7.163932800292969;
3340500;5.9046478271484375;
3349500;6.357337951660156;
3358500;6.8970489501953125;
3367500;7.40386962890625;
3376500;6.289390563964844;
3385500;8.050178527832031;
3394500;8.42816162109375;
3403500;8.379058837890625;
3412500;6.54400634765625;
3421500;8.176910400390625;
3430500;6.8865509033203125;
3439500;9.189910888671877;
3448500;8.169906616210938;
3457500;6.9710845947265625;
3466500;6.793540954589844;
3475500;9.580924987792969;
3484500;9.115386962890623;
3493500;8.074127197265625;
3502500;7.614479064941406;
3511500;7.357284545898437;
3520500;7.557350158691406;
3529500;6.7840423583984375;
3538500;5.471221923828125;
3547500;8.340736389160156;
3556500;6.224945068359375;
3565500;7.74591064453125;
3574500;9.09013366699219;
3583500;7.905105590820312;
3592500;6.906646728515625;
3601500;10.247352600097656;
3610500;5.045867919921875;
3619500;5.5365753173828125;
3628500;7.773246765136719;
3637500;5.970603942871094;
3646500;7.165000915527344;
3655500;7.949928283691406;
3664500;6.400840759277344;
3673500;5.672897338867188;
3682500;6.700843811035156;
3691500;6.181358337402344;
3700500;4.847038269042969;
3709500;6.374549865722656;
3718500;6.424705505371094;
3727500;7.523513793945312;
3736500;4.466796875;
3745500;4.771514892578125;
3754500;4.81476593017578;
3763500;4.377906799316406;
3772500;5.430213928222656;
3781500;5.557380676269531;
3790500;4.836517333984375;
3799500;6.052467346191406;
3808500;5.0082550048828125;
3817500;4.069915771484375;
3826500;4.951683044433594;
3835500;4.6015167236328125;
3844500;6.365036010742188;
3853500;5.421241760253905;
3862500;6.558708190917969;
3871500;4.854637145996094;
3880500;2.5030593872070312;
3889500;4.955490112304688;
3898500;5.506271362304688;
3907500;4.877227783203125;
3916500;5.489891052246094;
3925500;4.818611145019531;
3934500;5.663490295410156;
3943500;5.941741943359375;
3952500;3.963676452636719;
3961500;5.8541412353515625;
3970500;6.4011077880859375;
3979500;3.7988510131835938;
3988500;8.553321838378906;
3997500;7.33362579345703;
4006500;3.707839965820313;
4015500;8.178443908691406;
4024500;6.15087890625;
4033500;3.3910675048828125;
4042500;7.112342834472656;
4051500;6.2213134765625;
4060500;6.902519226074219;
4069500;8.096839904785154;
4078500;4.449134826660156;
4087500;4.607574462890625;
4096500;9.474128723144531;
4105500;8.045013427734375;
4114500;8.422157287597656;
4123500;7.8993988037109375;
4132500;8.851982116699217;
4141500;6.23089599609375;
4150500;8.863761901855469;
4159500;7.15557098388672;
4168500;8.824813842773438;
4177500;8.770271301269531;
4186500;5.313850402832031;
4195500;6.416305541992188;
4204500;7.225944519042968;
4213500;5.751678466796875;
4222500;6.9422607421875;
4231500;8.560791015625;
4240500;6.57404327392578;
4249500;9.847419738769531;
4258500;9.753822326660156;
4267500;9.3580322265625;
4276500;9.65961456298828;
4285500;10.731155395507812;
4294500;7.623863220214843;
4303500;10.4036865234375;
4312500;10.653549194335936;
4321500;10.20842742919922;
4330500;8.545112609863281;
4339500;10.218704223632812;
4348500;8.201255798339844;
4357500;9.60283660888672;
4366500;8.891334533691406;
4375500;7.083274841308594;
4384500;8.012176513671875;
4393500;7.660163879394531;
4402500;8.506309509277342;
4411500;6.903831481933594;
4420500;8.64691162109375;
4429500;7.163864135742188;
4438500;7.869316101074218;
4447500;10.535110473632812;
4456500;8.374847412109375;
4465500;7.455177307128905;
4474500;8.838356018066406;
4483500;5.972503662109375;
4492500;8.972206115722656;
4501500;7.796981811523437;
4510500;8.972892761230467;
4519500;7.2991943359375;
4528500;8.77813720703125;
4537500;7.351646423339843;
4546500;9.31768035888672;
4555500;8.172096252441406;
4564500;7.135101318359375;
4573500;8.942283630371092;
4582500;8.204986572265625;
4591500;4.172996520996094;
4600500;5.089881896972656;
4609500;6.498649597167969;
4618500;5.23504638671875;
4627500;7.47425079345703;
4636500;6.318733215332031;
4645500;6.601356506347656;
4654500;7.8115386962890625;
4663500;6.54633331298828;
4672500;4.892601013183594;
4681500;8.621383666992188;
4690500;7.007438659667969;
4699500;3.8253173828125;
4708500;7.623733520507812;
4717500;8.613754272460938;
4726500;4.983253479003905;
4735500;4.415031433105469;
4744500;5.7963714599609375;
4753500;4.41314697265625;
4762500;6.100227355957031;
4771500;6.595558166503905;
4780500;7.147575378417969;
4789500;5.906005859375;
4798500;6.08160400390625;
4807500;6.6634368896484375;
4816500;6.26030731201172;
4825500;6.862823486328125;
4834500;6.371841430664063;
4843500;7.349967956542968;
4852500;7.45458984375;
4861500;7.807350158691406;
4870500;5.575119018554688;
4879500;6.877815246582031;
4888500;8.938446044921875;
4897500;7.19928741455078;
4906500;7.965782165527342;
4915500;7.104644775390625;
4924500;6.0402679443359375;
4933500;6.469932556152344;
4942500;6.261070251464844;
4951500;7.0631866455078125;
4960500;7.293876647949218;
4969500;7.333457946777342;
4978500;9.887313842773438;
4987500;7.376571655273437;
4996500;5.248924255371094;
5005500;6.680274963378905;
5014500;6.847999572753905;
5023500;6.040435791015625;
5032500;6.777610778808594;
5041500;7.9428558349609375;
5050500;4.724220275878905;
5059500;7.31409454345703;
5068500;10.461662292480469;
5077500;7.40003204345703;
5086500;5.68280029296875;
5095500;5.680023193359375;
5104500;6.238731384277344;
5113500;4.67816162109375;
5122500;4.403800964355469;
5131500;4.137298583984375;
5140500;2.912872314453125;
5149500;5.9647216796875;
5158500;6.5143890380859375;
5167500;2.972862243652344;
5176500;4.222099304199219;
5185500;4.682098388671875;
5194500;6.576057434082031;
5203500;4.52326202392578;
5212500;4.093551635742188;
5221500;6.004920959472656;
5230500;4.704322814941406;
5239500;6.609375;
5248500;5.886138916015625;
5257500;4.180999755859375;
5266500;4.32373046875;
5275500;3.7425613403320312;
5284500;4.858795166015625;
5293500;4.303619384765625;
5302500;3.9700851440429688;
5311500;4.7760772705078125;
5320500;4.30107879638672;
5329500;5.299491882324219;
5338500;4.82746124267578;
5347500;3.86248779296875;
5356500;3.182334899902344;
5365500;5.494606018066406;
5374500;3.2660675048828125;
5383500;3.667427062988281;
5392500;3.1918716430664062;
5401500;3.5293502807617188;
5410500;6.045585632324219;
5419500;6.330039978027344;
5428500;6.495819091796875;
5437500;4.6956329345703125;
5446500;4.86064910888672;
5455500;5.9324951171875;
5464500;5.0625;
5473500;6.8829193115234375;
5482500;4.757827758789063;
5491500;4.0206298828125;
5500500;7.679710388183594;
5509500;6.468719482421875;
5518500;6.20122528076172;
5527500;6.09515380859375;
5536500;7.2462158203125;
5545500;4.0379486083984375;
5554500;6.0640716552734375;
5563500;5.615592956542969;
5572500;5.388458251953125;
5581500;5.816612243652344;
5590500;6.965728759765625;
5599500;6.128501892089844;
5608500;5.0456085205078125;
5617500;1.9648361206054688;
5626500;1.92266845703125;
5635500;5.005638122558594;
5644500;3.764503479003906;
5653500;4.149749755859375;
5662500;5.613800048828125;
5671500;6.076583862304688;
5680500;5.00395965576172;
5689500;4.547767639160156;
5698500;6.820091247558594;
5707500;3.2874069213867188;
5716500;3.1983642578125;
5725500;4.661720275878905;
5734500;2.1273269653320312;
5743500;2.794525146484375;
5752500;4.4018096923828125;
5761500;5.813117980957031;
5770500;4.313957214355469;
5779500;4.399139404296875;
5788500;5.227943420410156;
5797500;5.655281066894531;
5806500;4.8956146240234375;
5815500;5.602821350097656;
5824500;5.0046234130859375;
5833500;4.18499755859375;
5842500;5.09686279296875;
5851500;5.0084991455078125;
5860500;5.20075225830078;
5869500;5.43792724609375;
5878500;5.611671447753905;
5887500;6.496101379394531;
5896500;5.039810180664063;
5905500;4.4559478759765625;
5914500;5.888099670410156;
5923500;5.3340606689453125;
5932500;6.7627716064453125;
5941500;6.160308837890625;
5950500;7.9412078857421875;
5959500;5.088912963867188;
5968500;4.819244384765625;
5977500;5.61127471923828;
5986500;4.27911376953125;
5995500;3.23345947265625;
6004500;4.311431884765625;
6013500;3.237411499023437;
6022500;5.053489685058594;
6031500;3.75457763671875;
6040500;4.64202880859375;
6049500;5.901626586914063;
6058500;4.975685119628905;
6067500;5.872718811035156;
6076500;3.983985900878906;
6085500;5.8696136474609375;
6094500;5.2828369140625;
6103500;5.435874938964844;
6112500;5.255058288574219;
6121500;4.904304504394531;
6130500;6.61457061767578;
6139500;4.02130126953125;
6148500;3.5889434814453125;
6157500;1.9058685302734373;
6166500;4.014091491699219;
6175500;3.2692794799804688;
6184500;4.32684326171875;
6193500;6.177947998046875;
6202500;4.2985687255859375;
6211500;5.3596954345703125;
6220500;2.4111328125;
6229500;1.9052734375;
6238500;5.493804931640625;
6247500;6.0834808349609375;
6256500;5.856948852539063;
6265500;2.900375366210937;
6274500;2.731407165527344;
6283500;3.7878341674804688;
6292500;5.325172424316406;
6301500;5.891700744628905;
6310500;3.5437469482421875;
6319500;2.839950561523437;
6328500;5.70941162109375;
6337500;3.6861419677734375;
6346500;5.580940246582031;
6355500;5.232627868652344;
6364500;3.829116821289064;
6373500;4.5211029052734375;
6382500;5.93584442138672;
6391500;3.820960998535156;
6400500;5.793861389160156;
6409500;6.587310791015625;
6418500;4.08331298828125;
6427500;5.892997741699219;
6436500;5.330207824707031;
6445500;5.582077026367188;
6454500;5.367889404296875;
6463500;5.967262268066406;
6472500;5.394866943359375;
6481500;6.08148193359375;
6490500;5.30109405517578;
6499500;5.3905181884765625;
6508500;5.341567993164063;
6517500;3.5929946899414062;
6526500;4.60906982421875;
6535500;4.19915771484375;
6544500;3.5568923950195312;
6553500;5.3548126220703125;
6562500;4.176353454589844;
6571500;4.266044616699219;
6580500;5.48553466796875;
6589500;3.919586181640625;
6598500;3.0894088745117188;
6607500;3.8485336303710938;
6616500;2.525306701660156;
6625500;4.135398864746094;
6634500;3.5939712524414062;
6643500;4.153923034667969;
6652500;2.3811569213867188;
6661500;3.4226531982421875;
6670500;3.6127700805664062;
6679500;2.640937805175781;
6688500;3.307968139648437;
6697500;2.8834228515625;
6706500;2.0945281982421875;
6715500;2.5386734008789062;
6724500;4.6531524658203125;
6733500;3.1196823120117188;
6742500;4.367713928222656;
6751500;1.8954544067382808;
6760500;4.471855163574219;
6769500;6.7521820068359375;
6778500;5.32318115234375;
6787500;4.610107421875;
6796500;5.78327178955078;
6805500;4.650245666503905;
6814500;6.5453033447265625;
6823500;4.940521240234375;
6832500;4.4492034912109375;
6841500;4.202629089355469;
6850500;5.756591796875;
6859500;5.0084075927734375;
6868500;5.093101501464844;
6877500;4.5219573974609375;
6886500;5.272193908691406;
6895500;6.226112365722656;
6904500;6.207420349121094;
6913500;6.288780212402344;
6922500;6.8690338134765625;
6931500;5.146011352539063;
6940500;5.690879821777344;
6949500;8.2281494140625;
6958500;7.737892150878905;
6967500;5.898582458496094;
6976500;6.039077758789063;
6985500;6.034423828125;
6994500;5.979156494140625;
7003500;5.466232299804688;
7012500;5.333168029785156;
7021500;7.268333435058594;
7030500;6.625236511230469;
7039500;6.8160400390625;
7048500;6.039161682128905;
7057500;4.385787963867188;
7066500;6.48906707763672;
7075500;5.528366088867188;
7084500;4.806846618652344;
7093500;6.786521911621094;
7102500;5.250335693359375;
7111500;4.306266784667969;
7120500;4.9838409423828125;
7129500;5.14306640625;
7138500;5.11334991455078;
7147500;5.729606628417969;
7156500;5.570602416992188;
7165500;6.051612854003905;
7174500;4.46466064453125;
7183500;5.898155212402344;
7192500;6.507530212402344;
7201500;4.97760772705078;
7210500;5.90655517578125;
7219500;6.708892822265625;
7228500;5.957237243652344;
7237500;5.408737182617188;
7246500;6.057342529296875;
7255500;7.9169921875;
7264500;4.5662841796875;
7273500;2.095130920410156;
7282500;4.911781311035156;
7291500;4.291282653808594;
7300500;2.769927978515625;
7309500;5.717674255371094;
7318500;2.8232879638671875;
7327500;3.710372924804688;
7336500;5.669288635253905;
7345500;5.734642028808594;
7354500;4.517906188964844;
7363500;7.076271057128905;
7372500;5.819305419921875;
7381500;5.966888427734375;
7390500;7.171356201171875;
7399500;5.346893310546875;
7408500;5.542640686035156;
7417500;6.8960723876953125;
7426500;3.5739898681640625;
7435500;4.269554138183594;
7444500;6.830970764160156;
7453500;2.6770553588867188;
7462500;2.8553390502929688;
7471500;5.7068634033203125;
7480500;4.449752807617188;
7489500;4.6142425537109375;
7498500;7.165199279785156;
7507500;6.900665283203125;
7516500;7.089019775390625;
7525500;5.27790069580078;
7534500;5.9207763671875;
7543500;6.544181823730469;
7552500;5.985748291015625;
7561500;4.657310485839844;
7570500;5.005027770996094;
7579500;8.014663696289062;
7588500;5.158111572265625;
7597500;6.490760803222656;
7606500;7.93682861328125;
7615500;6.223663330078125;
7624500;4.00250244140625;
7633500;5.825241088867188;
7642500;4.195533752441406;
7651500;5.939338684082031;
7660500;4.005332946777344;
7669500;4.39056396484375;
7678500;3.3850021362304688;
7687500;11.194366455078123;
7696500;8.349494934082031;
7705500;5.550827026367188;
7714500;4.800025939941406;
7723500;7.212860107421875;
7732500;6.001678466796875;
7741500;6.537330627441406;
7750500;6.163375854492188;
7759500;6.4467315673828125;
7768500;3.47357177734375;
7777500;10.719024658203123;
7786500;6.4361724853515625;
7795500;5.488204956054688;
7804500;5.348991394042969;
7813500;5.712287902832031;
7822500;6.468505859375;
7831500;7.623855590820312;
7840500;8.200653076171875;
7849500;7.186134338378905;
7858500;8.560821533203125;
7867500;9.075660705566406;
7876500;4.9616241455078125;
7885500;9.4884033203125;
7894500;6.054931640625;
7903500;3.5133285522460938;
7912500;8.687835693359375;
7921500;5.6901397705078125;
7930500;5.07177734375;
7939500;6.361351013183594;
7948500;6.0478363037109375;
7957500;7.27471923828125;
7966500;6.402359008789063;
7975500;7.196754455566406;
7984500;6.790168762207031;
7993500;7.178749084472656;
8002500;5.887718200683594;
8011500;6.206657409667969;
8020500;5.587776184082031;
8029500;4.024574279785156;
8038500;6.589202880859375;
8047500;3.475616455078125;
8056500;1.6332931518554688;
8065500;4.0194854736328125;
8074500;5.1844329833984375;
8083500;4.7906341552734375;
8092500;6.2830963134765625;
8101500;6.052574157714844;
8110500;5.276847839355469;
8119500;3.227851867675781;
8128500;6.821281433105469;
8137500;3.673789978027344;
8146500;4.704612731933594;
8155500;1.8126907348632808;
8164500;3.7655029296875;
8173500;5.787757873535156;
8182500;2.533203125;
8191500;3.5792160034179688;
8200500;4.798004150390625;
8209500;7.483512878417968;
8218500;9.291915893554688;
8227500;7.412773132324218;
8236500;5.206588745117188;
8245500;6.7698822021484375;
8254500;5.2071533203125;
8263500;5.333892822265625;
8272500;7.0185089111328125;
8281500;3.2863540649414062;
8290500;3.162910461425781;
8299500;9.308235168457031;
8308500;5.43683624267578;
8317500;3.3756256103515625;
8326500;4.54327392578125;
8335500;3.581138610839844;
8344500;3.879241943359375;
8353500;3.831123352050781;
8362500;5.3556976318359375;
8371500;6.395164489746094;
8380500;5.52630615234375;
8389500;6.239501953125;
8398500;3.7887115478515625;
8407500;2.99444580078125;
8416500;4.370277404785156;
8425500;4.162834167480469;
8434500;3.2817306518554688;
8443500;1.5624008178710935;
8452500;3.0614547729492188;
8461500;3.6119461059570312;
8470500;6.27983856201172;
8479500;4.203140258789063;
8488500;2.778633117675781;
8497500;1.044921875;
8506500;3.3989410400390625;
8515500;3.0785446166992188;
8524500;4.546989440917969;
8533500;4.254600524902344;
8542500;1.7789154052734375;
8551500;1.4063949584960935;
8560500;3.5418777465820312;
8569500;3.659469604492188;
8578500;1.5891571044921875;
8587500;3.381103515625;
8596500;1.5329208374023435;
8605500;4.153244018554688;
8614500;2.807777404785156;
8623500;4.544578552246094;
8632500;4.93212890625;
8641500;4.845436096191406;
8650500;5.884193420410156;
8659500;2.8150787353515625;
8668500;0.3537216186523437;
8677500;1.0532455444335935;
8686500;1.7447509765625;
8695500;1.3642959594726562;
8704500;3.177207946777344;
8713500;3.008270263671875;
8722500;4.00860595703125;
8731500;5.789093017578125;
8740500;4.549324035644531;
8749500;4.165061950683594;
8758500;2.7283859252929688;
8767500;4.987236022949219;
8776500;3.5190200805664062;
8785500;5.631980895996094;
8794500;4.848175048828125;
8803500;2.7642364501953125;
8812500;3.407920837402344;
8821500;5.737052917480469;
8830500;4.217300415039063;
8839500;2.355316162109375;
8848500;1.0413818359375;
8857500;1.4308090209960935;
8866500;2.48358154296875;
8875500;3.4327163696289062;
8884500;4.565345764160156;
8893500;4.20001983642578;
8902500;2.254096984863281;
8911500;3.4296112060546875;
8920500;3.841644287109375;
8929500;2.4170379638671875;
8938500;0.7891159057617188;
8947500;2.384262084960937;
8956500;1.9264602661132808;
8965500;1.497161865234375;
8974500;3.3573226928710938;
8983500;4.2447662353515625;
8992500;2.9740982055664062;
9001500;1.059326171875;
9010500;2.0267333984375;
9019500;2.316925048828125;
9028500;1.31231689453125;
9037500;2.4506988525390625;
9046500;2.5007476806640625;
9055500;3.281806945800781;
9064500;2.4938201904296875;
9073500;1.07611083984375;
9082500;2.681114196777344;
9091500;1.9832763671875;
9100500;1.739959716796875;
9109500;3.618133544921875;
9118500;2.11077880859375;
9127500;1.5247879028320312;
9136500;1.3973007202148435;
9145500;2.246528625488281;
9154500;3.2214889526367188;
9163500;3.269256591796875;
9172500;2.596519470214844;
9181500;2.952606201171875;
9190500;3.9929046630859375;
9199500;1.7080612182617188;
9208500;1.3305282592773435;
9217500;2.6563720703125;
9226500;3.220443725585937;
9235500;1.8984603881835933;
9244500;4.167930603027344;
9253500;4.618537902832031;
9262500;5.3094329833984375;
9271500;2.1151123046875;
9280500;3.793907165527344;
9289500;3.52008056640625;
9298500;3.2657012939453125;
9307500;4.056571960449219;
9316500;2.2563400268554688;
9325500;4.37615966796875;
9334500;4.380714416503905;
9343500;5.24555206298828;
9352500;3.827003479003906;
9361500;1.42523193359375;
9370500;3.227294921875;
9379500;1.315521240234375;
9388500;4.11724853515625;
9397500;4.75616455078125;
9406500;4.264251708984375;
9415500;6.15777587890625;
9424500;4.863319396972656;
9433500;4.638153076171875;
9442500;4.4987335205078125;
9451500;4.413101196289063;
9460500;5.906768798828125;
9469500;7.369575500488281;
9478500;4.1458282470703125;
9487500;3.9958724975585938;
9496500;6.788246154785156;
9505500;6.681419372558594;
9514500;6.5977935791015625;
9523500;6.381072998046875;
9532500;4.583740234375;
9541500;4.718040466308594;
9550500;6.111740112304688;
9559500;6.91888427734375;
9568500;5.1715087890625;
9577500;4.048141479492188;
9586500;5.478073120117188;
9595500;3.7729568481445312;
9604500;6.016960144042969;
9613500;6.8737335205078125;
9622500;6.639015197753905;
9631500;7.078140258789063;
9640500;3.143013000488281;
9649500;5.88603973388672;
9658500;8.108322143554686;
9667500;7.7705535888671875;
9676500;6.43902587890625;
9685500;6.69049835205078;
9694500;7.3936767578125;
9703500;5.9682464599609375;
9712500;6.3277740478515625;
9721500;7.792800903320312;
9730500;5.3307647705078125;
9739500;6.5159912109375;
9748500;7.186302185058594;
9757500;8.548858642578125;
9766500;8.043121337890625;
9775500;8.8675537109375;
9784500;8.668464660644531;
9793500;8.297355651855469;
9802500;8.923286437988281;
9811500;8.319068908691406;
9820500;9.03240966796875;
9829500;8.198249816894531;
9838500;7.608253479003905;
9847500;6.2711944580078125;
9856500;6.004631042480469;
9865500;7.953445434570312;
9874500;9.521278381347656;
9883500;8.2662353515625;
9892500;7.25110626220703;
9901500;5.906784057617188;
9910500;6.387969970703125;
9919500;8.048065185546875;
9928500;8.6328125;
9937500;8.89337158203125;
9946500;7.936187744140625;
9955500;7.33709716796875;
9964500;8.031600952148438;
9973500;5.7616119384765625;
9982500;6.30389404296875;
9991500;8.233963012695312;
10000500;4.109703063964844;
10009500;6.034637451171875;
10018500;7.411247253417968;
10027500;5.7555999755859375;
10036500;5.512863159179688;
10045500;6.7754669189453125;
10054500;7.779350280761719;
10063500;6.2122802734375;
10072500;7.03984832763672;
10081500;5.759452819824219;
10090500;5.407371520996094;
10099500;7.05500030517578;
10108500;5.93194580078125;
10117500;6.25439453125;
10126500;5.07221221923828;
10135500;6.242301940917969;
10144500;6.473716735839844;
10153500;5.876457214355469;
10162500;6.210540771484375;
10171500;4.191162109375;
10180500;4.945396423339844;
10189500;5.00836944580078;
10198500;3.672462463378906;
10207500;4.635589599609375;
10216500;5.734779357910156;
10225500;3.717323303222656;
10234500;4.7938232421875;
10243500;2.438583374023437;
10252500;4.66338348388672;
10261500;3.427581787109375;
10270500;7.410423278808594;
10279500;5.304534912109375;
10288500;3.530235290527344;
10297500;4.5738677978515625;
10306500;6.740470886230469;
10315500;4.463668823242188;
10324500;4.713249206542969;
10333500;4.179801940917969;
10342500;4.755363464355469;
10351500;3.979934692382813;
10360500;2.9567947387695312;
10369500;2.030426025390625;
10378500;1.3112640380859375;
10387500;3.061431884765625;
10396500;2.998085021972656;
10405500;3.4681549072265625;
10414500;4.5611419677734375;
10423500;2.305892944335937;
10432500;2.88861083984375;
10441500;2.5537872314453125;
10450500;2.433921813964844;
10459500;5.642669677734375;
10468500;3.459503173828125;
10477500;1.9342117309570312;
10486500;2.121620178222656;
10495500;1.2875900268554688;
10504500;0.7013778686523438;
10513500;-0.3272857666015625;
10522500;1.77764892578125;
10531500;2.486640930175781;
10540500;3.5772933959960938;
10549500;3.0369873046875;
10558500;3.51263427734375;
10567500;3.0368194580078125;
10576500;3.074569702148437;
10585500;0.1483383178710937;
10594500;1.558319091796875;
10603500;1.0422821044921875;
10612500;2.2722320556640625;
10621500;2.5607833862304688;
10630500;3.6149978637695312;
10639500;1.40045166015625;
10648500;1.1733169555664062;
10657500;2.5711746215820312;
10666500;3.0274734497070312;
10675500;2.3977508544921875;
10684500;0.69512939453125;
10693500;0.5380630493164062;
10702500;-0.244384765625;
10711500;3.204437255859375;
10720500;0.691925048828125;
10729500;0.8592681884765625;
10738500;2.284828186035156;
10747500;2.649765014648437;
10756500;1.8846893310546875;
10765500;-0.157196044921875;
10774500;2.673858642578125;
10783500;4.972785949707031;
10792500;3.3438720703125;
10801500;2.260589599609375;
10810500;1.2420654296875;
10819500;2.5397491455078125;
10828500;3.43353271484375;
10837500;5.6297607421875;
10846500;4.7429046630859375;
10855500;3.8619232177734375;
10864500;4.102752685546875;
10873500;2.876068115234375;
10882500;2.358100891113281;
10891500;4.09087371826172;
10900500;4.091827392578125;
10909500;3.702461242675781;
10918500;4.722442626953125;
10927500;4.60456085205078;
10936500;3.773635864257813;
10945500;0.390411376953125;
10954500;3.5253143310546875;
10963500;1.0467376708984375;
10972500;3.119224548339844;
10981500;3.5439453125;
10990500;3.945259094238281;
10999500;3.1423797607421875;
11008500;4.3460235595703125;
11017500;3.5508270263671875;
11026500;2.520599365234375;
11035500;5.6085357666015625;
11044500;3.6840133666992174;
11053500;3.3811492919921875;
11062500;4.545570373535156;
11071500;2.5921173095703125;
11080500;2.24365234375;
11089500;2.6027755737304688;
11098500;4.609466552734375;
11107500;2.878082275390625;
11116500;2.29864501953125;
11125500;2.3633041381835938;
11134500;2.7834243774414062;
11143500;3.0443191528320312;
11152500;3.094085693359375;
11161500;2.4608688354492188;
11170500;0.88421630859375;
11179500;3.1426315307617188;
11188500;3.7966079711914062;
11197500;2.6480712890625;
11206500;3.18023681640625;
11215500;5.13605499267578;
11224500;4.5404205322265625;
11233500;3.2763900756835938;
11242500;3.568931579589844;
11251500;2.305946350097656;
11260500;3.465576171875;
11269500;5.679161071777344;
11278500;5.3222198486328125;
11287500;3.0676040649414062;
11296500;3.740074157714844;
11305500;2.4193572998046875;
11314500;2.1140213012695312;
11323500;2.9639968872070312;
11332500;0.0582427978515625;
11341500;1.989051818847656;
11350500;2.6313552856445312;
11359500;5.266845703125;
11368500;4.008750915527344;
11377500;3.752288818359375;
11386500;4.331817626953125;
11395500;5.958663940429688;
11404500;3.0082550048828125;
11413500;3.72772216796875;
11422500;3.708106994628906;
11431500;2.403526306152344;
11440500;1.9235610961914065;
11449500;5.849876403808594;
11458500;3.843048095703125;
11467500;3.2225494384765625;
11476500;5.2374114990234375;
11485500;4.37358856201172;
11494500;3.7914352416992174;
11503500;4.7808380126953125;
11512500;2.717636108398437;
11521500;3.021591186523437;
11530500;3.4650802612304688;
11539500;4.5836029052734375;
11548500;2.646697998046875;
11557500;3.3589630126953125;
11566500;4.2669219970703125;
11575500;2.637657165527344;
11584500;2.6064224243164062;
11593500;3.702560424804688;
11602500;2.502113342285156;
11611500;0.352203369140625;
11620500;4.220870971679688;
11629500;1.78948974609375;
11638500;2.6687088012695312;
11647500;1.9992446899414065;
11656500;2.4757156372070312;
11665500;3.838935852050781;
11674500;3.274726867675781;
11683500;3.4091339111328125;
11692500;3.2204132080078125;
11701500;3.5951919555664062;
11710500;3.6546783447265625;
11719500;2.5647125244140625;
11728500;3.156036376953125;
11737500;4.687774658203125;
11746500;3.9386062622070312;
11755500;0.4711074829101562;
11764500;1.7936859130859375;
11773500;2.3988265991210938;
11782500;3.79742431640625;
11791500;2.565757751464844;
11800500;1.934608459472656;
11809500;2.099365234375;
11818500;3.378990173339844;
11827500;1.453125;
11836500;3.079986572265625;
11845500;3.096275329589844;
11854500;4.20513916015625;
11863500;3.89227294921875;
11872500;3.1442947387695312;
11881500;3.909263610839844;
11890500;2.246162414550781;
11899500;2.7030792236328125;
11908500;6.146400451660156;
11917500;1.6058502197265625;
11926500;3.075714111328125;
11935500;2.5787124633789062;
11944500;2.412017822265625;
11953500;2.788887023925781;
11962500;1.637176513671875;
11971500;1.0692596435546875;
11980500;3.0177764892578125;
11989500;1.4630279541015625;
11998500;9.482177734375;
12007500;5.374153137207031;
12016500;5.2753448486328125;
12025500;5.0089111328125;
12034500;3.2396392822265625;
12043500;1.3761825561523435;
12052500;0.2286758422851562;
12061500;4.853195190429688;
12070500;3.1701889038085938;
12079500;0.8810882568359375;
12088500;1.3073501586914062;
12097500;4.812713623046875;
12106500;4.244255065917969;
12115500;2.268760681152344;
12124500;0.6127700805664062;
12133500;4.479042053222656;
12142500;5.485260009765625;
12151500;5.823394775390625;
12160500;3.836685180664064;
12169500;3.95806884765625;
12178500;0.0815887451171875;
12187500;1.7547988891601562;
12196500;4.8246002197265625;
12205500;3.9410476684570312;
12214500;1.2449417114257812;
12223500;0.917633056640625;
12232500;2.028236389160156;
12241500;0.9152297973632812;
12250500;1.7998275756835935;
12259500;3.4644012451171875;
12268500;2.601264953613281;
12277500;3.868843078613281;
12286500;3.0609588623046875;
12295500;0.505035400390625;
12304500;1.4983749389648435;
12313500;1.4871139526367188;
12322500;3.438812255859375;
12331500;2.651527404785156;
12340500;1.4494171142578125;
12349500;1.0795364379882812;
12358500;1.8518600463867188;
12367500;4.105674743652344;
12376500;3.077217102050781;
12385500;2.890365600585937;
12394500;2.7963638305664062;
12403500;2.807807922363281;
12412500;4.591270446777344;
12421500;4.526893615722656;
12430500;2.4996795654296875;
12439500;2.8796157836914062;
12448500;3.5829086303710938;
12457500;3.277450561523437;
12466500;2.9731674194335938;
12475500;1.0060577392578125;
12484500;2.641357421875;
12493500;3.2364501953125;
12502500;6.39508819580078;
12511500;4.191566467285156;
12520500;3.936309814453125;
12529500;2.9696121215820312;
12538500;2.597015380859375;
12547500;2.4532546997070312;
12556500;1.618988037109375;
12565500;1.7735671997070312;
12574500;2.2383956909179688;
12583500;8.05482482910156;
12592500;5.51300811767578;
12601500;4.172691345214844;
12610500;0.2556304931640625;
12619500;3.2478485107421875;
12628500;3.5556640625;
12637500;2.5255126953125;
12646500;1.1852188110351562;
12655500;4.120201110839844;
12664500;6.297981262207031;
12673500;4.723381042480469;
12682500;2.4241180419921875;
12691500;3.6647872924804688;
12700500;4.276542663574219;
12709500;2.228675842285156;
12718500;4.223876953125;
12727500;2.584175109863281;
12736500;5.161224365234375;
12745500;3.7213211059570312;
12754500;3.0577163696289062;
12763500;5.556442260742188;
12772500;3.8330001831054688;
12781500;1.681304931640625;
12790500;4.7345123291015625;
12799500;4.432540893554688;
12808500;2.981048583984375;
12817500;2.4569168090820312;
12826500;3.012733459472656;
12835500;5.7728424072265625;
12844500;5.258155822753905;
12853500;5.3355865478515625;
12862500;4.89410400390625;
12871500;4.387321472167969;
12880500;4.640785217285156;
12889500;4.158409118652344;
12898500;2.2202301025390625;
12907500;3.236968994140625;
12916500;3.9981689453125;
12925500;4.125617980957031;
12934500;8.965126037597656;
12943500;6.0922393798828125;
12952500;3.894729614257813;
12961500;5.6554718017578125;
12970500;5.850257873535156;
12979500;5.145606994628905;
12988500;4.706077575683594;
12997500;4.394050598144531;
13006500;3.494415283203125;
13015500;6.45880126953125;
13024500;8.7813720703125;
13033500;2.95611572265625;
13042500;4.8690338134765625;
13051500;4.509513854980469;
13060500;2.7422103881835938;
13069500;2.2205047607421875;
13078500;0.9234237670898436;
13087500;3.2844161987304688;
13096500;3.375282287597656;
13105500;5.16156768798828;
13114500;6.1962890625;
13123500;2.4774322509765625;
13132500;5.592056274414063;
13141500;5.26972198486328;
13150500;3.0465011596679688;
13159500;3.1452713012695312;
13168500;1.628387451171875;
13177500;6.163444519042969;
13186500;6.16338348388672;
13195500;4.016700744628905;
13204500;5.48883819580078;
13213500;4.385955810546875;
13222500;6.266944885253905;
13231500;6.609336853027344;
13240500;3.3287277221679688;
13249500;4.90277099609375;
13258500;5.618316650390625;
13267500;5.307586669921875;
13276500;6.176437377929688;
13285500;4.87067413330078;
13294500;3.3068389892578125;
13303500;5.120491027832031;
13312500;6.52959442138672;
13321500;6.287483215332031;
13330500;4.8941192626953125;
13339500;3.669265747070313;
13348500;5.233177185058594;
13357500;6.304733276367188;
13366500;5.974143981933594;
13375500;7.239860534667968;
13384500;6.557212829589844;
13393500;6.82080078125;
13402500;5.369049072265625;
13411500;1.9962921142578125;
13420500;5.148216247558594;
13429500;4.4428558349609375;
13438500;5.228927612304688;
13447500;5.6786041259765625;
13456500;6.780632019042969;
13465500;5.1703948974609375;
13474500;5.70050811767578;
13483500;2.044273376464844;
13492500;3.9533920288085938;
13501500;2.93463134765625;
13510500;1.5214080810546875;
13519500;0.3734283447265625;
13528500;-0.4717636108398437;
13537500;1.1105194091796875;
13546500;5.263679504394531;
13555500;2.7197799682617188;
13564500;1.9398422241210933;
13573500;1.0743942260742188;
13582500;1.1831817626953125;
13591500;1.907318115234375;
13600500;1.9916305541992188;
13609500;2.037139892578125;
13618500;3.541351318359375;
13627500;3.744239807128906;
13636500;5.087364196777344;
13645500;1.594451904296875;
13654500;4.038909912109375;
13663500;2.0597000122070312;
13672500;2.0787811279296875;
13681500;1.5059814453125;
13690500;1.1247100830078125;
13699500;5.130950927734375;
13708500;4.807350158691406;
13717500;4.211883544921875;
13726500;4.420768737792969;
13735500;5.6002960205078125;
13744500;3.862876892089844;
13753500;2.744171142578125;
13762500;1.8413238525390625;
13771500;2.898773193359375;
13780500;4.252418518066406;
13789500;2.2170181274414062;
13798500;3.447494506835937;
13807500;2.836143493652344;
13816500;3.860511779785156;
13825500;2.9333953857421875;
13834500;4.192344665527344;
13843500;3.2201385498046875;
13852500;4.374977111816406;
13861500;4.435073852539063;
13870500;5.35370635986328;
13879500;1.832115173339844;
13888500;1.5633163452148435;
13897500;3.2262954711914062;
13906500;3.274765014648437;
13915500;3.566864013671875;
13924500;4.20269775390625;
13933500;0.2445144653320312;
13942500;1.7621917724609375;
13951500;2.8629150390625;
13960500;3.446617126464844;
13969500;1.872650146484375;
13978500;1.9709548950195312;
13987500;5.45732879638672;
13996500;5.366874694824219;
14005500;5.0230712890625;
14014500;3.6492843627929688;
14023500;3.7405014038085938;
14032500;2.0041580200195312;
14041500;1.3665390014648435;
14050500;3.8245925903320312;
14059500;5.4579010009765625;
14068500;2.8652420043945312;
14077500;3.624824523925781;
14086500;5.048027038574219;
14095500;2.4535446166992188;
14104500;4.186988830566406;
14113500;3.3479537963867188;
14122500;4.3963775634765625;
14131500;5.545249938964844;
14140500;4.703887939453125;
14149500;3.3482589721679688;
14158500;4.091239929199219;
14167500;1.726959228515625;
14176500;2.441246032714844;
14185500;1.031707763671875;
14194500;2.412544250488281;
14203500;3.4502029418945312;
14212500;4.07476043701172;
14221500;4.052490234375;
14230500;6.2772979736328125;
14239500;4.886993408203125;
14248500;5.466209411621094;
14257500;4.819671630859375;
14266500;2.836021423339844;
14275500;4.227935791015625;
14284500;4.43927764892578;
14293500;2.217010498046875;
14302500;3.8021087646484375;
14311500;1.8670806884765625;
14320500;4.350631713867188;
14329500;3.8696517944335938;
14338500;3.7846527099609375;
14347500;4.16387939453125;
14356500;3.505928039550781;
14365500;1.6382293701171875;
14374500;2.8847427368164062;
14383500;4.51483917236328;
14392500;1.9168167114257808;
14401500;3.238609313964844;
14410500;3.5489654541015625;
14419500;2.65167236328125;
14428500;2.89300537109375;
14437500;-0.4388885498046875;
14446500;0.35052490234375;
14455500;1.1420974731445312;
14464500;4.4682464599609375;
14473500;4.8856353759765625;
14482500;4.17206573486328;
14491500;3.876724243164064;
14500500;4.867469787597656;
14509500;4.477798461914063;
14518500;4.561698913574219;
14527500;4.3025970458984375;
14536500;1.5360336303710935;
14545500;3.256256103515625;
14554500;1.9348678588867188;
14563500;1.98675537109375;
14572500;2.4764404296875;
14581500;1.1134414672851562;
14590500;2.2712860107421875;
14599500;2.497016906738281;
14608500;2.3440475463867188;
14617500;2.5825347900390625;
14626500;1.5369110107421875;
14635500;4.634666442871094;
14644500;4.8587799072265625;
14653500;1.5104827880859375;
14662500;2.1285629272460938;
14671500;3.3639678955078125;
14680500;3.450912475585937;
14689500;2.542304992675781;
14698500;0.5301742553710938;
14707500;0.706268310546875;
14716500;1.337890625;
14725500;3.2908477783203125;
14734500;3.129913330078125;
14743500;4.2198028564453125;
14752500;3.6075973510742174;
14761500;1.8119888305664065;
14770500;2.491729736328125;
14779500;1.6255264282226562;
14788500;2.42724609375;
14797500;2.992706298828125;
14806500;1.8218536376953125;
14815500;2.149696350097656;
14824500;1.8819808959960933;
14833500;2.651695251464844;
14842500;0.9227218627929688;
14851500;4.207496643066406;
14860500;4.1099853515625;
14869500;2.687042236328125;
14878500;3.466392517089844;
14887500;2.7971420288085938;
14896500;2.157798767089844;
14905500;3.657058715820313;
14914500;0.9212188720703124;
14923500;1.8599166870117188;
14932500;2.0990753173828125;
14941500;2.33172607421875;
14950500;2.99774169921875;
14959500;2.261924743652344;
14968500;2.8787155151367188;
14977500;2.6380767822265625;
14986500;1.0111007690429688;
14995500;3.710006713867188;
15004500;3.3567047119140625;
15013500;1.07977294921875;
15022500;1.0008544921875;
15031500;2.161865234375;
15040500;3.907630920410156;
15049500;1.0387115478515625;
15058500;1.2695541381835935;
15067500;2.705848693847656;
15076500;2.241523742675781;
15085500;2.4886627197265625;
15094500;3.03985595703125;
15103500;2.0813522338867188;
15112500;4.483512878417969;
15121500;5.98736572265625;
15130500;1.28314208984375;
15139500;1.8476486206054688;
15148500;2.6919403076171875;
15157500;2.9155197143554688;
15166500;4.08208465576172;
15175500;0.885498046875;
15184500;1.27532958984375;
15193500;1.0484542846679688;
15202500;2.7378463745117188;
15211500;5.79962158203125;
15220500;2.983749389648437;
15229500;1.6245269775390625;
15238500;2.7159576416015625;
15247500;2.1034164428710938;
15256500;2.4880447387695312;
15265500;4.5037384033203125;
15274500;4.1515045166015625;
15283500;3.84075927734375;
15292500;4.584724426269531;
15301500;2.2683029174804688;
15310500;1.5544281005859375;
15319500;2.237045288085937;
15328500;1.3953170776367188;
15337500;3.3936309814453125;
15346500;2.806724548339844;
15355500;3.343734741210937;
15364500;2.5383834838867188;
15373500;3.100006103515625;
15382500;3.668304443359375;
15391500;3.066192626953125;
15400500;2.524986267089844;
15409500;2.8979568481445312;
15418500;2.9003829956054688;
15427500;3.163642883300781;
15436500;2.359344482421875;
15445500;1.0300064086914062;
15454500;1.835411071777344;
15463500;4.148590087890625;
15472500;2.3771209716796875;
15481500;3.1710281372070312;
15490500;3.3467330932617188;
15499500;2.1380844116210938;
15508500;4.248527526855469;
15517500;2.9031524658203125;
15526500;1.5713424682617188;
15535500;3.1901779174804688;
15544500;2.998374938964844;
15553500;3.0793609619140625;
15562500;6.51361083984375;
15571500;3.762260437011719;
15580500;2.754135131835937;
15589500;1.2586746215820312;
15598500;3.7894363403320312;
15607500;4.3467559814453125;
15616500;3.7935791015625;
15625500;2.393638610839844;
15634500;2.3314208984375;
15643500;7.764022827148437;
15652500;4.8700103759765625;
15661500;2.735458374023437;
15670500;3.709259033203125;
15679500;3.425033569335937;
15688500;5.090446472167969;
15697500;1.5376510620117188;
15706500;1.2331619262695312;
15715500;1.7887954711914062;
15724500;4.3343353271484375;
15733500;9.077316284179688;
15742500;3.4166412353515625;
15751500;3.883583068847656;
15760500;1.63092041015625;
15769500;4.204093933105469;
15778500;2.366539001464844;
15787500;3.953659057617188;
15796500;4.1107025146484375;
15805500;3.508270263671875;
15814500;5.288566589355469;
15823500;7.904937744140625;
15832500;1.7325820922851562;
15841500;2.3346023559570312;
15850500;3.6993484497070312;
15859500;2.0694580078125;
15868500;2.5355300903320312;
15877500;2.128456115722656;
15886500;1.0587615966796875;
15895500;1.0358352661132812;
15904500;4.170860290527344;
15913500;4.600128173828125;
15922500;3.519813537597656;
15931500;3.2192153930664062;
15940500;2.938873291015625;
15949500;4.698944091796875;
15958500;3.794876098632813;
15967500;1.0231170654296875;
15976500;-0.4294891357421875;
15985500;4.08837890625;
15994500;4.568733215332031;
16003500;4.68012237548828;
16012500;3.561752319335937;
16021500;4.447273254394531;
16030500;4.643966674804688;
16039500;4.818840026855469;
16048500;1.2157058715820312;
16057500;2.827354431152344;
16066500;1.5606231689453125;
16075500;-0.07269287109375;
16084500;2.940765380859375;
16093500;0.566619873046875;
16102500;3.7481918334960938;
16111500;2.6758270263671875;
16120500;3.460678100585937;
16129500;3.501434326171875;
16138500;2.810455322265625;
16147500;2.8934326171875;
16156500;3.8907470703125;
16165500;3.725502014160156;
16174500;5.775115966796875;
16183500;3.9636077880859375;
16192500;3.4553985595703125;
16201500;3.540679931640625;
16210500;2.992469787597656;
16219500;2.25653076171875;
16228500;3.976280212402344;
16237500;4.679855346679688;
16246500;2.4738845825195312;
16255500;6.848167419433594;
16264500;5.438697814941406;
16273500;1.921112060546875;
16282500;1.2177352905273435;
16291500;4.586921691894531;
16300500;3.2988433837890625;
16309500;3.919754028320313;
16318500;3.1154556274414062;
16327500;1.37103271484375;
16336500;2.9554214477539062;
16345500;6.03241729736328;
16354500;2.971649169921875;
16363500;3.4853286743164062;
16372500;2.8801040649414062;
16381500;3.5714569091796875;
16390500;3.709907531738281;
16399500;3.82037353515625;
16408500;5.51092529296875;
16417500;3.797866821289064;
16426500;1.0625152587890625;
16435500;3.816665649414064;
16444500;4.41338348388672;
16453500;2.886192321777344;
16462500;2.0718917846679688;
16471500;3.098213195800781;
16480500;3.088569641113281;
16489500;3.8463134765625;
16498500;2.5232162475585938;
16507500;1.5016403198242188;
16516500;3.8772201538085938;
16525500;5.320457458496094;
16534500;3.5328445434570312;
16543500;3.232948303222656;
16552500;4.484657287597656;
16561500;3.900596618652344;
16570500;4.09002685546875;
16579500;5.999771118164063;
16588500;4.222412109375;
16597500;2.9104156494140625;
16606500;7.1382904052734375;
16615500;5.030906677246094;
16624500;3.457099914550781;
16633500;2.04376220703125;
16642500;1.40283203125;
16651500;4.492912292480469;
16660500;2.860946655273437;
16669500;2.3712615966796875;
16678500;3.709976196289064;
16687500;4.210090637207031;
16696500;10.133674621582031;
16705500;4.77680206298828;
16714500;3.7061691284179688;
16723500;6.28173828125;
16732500;6.518463134765625;
16741500;3.739227294921875;
16750500;4.714767456054688;
16759500;3.9496841430664062;
16768500;2.680816650390625;
16777500;5.141807556152344;
16786500;6.800712585449219;
16795500;4.010589599609375;
16804500;4.729171752929688;
16813500;2.561195373535156;
16822500;3.5924072265625;
16831500;4.477058410644531;
16840500;2.5575942993164062;
16849500;2.4461898803710938;
16858500;4.503929138183594;
16867500;6.7901153564453125;
16876500;6.59088134765625;
16885500;5.03632354736328;
16894500;4.0372467041015625;
16903500;4.01690673828125;
16912500;4.230796813964844;
16921500;4.613151550292969;
16930500;5.441009521484375;
16939500;4.663536071777344;
16948500;4.9048919677734375;
16957500;9.14727783203125;
16966500;6.0707855224609375;
16975500;5.4007720947265625;
16984500;5.744316101074219;
16993500;5.140983581542969;
17002500;4.494552612304688;
17011500;5.685829162597656;
17020500;5.244987487792969;
17029500;5.2162628173828125;
17038500;5.399993896484375;
17047500;5.5769805908203125;
17056500;5.03081512451172;
17065500;4.250328063964844;
17074500;4.262466430664063;
17083500;3.8205413818359375;
17092500;5.36871337890625;
17101500;4.062095642089844;
17110500;4.335289001464844;
17119500;4.521080017089844;
17128500;4.929229736328125;
17137500;3.3392410278320312;
17146500;4.672859191894531;
17155500;4.401008605957031;
17164500;3.88543701171875;
17173500;4.5986328125;
17182500;5.443199157714844;
17191500;6.344947814941406;
17200500;4.9022216796875;
17209500;5.473869323730469;
17218500;5.795944213867188;
17227500;4.97271728515625;
17236500;4.459556579589844;
17245500;4.172462463378905;
17254500;4.67529296875;
17263500;5.495140075683594;
17272500;3.387977600097656;
17281500;4.803794860839844;
17290500;4.4499053955078125;
17299500;4.8459320068359375;
17308500;7.1476898193359375;
17317500;4.9305267333984375;
17326500;3.6243896484375;
17335500;3.3508529663085938;
17344500;2.428672790527344;
17353500;5.017303466796875;
17362500;3.585906982421875;
17371500;4.948768615722656;
17380500;1.739898681640625;
17389500;3.8354415893554688;
17398500;5.3380126953125;
17407500;3.2306442260742188;
17416500;4.741905212402344;
17425500;3.7741622924804688;
17434500;4.698036193847656;
17443500;4.355499267578125;
17452500;4.226974487304688;
17461500;3.881927490234375;
17470500;3.774726867675781;
17479500;3.785797119140625;
17488500;4.7901763916015625;
17497500;3.7833099365234375;
17506500;4.41718292236328;
17515500;5.181793212890625;
17524500;3.74359130859375;
17533500;3.9622650146484375;
17542500;4.421348571777344;
17551500;1.9716567993164065;
17560500;2.8697052001953125;
17569500;4.016136169433594;
17578500;3.25567626953125;
17587500;2.9148483276367188;
17596500;4.991661071777344;
17605500;3.3828277587890625;
17614500;5.0236358642578125;
17623500;1.8804779052734373;
17632500;0.8841171264648438;
17641500;4.0452728271484375;
17650500;4.096153259277344;
17659500;4.98566436767578;
17668500;3.18634033203125;
17677500;2.808555603027344;
17686500;1.5615768432617188;
17695500;2.5453109741210938;
17704500;2.7498016357421875;
17713500;-0.4145584106445312;
17722500;2.0637969970703125;
17731500;1.5859298706054688;
17740500;5.854484558105469;
17749500;5.130729675292969;
17758500;3.9100265502929688;
17767500;4.664024353027344;
17776500;3.4416046142578125;
17785500;3.720428466796875;
17794500;3.287025451660156;
17803500;2.671348571777344;
17812500;4.65643310546875;
17821500;3.040122985839844;
17830500;5.739761352539063;
17839500;2.396728515625;
17848500;-0.7581329345703125;
17857500;1.9250564575195312;
17866500;3.749305725097656;
17875500;2.3322067260742188;
17884500;3.2441940307617188;
17893500;3.5954818725585938;
17902500;5.312858581542969;
17911500;5.922698974609375;
17920500;3.6231613159179688;
17929500;4.04180908203125;
17938500;3.8863449096679688;
17947500;3.249008178710937;
17956500;1.3031539916992188;
17965500;3.2409439086914062;
17974500;3.7986984252929688;
17983500;4.229644775390625;
17992500;4.116737365722656;
18001500;5.2784576416015625;
18010500;4.349281311035156;
18019500;5.113555908203125;
18028500;3.5198516845703125;
18037500;4.009002685546875;
18046500;3.4132614135742188;
18055500;5.609664916992188;
18064500;2.7011642456054688;
18073500;4.722808837890625;
18082500;2.649765014648437;
18091500;5.718955993652344;
18100500;1.828773498535156;
18109500;1.26885986328125;
18118500;3.1325454711914062;
18127500;5.226676940917969;
18136500;4.625244140625;
18145500;4.142425537109375;
18154500;4.979713439941406;
18163500;1.5802536010742188;
18172500;2.0821456909179688;
18181500;6.91839599609375;
18190500;5.645179748535156;
18199500;3.488243103027344;
18208500;2.2068862915039062;
18217500;3.4655838012695312;
18226500;3.5289459228515625;
18235500;4.64594268798828;
18244500;3.9203033447265625;
18253500;2.802581787109375;
18262500;3.5516510009765625;
18271500;7.1286163330078125;
18280500;2.8393783569335938;
18289500;1.7942886352539062;
18298500;3.15374755859375;
18307500;4.671470642089844;
18316500;4.671150207519531;
18325500;1.61212158203125;
18334500;2.2106170654296875;
18343500;2.688629150390625;
18352500;4.720436096191406;
18361500;5.29840087890625;
18370500;4.78350830078125;
18379500;4.49370574951172;
18388500;3.4977569580078125;
18397500;3.858917236328125;
18406500;4.083045959472656;
18415500;4.10888671875;
18424500;2.19757080078125;
18433500;2.2796554565429688;
18442500;3.863937377929688;
18451500;2.930892944335937;
18460500;2.4141998291015625;
18469500;14.035743713378906;
18478500;9.474617004394531;
18487500;2.7500991821289062;
18496500;3.3030319213867188;
18505500;2.582916259765625;
18514500;1.6457366943359375;
18523500;4.198722839355469;
18532500;4.495491027832031;
18541500;4.256271362304688;
18550500;4.84423828125;
18559500;3.0361785888671875;
18568500;6.94775390625;
18577500;5.2869873046875;
18586500;4.5636749267578125;
18595500;4.344642639160156;
18604500;5.515113830566406;
18613500;7.195335388183594;
18622500;7.345314025878905;
18631500;3.6098403930664062;
18640500;4.46405792236328;
18649500;3.3665771484375;
18658500;3.5454635620117188;
18667500;4.2237091064453125;
18676500;5.6920318603515625;
18685500;7.094085693359375;
18694500;4.316795349121094;
18703500;8.50068664550781;
18712500;8.998161315917969;
18721500;5.967048645019531;
18730500;5.4945068359375;
18739500;4.344078063964844;
18748500;6.457923889160156;
18757500;4.655769348144531;
18766500;6.20685577392578;
18775500;4.815284729003905;
18784500;5.656837463378905;
18793500;10.315422058105469;
18802500;6.14911651611328;
18811500;5.896873474121094;
18820500;6.810966491699219;
18829500;5.23101806640625;
18838500;5.38421630859375;
18847500;6.827262878417969;
18856500;4.006271362304688;
18865500;5.3599700927734375;
18874500;8.6988525390625;
18883500;10.348991394042969;
18892500;6.842018127441406;
18901500;7.682540893554687;
18910500;7.936134338378905;
18919500;6.366455078125;
18928500;5.040412902832031;
18937500;7.698402404785155;
18946500;6.477226257324219;
18955500;6.677291870117188;
18964500;6.838844299316406;
18973500;8.014411926269531;
18982500;5.068992614746094;
18991500;8.005622863769531;
19000500;6.569725036621094;
19009500;6.8382415771484375;
19018500;4.5648345947265625;
19027500;6.131858825683594;
19036500;6.195808410644531;
19045500;5.190055847167969;
19054500;5.256187438964844;
19063500;5.660614013671875;
19072500;3.0921630859375;
19081500;7.82575225830078;
19090500;5.582527160644531;
19099500;5.721603393554688;
19108500;5.5532073974609375;
19117500;7.362953186035155;
19126500;6.323036193847656;
19135500;3.1502761840820312;
19144500;6.9630889892578125;
19153500;7.0971221923828125;
19162500;5.74445343017578;
19171500;4.347175598144531;
19180500;7.452079772949218;
19189500;8.150711059570312;
19198500;5.720359802246094;
19207500;3.874343872070313;
19216500;5.175537109375;
19225500;7.46832275390625;
19234500;8.841636657714844;
19243500;5.63971710205078;
19252500;4.518486022949219;
19261500;5.80498504638672;
19270500;4.450553894042969;
19279500;4.312545776367188;
19288500;4.57000732421875;
19297500;5.9503326416015625;
19306500;6.8620452880859375;
19315500;7.16400146484375;
19324500;6.110359191894531;
19333500;4.5290374755859375;
19342500;2.870277404785156;
19351500;6.91082763671875;
19360500;6.495887756347656;
19369500;5.164024353027344;
19378500;4.00959014892578;
19387500;4.42705535888672;
19396500;6.0400390625;
19405500;8.925132751464844;
19414500;6.24980926513672;
19423500;4.439094543457031;
19432500;3.156967163085937;
19441500;4.808250427246094;
19450500;4.969261169433594;
19459500;5.471153259277344;
19468500;4.813568115234375;
19477500;6.743667602539063;
19486500;5.356170654296875;
19495500;6.248565673828125;
19504500;3.40447998046875;
19513500;4.569351196289063;
19522500;5.016960144042969;
19531500;5.439338684082031;
19540500;4.073654174804688;
19549500;4.35358428955078;
19558500;4.4221038818359375;
19567500;3.6822509765625;
19576500;6.841285705566406;
19585500;5.2181243896484375;
19594500;4.478759765625;
19603500;4.194854736328125;
19612500;3.2712860107421875;
19621500;2.41571044921875;
19630500;4.736045837402344;
19639500;4.872581481933594;
19648500;4.924896240234375;
19657500;3.6835250854492174;
19666500;5.702545166015625;
19675500;4.5091400146484375;
19684500;5.9072113037109375;
19693500;6.85089874267578;
19702500;5.5057373046875;
19711500;4.819450378417969;
19720500;3.7537841796875;
19729500;3.558578491210937;
19738500;5.0278167724609375;
19747500;4.687919616699219;
19756500;7.271629333496093;
19765500;4.0513763427734375;
19774500;5.007347106933594;
19783500;2.586616516113281;
19792500;2.501983642578125;
19801500;4.9673614501953125;
19810500;3.6085357666015625;
19819500;4.365486145019531;
19828500;2.388954162597656;
19837500;4.4815673828125;
19846500;6.3344268798828125;
19855500;4.69316864013672;
19864500;4.23065948486328;
19873500;3.2731857299804688;
19882500;2.9706573486328125;
19891500;5.057518005371094;
19900500;4.980804443359375;
19909500;2.725189208984375;
19918500;3.2278976440429688;
19927500;5.754249572753905;
19936500;6.0904083251953125;
19945500;5.4795989990234375;
19954500;4.608123779296875;
19963500;4.237808227539063;
19972500;5.787811279296875;
19981500;3.005355834960937;
19990500;2.9338836669921875;
19999500;2.7865142822265625;
20008500;3.971633911132813;
20017500;5.349136352539063;
20026500;5.548179626464844;
20035500;3.0231857299804688;
20044500;4.894210815429688;
20053500;3.735633850097656;
20062500;4.792030334472656;
20071500;4.234054565429688;
20080500;4.5575103759765625;
20089500;5.33111572265625;
20098500;3.4558334350585938;
20107500;2.949691772460937;
20116500;3.4669189453125;
20125500;2.3957443237304688;
20134500;4.9986572265625;
20143500;2.6738052368164062;
20152500;3.5684967041015625;
20161500;3.023345947265625;
20170500;4.0457305908203125;
20179500;2.362289428710937;
20188500;3.31365966796875;
20197500;4.334861755371094;
20206500;5.40869140625;
20215500;3.96221923828125;
20224500;4.591819763183594;
20233500;4.965538024902344;
20242500;4.0665130615234375;
20251500;1.119873046875;
20260500;3.516197204589844;
20269500;2.708290100097656;
20278500;3.63323974609375;
20287500;1.5790863037109375;
20296500;2.2883377075195312;
20305500;1.8400955200195312;
20314500;3.8440170288085938;
20323500;1.3307571411132812;
20332500;2.768951416015625;
20341500;2.7718429565429688;
20350500;4.562759399414063;
20359500;4.28266143798828;
20368500;5.0173187255859375;
20377500;2.7913589477539062;
20386500;3.305084228515625;
20395500;2.288970947265625;
20404500;2.074668884277344;
20413500;3.545234680175781;
20422500;3.516670227050781;
20431500;3.382186889648437;
20440500;3.4842453002929688;
20449500;3.6893844604492174;
20458500;4.5594329833984375;
20467500;3.698295593261719;
20476500;2.178184509277344;
20485500;1.9820785522460933;
20494500;0.4752197265625;
20503500;1.5309600830078125;
20512500;3.466583251953125;
20521500;3.3758544921875;
20530500;2.7427749633789062;
20539500;4.3016510009765625;
20548500;4.3304595947265625;
20557500;2.869598388671875;
20566500;2.040611267089844;
20575500;2.4308624267578125;
20584500;2.423912048339844;
20593500;1.7009048461914062;
20602500;1.48419189453125;
20611500;1.9423675537109373;
20620500;2.9139328002929688;
20629500;4.8458404541015625;
20638500;3.301666259765625;
20647500;2.013885498046875;
20656500;2.53302001953125;
20665500;3.745864868164064;
20674500;5.545089721679688;
20683500;1.1808624267578125;
20692500;1.6915206909179688;
20701500;3.0212860107421875;
20710500;2.1037139892578125;
20719500;0.9465789794921876;
20728500;2.3420639038085938;
20737500;4.54364776611328;
20746500;4.6078948974609375;
20755500;2.036865234375;
20764500;1.5963516235351562;
20773500;3.271331787109375;
20782500;1.2955780029296875;
20791500;2.9282684326171875;
20800500;5.520904541015625;
20809500;3.171981811523437;
20818500;4.520034790039063;
20827500;3.868423461914064;
20836500;2.3878326416015625;
20845500;1.89923095703125;
20854500;1.8272781372070312;
20863500;0.9233627319335936;
20872500;2.9624786376953125;
20881500;3.1169204711914062;
20890500;2.5447769165039062;
20899500;2.8021011352539062;
20908500;3.0481948852539062;
20917500;2.765655517578125;
20926500;4.023941040039063;
20935500;2.68878173828125;
20944500;2.1523513793945312;
20953500;1.9972457885742188;
20962500;3.2493667602539062;
20971500;4.466331481933594;
20980500;4.594093322753905;
20989500;2.726356506347656;
20998500;1.8625335693359373;
21007500;2.256782531738281;
21016500;2.4967803955078125;
21025500;4.762008666992188;
21034500;4.779518127441406;
21043500;4.056655883789063;
21052500;3.4544677734375;
21061500;4.70502471923828;
21070500;3.88897705078125;
21079500;4.186248779296875;
21088500;1.0941696166992188;
21097500;2.732627868652344;
21106500;3.5929946899414062;
21115500;4.7963409423828125;
21124500;2.260688781738281;
21133500;3.6523513793945312;
21142500;4.0824127197265625;
21151500;3.893898010253906;
21160500;2.1892013549804688;
21169500;2.620689392089844;
21178500;2.206405639648437;
21187500;2.0884246826171875;
21196500;3.428672790527344;
21205500;1.6747055053710935;
21214500;2.4702072143554688;
21223500;-0.8485336303710938;
21232500;1.179443359375;
21241500;2.0840072631835938;
21250500;2.0403366088867188;
21259500;4.60833740234375;
21268500;4.681488037109375;
21277500;4.399131774902344;
21286500;4.36175537109375;
21295500;4.090309143066406;
21304500;3.0512466430664062;
21313500;4.056068420410156;
21322500;3.7127761840820312;
21331500;2.775115966796875;
21340500;2.4748611450195312;
21349500;2.807098388671875;
21358500;1.6845932006835935;
21367500;2.5447769165039062;
21376500;3.921920776367188;
21385500;4.863616943359375;
21394500;2.3436508178710938;
21403500;2.6374282836914062;
21412500;3.5784683227539062;
21421500;2.5999755859375;
21430500;2.930488586425781;
21439500;4.628189086914063;
21448500;3.7011795043945312;
21457500;4.0853118896484375;
21466500;5.105270385742188;
21475500;3.7696609497070312;
21484500;4.07575225830078;
21493500;3.0850830078125;
21502500;2.8877105712890625;
21511500;1.89849853515625;
21520500;2.7491607666015625;
21529500;2.17376708984375;
21538500;4.9687042236328125;
21547500;2.7433013916015625;
21556500;1.951751708984375;
21565500;4.444252014160156;
21574500;3.873199462890625;
21583500;2.38189697265625;
21592500;2.6196365356445312;
21601500;3.78118896484375;
21610500;2.9363327026367188;
21619500;0.808990478515625;
21628500;0.9296875;
21637500;2.707832336425781;
21646500;3.8388748168945312;
21655500;4.5192718505859375;
21664500;2.579086303710937;
21673500;2.0495681762695312;
21682500;3.510200500488281;
21691500;3.979209899902344;
21700500;5.655197143554688;
21709500;2.3458786010742188;
21718500;3.3673019409179688;
21727500;2.3536300659179688;
21736500;3.266204833984375;
21745500;3.748809814453125;
21754500;2.625244140625;
21763500;4.261268615722656;
21772500;3.820831298828125;
21781500;4.206207275390625;
21790500;3.9127044677734375;
21799500;2.3951568603515625;
21808500;2.301963806152344;
21817500;3.88140869140625;
21826500;3.6015625;
21835500;4.399925231933594;
21844500;3.896255493164064;
21853500;2.7443771362304688;
21862500;5.019813537597656;
21871500;3.690834045410156;
21880500;3.037422180175781;
21889500;4.2784423828125;
21898500;3.2537078857421875;
21907500;1.5459747314453125;
21916500;1.626220703125;
21925500;3.9539794921875;
21934500;3.0794754028320312;
21943500;2.8904342651367188;
21952500;2.275177001953125;
21961500;2.26409912109375;
21970500;2.226959228515625;
21979500;3.4500732421875;
21988500;2.487213134765625;
21997500;3.955780029296875;
22006500;3.7362594604492174;
22015500;4.16901397705078;
22024500;5.05620574951172;
22033500;5.797386169433594;
22042500;4.862648010253905;
22051500;2.9620895385742188;
22060500;3.3925094604492188;
22069500;2.345977783203125;
22078500;3.1054229736328125;
22087500;2.7894363403320312;
22096500;1.7656097412109375;
22105500;3.6472244262695312;
22114500;3.015586853027344;
22123500;3.0860671997070312;
22132500;3.39996337890625;
22141500;3.7005538940429688;
22150500;1.6216506958007812;
22159500;3.363487243652344;
22168500;3.0089187622070312;
22177500;2.9285964965820312;
22186500;4.183235168457031;
22195500;4.485603332519531;
22204500;3.2790756225585938;
22213500;2.557952880859375;
22222500;2.6315155029296875;
22231500;3.92694091796875;
22240500;3.896095275878906;
22249500;3.0329132080078125;
22258500;5.147018432617188;
22267500;4.076950073242188;
22276500;4.8683013916015625;
22285500;4.843925476074219;
22294500;3.978591918945313;
22303500;5.639442443847656;
22312500;3.5139617919921875;
22321500;4.234832763671875;
22330500;4.643424987792969;
22339500;3.6434478759765625;
22348500;5.3779144287109375;
22357500;5.368087768554688;
22366500;5.0829620361328125;
22375500;5.246559143066406;
22384500;3.922378540039064;
22393500;2.2629852294921875;
22402500;3.3089675903320312;
22411500;3.986167907714844;
22420500;1.835899353027344;
22429500;5.44384765625;
22438500;4.082733154296875;
22447500;4.229042053222656;
22456500;5.1398468017578125;
22465500;7.0765380859375;
22474500;5.190963745117188;
22483500;5.465621948242188;
22492500;5.02313232421875;
22501500;3.8101730346679688;
22510500;6.161094665527344;
22519500;5.086647033691406;
22528500;4.689826965332031;
22537500;3.981636047363281;
22546500;4.217292785644531;
22555500;6.801239013671875;
22564500;3.4650650024414062;
22573500;5.698211669921875;
22582500;5.016029357910156;
22591500;5.732437133789063;
22600500;5.38836669921875;
22609500;6.0375823974609375;
22618500;3.963661193847656;
22627500;4.77667999267578;
22636500;5.0478515625;
22645500;6.133026123046875;
22654500;4.048957824707031;
22663500;4.86908721923828;
22672500;5.483818054199219;
22681500;5.4288330078125;
22690500;3.5374298095703125;
22699500;6.135520935058594;
22708500;6.2994537353515625;
22717500;4.371337890625;
22726500;4.805076599121094;
22735500;4.909927368164063;
22744500;6.249473571777344;
22753500;5.25605010986328;
22762500;4.001502990722656;
22771500;4.86334991455078;
22780500;3.5213775634765625;
22789500;2.7116470336914062;
22798500;5.93402099609375;
22807500;6.175056457519531;
22816500;5.860450744628905;
22825500;5.799415588378905;
22834500;5.5383148193359375;
22843500;4.3642120361328125;
22852500;4.4787445068359375;
22861500;5.1579437255859375;
22870500;5.309715270996094;
22879500;4.414421081542969;
22888500;3.9391860961914062;
22897500;3.639472961425781;
22906500;4.590660095214844;
22915500;4.5027618408203125;
22924500;2.3961410522460938;
22933500;4.1090087890625;
22942500;6.103424072265625;
22951500;5.785980224609375;
22960500;5.35760498046875;
22969500;3.918067932128906;
22978500;6.2149200439453125;
22987500;6.45636749267578;
22996500;5.811553955078125;
23005500;4.576171875;
23014500;4.2010498046875;
23023500;5.597908020019531;
23032500;3.0485076904296875;
23041500;2.435409545898437;
23050500;3.21697998046875;
23059500;3.1644363403320312;
23068500;4.1070404052734375;
23077500;5.212127685546875;
23086500;6.281036376953125;
23095500;4.841461181640625;
23104500;4.3841094970703125;
23113500;5.186073303222656;
23122500;4.46270751953125;
23131500;3.952072143554688;
23140500;3.360435485839844;
23149500;4.182533264160156;
23158500;4.43988800048828;
23167500;5.346321105957031;
23176500;6.31000518798828;
23185500;6.697669982910156;
23194500;5.584808349609375;
23203500;5.837005615234375;
23212500;5.36774444580078;
23221500;5.8519439697265625;
23230500;4.789764404296875;
23239500;4.512252807617188;
23248500;5.68994140625;
23257500;5.477706909179688;
23266500;3.2826080322265625;
23275500;5.465545654296875;
23284500;3.5771408081054688;
23293500;3.786148071289064;
23302500;5.458526611328125;
23311500;6.512199401855469;
23320500;5.426513671875;
23329500;6.08050537109375;
23338500;7.077972412109375;
23347500;7.17388916015625;
23356500;5.817176818847656;
23365500;5.016998291015625;
23374500;4.174835205078125;
23383500;6.0150299072265625;
23392500;5.910194396972656;
23401500;6.03643798828125;
23410500;5.497047424316406;
23419500;5.914787292480469;
23428500;5.7935943603515625;
23437500;4.938995361328125;
23446500;4.964805603027344;
23455500;6.075607299804688;
23464500;5.9712982177734375;
23473500;6.733604431152344;
23482500;4.529052734375;
23491500;6.024406433105469;
23500500;6.018821716308594;
23509500;8.336227416992188;
23518500;8.599159240722656;
23527500;5.916389465332031;
23536500;7.503852844238281;
23545500;6.6089630126953125;
23554500;8.026649475097656;
23563500;6.221397399902344;
23572500;6.690155029296875;
23581500;6.91095733642578;
23590500;5.3751373291015625;
23599500;6.174827575683594;
23608500;6.006278991699219;
23617500;5.425880432128905;
23626500;3.913185119628906;
23635500;4.81817626953125;
23644500;6.124641418457031;
23653500;8.133163452148438;
23662500;7.118034362792969;
23671500;6.555656433105469;
23680500;5.428611755371094;
23689500;6.981666564941406;
23698500;7.064079284667969;
23707500;7.501068115234375;
23716500;6.918014526367188;
23725500;8.335716247558594;
23734500;7.163101196289063;
23743500;6.392494201660156;
23752500;6.1264190673828125;
23761500;8.844429016113281;
23770500;8.12928771972656;
23779500;7.448738098144531;
23788500;5.269935607910156;
23797500;6.248580932617188;
23806500;6.599494934082031;
23815500;8.54139709472656;
23824500;8.162033081054686;
23833500;7.146949768066406;
23842500;4.54840850830078;
23851500;6.5359954833984375;
23860500;7.74475860595703;
23869500;8.957199096679686;
23878500;7.636100769042968;
23887500;8.453483581542969;
23896500;7.493690490722656;
23905500;8.693534851074217;
23914500;9.144027709960936;
23923500;10.095130920410156;
23932500;9.201988220214846;
23941500;8.526451110839844;
23950500;10.0345458984375;
23959500;7.887832641601562;
23968500;8.401771545410156;
23977500;7.206451416015625;
23986500;7.622802734375;
23995500;9.880355834960936;
24004500;17.267471313476562;
24013500;9.726325988769531;
24022500;9.964042663574215;
24031500;9.904205322265623;
24040500;9.060813903808592;
24049500;9.58551025390625;
24058500;8.809410095214844;
24067500;9.274810791015623;
24076500;10.02495574951172;
24085500;10.040985107421877;
24094500;8.31562805175781;
24103500;9.78382873535156;
24112500;10.605567932128906;
24121500;12.120277404785156;
24130500;10.934318542480469;
24139500;9.892662048339844;
24148500;9.363510131835936;
24157500;10.818840026855469;
24166500;9.850471496582031;
24175500;11.018096923828123;
24184500;10.284446716308592;
24193500;8.369758605957031;
24202500;7.812904357910157;
24211500;8.496543884277342;
24220500;8.085716247558594;
24229500;8.138450622558594;
24238500;8.232444763183594;
24247500;9.397224426269531;
24256500;7.723968505859375;
24265500;8.821853637695312;
24274500;10.223716735839844;
24283500;10.467178344726562;
24292500;10.63751983642578;
24301500;8.430046081542969;
24310500;8.644538879394531;
24319500;11.97724151611328;
24328500;10.511619567871092;
24337500;10.102569580078123;
24346500;10.929191589355469;
24355500;10.831260681152344;
24364500;9.369903564453123;
24373500;9.374420166015623;
24382500;12.879768371582031;
24391500;13.470474243164062;
24400500;12.820587158203123;
24409500;11.872543334960936;
24418500;10.5880126953125;
24427500;11.433319091796877;
24436500;11.365875244140623;
24445500;11.280181884765623;
24454500;13.920265197753906;
24463500;13.58404541015625;
24472500;10.66571807861328;
24481500;11.632728576660156;
24490500;12.229591369628906;
24499500;11.840812683105469;
24508500;11.264808654785156;
24517500;12.495872497558592;
24526500;12.698455810546877;
24535500;12.138320922851562;
24544500;11.939109802246092;
24553500;11.448234558105469;
24562500;10.072372436523436;
24571500;11.16985321044922;
24580500;11.98894500732422;
24589500;11.732643127441406;
24598500;12.51288604736328;
24607500;12.136398315429688;
24616500;12.048309326171877;
24625500;12.01025390625;
24634500;12.435226440429688;
24643500;11.429557800292969;
24652500;11.808944702148436;
24661500;12.505165100097656;
24670500;12.726448059082031;
24679500;13.563484191894531;
24688500;13.815681457519531;
24697500;11.776046752929688;
24706500;13.33002471923828;
24715500;16.120872497558594;
24724500;14.316032409667969;
24733500;13.175392150878906;
24742500;13.403923034667969;
24751500;11.866668701171877;
24760500;13.861892700195312;
24769500;13.98029327392578;
24778500;15.125846862792969;
24787500;14.810783386230469;
24796500;16.002044677734375;
24805500;13.910804748535156;
24814500;13.555206298828123;
24823500;13.371566772460936;
24832500;14.687637329101562;
24841500;13.07880401611328;
24850500;13.433937072753906;
24859500;12.652336120605469;
24868500;10.870231628417969;
24877500;13.643302917480469;
24886500;12.547706604003906;
24895500;14.80353546142578;
24904500;15.021804809570312;
24913500;14.255905151367188;
24922500;12.341056823730469;
24931500;12.807083129882812;
24940500;14.875968933105469;
24949500;13.276512145996092;
24958500;14.559700012207031;
24967500;13.15044403076172;
24976500;12.335372924804688;
24985500;13.372718811035156;
24994500;14.63373565673828;
25003500;13.372634887695312;
25012500;14.7122802734375;
25021500;14.614288330078123;
25030500;14.358505249023436;
25039500;14.650283813476562;
25048500;13.862922668457031;
25057500;14.067001342773436;
25066500;13.254066467285156;
25075500;14.904617309570312;
25084500;16.840057373046875;
25093500;14.718894958496092;
25102500;13.435501098632812;
25111500;15.137687683105469;
25120500;14.96184539794922;
25129500;13.801002502441406;
25138500;15.540992736816406;
25147500;14.381355285644531;
25156500;15.6552734375;
25165500;15.852859497070312;
25174500;13.829452514648436;
25183500;14.123870849609377;
25192500;15.298187255859377;
25201500;13.1915283203125;
25210500;14.133781433105469;
25219500;12.454620361328123;
25228500;15.731163024902344;
25237500;14.082847595214844;
25246500;14.115272521972656;
25255500;15.65185546875;
25264500;16.125717163085938;
25273500;14.689178466796877;
25282500;14.396965026855469;
25291500;13.734420776367188;
25300500;15.57048797607422;
25309500;13.693878173828123;
25318500;14.965301513671877;
25327500;14.400672912597656;
25336500;14.962303161621092;
25345500;16.4315185546875;
25354500;16.258522033691406;
25363500;15.003707885742188;
25372500;14.047943115234377;
25381500;13.806434631347656;
25390500;11.237655639648436;
25399500;14.309967041015623;
25408500;15.157989501953123;
25417500;14.154327392578123;
25426500;15.605720520019531;
25435500;15.954353332519531;
25444500;14.5689697265625;
25453500;12.017570495605469;
25462500;14.119544982910156;
25471500;13.794082641601562;
25480500;14.470832824707031;
25489500;17.09027862548828;
25498500;14.878410339355469;
25507500;13.045310974121092;
25516500;13.491249084472656;
25525500;14.052452087402344;
25534500;15.433311462402344;
25543500;16.67400360107422;
25552500;15.797897338867188;
25561500;15.867568969726562;
25570500;14.538253784179688;
25579500;15.040733337402344;
25588500;14.043228149414062;
25597500;14.858657836914062;
25606500;14.886062622070312;
25615500;15.063995361328123;
25624500;13.311599731445312;
25633500;12.884635925292969;
25642500;13.433067321777344;
25651500;13.71306610107422;
25660500;15.321067810058592;
25669500;13.823928833007812;
25678500;14.32928466796875;
25687500;14.96282958984375;
25696500;13.278823852539062;
25705500;14.94013214111328;
25714500;14.770751953125;
25723500;13.314971923828123;
25732500;13.267501831054688;
25741500;13.346511840820312;
25750500;15.0836181640625;
25759500;16.12462615966797;
25768500;13.876022338867188;
25777500;11.517784118652344;
25786500;13.568855285644531;
25795500;13.64111328125;
25804500;13.750320434570312;
25813500;14.666999816894531;
25822500;12.982337951660156;
25831500;13.622596740722656;
25840500;12.151718139648436;
25849500;12.23761749267578;
25858500;13.176109313964844;
25867500;12.202484130859377;
25876500;12.007232666015623;
25885500;12.387306213378906;
25894500;11.306968688964844;
25903500;13.61187744140625;
25912500;12.874649047851562;
25921500;12.863250732421877;
25930500;12.029571533203123;
25939500;13.098655700683592;
25948500;12.375274658203123;
25957500;12.277145385742188;
25966500;12.733383178710936;
25975500;12.34430694580078;
25984500;12.011444091796877;
25993500;12.82732391357422;
26002500;12.176712036132812;
26011500;14.015495300292969;
26020500;12.3896484375;
26029500;13.050910949707031;
26038500;12.970451354980469;
26047500;11.662139892578123;
26056500;9.247337341308592;
26065500;11.485847473144531;
26074500;10.919174194335936;
26083500;10.524436950683592;
26092500;11.888053894042969;
26101500;10.132522583007812;
26110500;10.119178771972656;
26119500;10.45330810546875;
26128500;10.827919006347656;
26137500;10.449958801269531;
26146500;10.432121276855469;
26155500;8.448593139648438;
26164500;9.728988647460936;
26173500;9.20513916015625;
26182500;10.960304260253906;
26191500;10.114852905273436;
26200500;10.279151916503906;
26209500;10.758033752441406;
26218500;9.60797119140625;
26227500;9.546501159667969;
26236500;10.46369171142578;
26245500;10.32696533203125;
26254500;10.277191162109377;
26263500;9.300010681152344;
26272500;6.330856323242188;
26281500;7.37896728515625;
26290500;6.514991760253905;
26299500;6.674362182617188;
26308500;8.336967468261719;
26317500;9.038047790527344;
26326500;10.401008605957031;
26335500;8.995574951171875;
26344500;8.82525634765625;
26353500;7.372550964355469;
26362500;8.801864624023438;
26371500;9.82557678222656;
26380500;6.761276245117188;
26389500;7.952011108398437;
26398500;6.6572113037109375;
26407500;6.905784606933594;
26416500;8.416915893554686;
26425500;8.799568176269531;
26434500;7.842399597167968;
26443500;6.313011169433594;
26452500;9.19721221923828;
26461500;6.967559814453125;
26470500;8.423637390136719;
26479500;7.3672027587890625;
26488500;7.7296142578125;
26497500;5.279899597167969;
26506500;6.30951690673828;
26515500;8.377891540527342;
26524500;8.736846923828125;
26533500;8.645919799804686;
26542500;9.504981994628906;
26551500;8.294219970703125;
26560500;7.437744140625;
26569500;7.447189331054687;
26578500;6.36518096923828;
26587500;6.463714599609375;
26596500;5.7393798828125;
26605500;6.3807525634765625;
26614500;6.7127838134765625;
26623500;6.7326507568359375;
26632500;7.905525207519531;
26641500;6.8115234375;
26650500;7.573699951171875;
26659500;5.755531311035156;
26668500;7.4458465576171875;
26677500;6.784919738769531;
26686500;6.7896575927734375;
26695500;7.88800048828125;
26704500;7.01372528076172;
26713500;5.963584899902344;
26722500;5.7369537353515625;
26731500;8.027259826660156;
26740500;6.7213897705078125;
26749500;5.361778259277344;
26758500;5.54645538330078;
26767500;6.074073791503905;
26776500;7.1247100830078125;
26785500;7.601219177246093;
26794500;8.515914916992188;
26803500;6.165870666503905;
26812500;6.0180206298828125;
26821500;7.549453735351562;
26830500;7.411895751953125;
26839500;5.697555541992188;
26848500;6.739158630371094;
26857500;5.530288696289063;
26866500;8.007904052734375;
26875500;6.538009643554688;
26884500;6.726898193359375;
26893500;6.67535400390625;
26902500;5.244598388671875;
26911500;8.36102294921875;
26920500;7.1168060302734375;
26929500;5.932151794433594;
26938500;5.412368774414063;
26947500;4.818031311035156;
26956500;6.867950439453125;
26965500;6.1204376220703125;
26974500;3.84197998046875;
26983500;5.416717529296875;
26992500;8.650581359863281;
27001500;7.259132385253905;
27010500;6.83185577392578;
27019500;7.553947448730467;
27028500;7.858062744140625;
27037500;6.937126159667969;
27046500;6.95514678955078;
27055500;5.3049163818359375;
27064500;5.6833343505859375;
27073500;4.82196807861328;
27082500;5.197357177734375;
27091500;6.516319274902344;
27100500;6.202362060546875;
27109500;5.695640563964844;
27118500;3.112007141113281;
27127500;6.203857421875;
27136500;5.811210632324219;
27145500;5.3174591064453125;
27154500;5.417655944824219;
27163500;4.738929748535156;
27172500;4.691436767578125;
27181500;4.8307037353515625;
27190500;7.7849273681640625;
27199500;8.345024108886719;
27208500;6.82550048828125;
27217500;7.136894226074219;
27226500;5.063026428222656;
27235500;6.7228851318359375;
27244500;9.780784606933592;
27253500;8.485649108886719;
27262500;7.5461273193359375;
27271500;6.562660217285156;
27280500;6.810020446777344;
27289500;6.790168762207031;
27298500;5.4271392822265625;
27307500;6.2049560546875;
27316500;7.0509796142578125;
27325500;6.204994201660156;
27334500;5.9938507080078125;
27343500;5.812545776367188;
27352500;6.5115966796875;
27361500;8.668617248535154;
27370500;7.4726715087890625;
27379500;5.144493103027344;
27388500;6.44012451171875;
27397500;7.517753601074218;
27406500;6.181358337402344;
27415500;4.5640716552734375;
27424500;3.9850387573242174;
27433500;4.830612182617188;
27442500;6.5543060302734375;
27451500;5.773582458496094;
27460500;5.458740234375;
27469500;7.426864624023437;
27478500;7.10395050048828;
27487500;4.52948760986328;
27496500;7.3782196044921875;
27505500;6.7059173583984375;
27514500;6.1535186767578125;
27523500;6.275794982910156;
27532500;4.641227722167969;
27541500;6.34820556640625;
27550500;6.68145751953125;
27559500;6.465675354003905;
27568500;7.444656372070312;
27577500;6.093040466308594;
27586500;6.728675842285156;
27595500;6.663818359375;
27604500;5.319847106933594;
27613500;7.2802581787109375;
27622500;6.25213623046875;
27631500;7.374267578125;
27640500;7.287490844726562;
27649500;5.975334167480469;
27658500;3.86151123046875;
27667500;6.496101379394531;
27676500;6.46381378173828;
27685500;6.598899841308594;
27694500;6.014663696289063;
27703500;6.183502197265625;
27712500;5.6443939208984375;
27721500;5.4199066162109375;
27730500;7.813697814941406;
27739500;6.463668823242188;
27748500;5.77587890625;
27757500;7.0130157470703125;
27766500;4.355094909667969;
27775500;5.4705657958984375;
27784500;5.820030212402344;
27793500;5.554817199707031;
27802500;7.911102294921875;
27811500;4.88129425048828;
27820500;5.65778350830078;
27829500;6.25043487548828;
27838500;6.92682647705078;
27847500;6.453880310058594;
27856500;6.418556213378905;
27865500;5.9024810791015625;
27874500;6.078292846679688;
27883500;7.757331848144531;
27892500;6.39990234375;
27901500;5.416023254394531;
27910500;5.9703216552734375;
27919500;5.822761535644531;
27928500;5.24579620361328;
27937500;5.909271240234375;
27946500;6.064430236816406;
27955500;6.1494903564453125;
27964500;5.421348571777344;
27973500;5.751434326171875;
27982500;4.037925720214844;
27991500;3.452339172363281;
28000500;7.534370422363281;
28009500;5.9055023193359375;
28018500;5.762138366699219;
28027500;7.745780944824218;
28036500;7.471366882324218;
28045500;8.23150634765625;
28054500;5.916603088378905;
28063500;6.95990753173828;
28072500;6.6248321533203125;
28081500;7.224586486816406;
28090500;5.5431060791015625;
28099500;3.7039947509765625;
28108500;6.06208038330078;
28117500;7.6357421875;
28126500;4.964118957519531;
28135500;4.77338409423828;
28144500;6.637710571289063;
28153500;6.843376159667969;
28162500;4.253746032714844;
28171500;3.2109832763671875;
28180500;6.81061553955078;
28189500;6.441642761230469;
28198500;4.006248474121094;
28207500;3.2307052612304688;
28216500;4.223258972167969;
28225500;4.763404846191406;
28234500;5.0381622314453125;
28243500;7.406822204589843;
28252500;4.994659423828125;
28261500;6.17138671875;
28270500;6.595848083496094;
28279500;5.945236206054688;
28288500;7.010459899902344;
28297500;6.442047119140625;
28306500;6.090202331542969;
28315500;4.195777893066406;
28324500;2.794639587402344;
28333500;5.7530517578125;
28342500;5.11162567138672;
28351500;5.049041748046875;
28360500;3.9176254272460938;
28369500;5.5323333740234375;
28378500;2.4122543334960938;
28387500;3.0911102294921875;
28396500;5.921867370605469;
28405500;5.660415649414063;
28414500;4.728355407714844;
28423500;2.2502517700195312;
28432500;5.907920837402344;
28441500;6.401756286621094;
28450500;5.752311706542969;
28459500;6.0517425537109375;
28468500;4.793472290039063;
28477500;5.807090759277344;
28486500;4.551300048828125;
28495500;5.74701690673828;
28504500;5.09638214111328;
28513500;6.1816253662109375;
28522500;5.458023071289063;
28531500;5.582489013671875;
28540500;4.4633331298828125;
28549500;5.37579345703125;
28558500;4.40630340576172;
28567500;5.5595245361328125;
28576500;6.595848083496094;
28585500;4.878578186035156;
28594500;2.901802062988281;
28603500;2.596885681152344;
28612500;7.328071594238281;
28621500;7.069114685058594;
28630500;6.57587432861328;
28639500;4.822151184082031;
28648500;5.535980224609375;
28657500;5.5701751708984375;
28666500;5.7642974853515625;
28675500;4.0544281005859375;
28684500;6.953956604003905;
28693500;6.238067626953125;
28702500;3.9244461059570312;
28711500;4.780532836914063;
28720500;5.2760009765625;
28729500;4.380119323730469;
28738500;5.0631103515625;
28747500;2.8409957885742188;
28756500;5.336715698242188;
28765500;3.701446533203125;
28774500;4.9115142822265625;
28783500;4.377525329589844;
28792500;3.875038146972656;
28801500;5.455009460449219;
28810500;4.121452331542969;
28819500;4.993751525878905;
28828500;3.6195144653320312;
28837500;3.777198791503906;
28846500;4.930427551269531;
28855500;5.608551025390625;
28864500;5.544097900390625;
28873500;2.89251708984375;
28882500;3.71173095703125;
28891500;2.9371871948242188;
28900500;3.011215209960937;
28909500;5.117668151855469;
28918500;4.21015167236328;
28927500;4.034553527832031;
28936500;3.614212036132813;
28945500;2.0092849731445312;
28954500;3.551063537597656;
28963500;5.007965087890625;
28972500;4.239158630371094;
28981500;1.5320510864257812;
28990500;3.0865631103515625;
28999500;3.3178939819335938;
29008500;3.678009033203125;
29017500;3.84063720703125;
29026500;3.862838745117188;
29035500;1.495574951171875;
29044500;1.856964111328125;
29053500;5.778556823730469;
29062500;4.2074127197265625;
29071500;3.524505615234375;
29080500;2.101181030273437;
29089500;4.603263854980469;
29098500;3.01934814453125;
29107500;3.536949157714844;
29116500;3.5652008056640625;
29125500;2.562080383300781;
29134500;2.679061889648437;
29143500;1.6106338500976562;
29152500;1.9080810546875;
29161500;2.8763427734375;
29170500;3.96923828125;
29179500;3.7761306762695312;
29188500;3.4604721069335938;
29197500;4.1107025146484375;
29206500;4.000457763671875;
29215500;0.7240219116210938;
29224500;3.0168533325195312;
29233500;1.4780044555664062;
29242500;3.5436248779296875;
29251500;4.31157684326172;
29260500;5.328346252441406;
29269500;5.792739868164063;
29278500;3.701568603515625;
29287500;2.892578125;
29296500;2.698921203613281;
29305500;2.597518920898437;
29314500;3.175994873046875;
29323500;3.9505462646484375;
29332500;3.6820068359375;
29341500;2.964599609375;
29350500;2.382186889648437;
29359500;4.064979553222656;
29368500;2.9642105102539062;
29377500;2.4023208618164062;
29386500;3.2319488525390625;
29395500;1.37799072265625;
29404500;1.458892822265625;
29413500;1.8831939697265625;
29422500;0.9483261108398436;
29431500;0.8232574462890625;
29440500;2.894149780273437;
29449500;3.245445251464844;
29458500;2.38555908203125;
29467500;3.4792709350585938;
29476500;2.5762710571289062;
29485500;3.5855941772460938;
29494500;3.433746337890625;
29503500;1.9412384033203125;
29512500;2.18780517578125;
29521500;1.9259185791015625;
29530500;3.337715148925781;
29539500;3.5336837768554688;
29548500;5.012710571289063;
29557500;1.3266372680664062;
29566500;1.6736297607421875;
29575500;1.4544601440429688;
29584500;2.575401306152344;
29593500;3.07257080078125;
29602500;2.5655746459960938;
29611500;0.7993545532226562;
29620500;0.5476837158203125;
29629500;1.653839111328125;
29638500;4.119873046875;
29647500;3.42596435546875;
29656500;3.820960998535156;
29665500;2.2056198120117188;
29674500;4.713493347167969;
29683500;4.48078155517578;
29692500;4.896171569824219;
29701500;2.439979553222656;
29710500;2.2026519775390625;
29719500;2.5938262939453125;
29728500;1.156005859375;
29737500;1.6731109619140625;
29746500;3.184677124023437;
29755500;2.82952880859375;
29764500;1.5129318237304688;
29773500;3.470489501953125;
29782500;1.942779541015625;
29791500;0.6149826049804688;
29800500;1.9531707763671875;
29809500;4.260780334472656;
29818500;4.160255432128905;
29827500;2.499595642089844;
29836500;3.3724594116210938;
29845500;2.959175109863281;
29854500;4.402549743652344;
29863500;3.43218994140625;
29872500;2.898475646972656;
29881500;5.4663848876953125;
29890500;2.4502716064453125;
29899500;2.188201904296875;
29908500;2.786170959472656;
29917500;2.2407455444335938;
29926500;0.3277511596679687;
29935500;2.254180908203125;
29944500;2.4601364135742188;
29953500;2.4137420654296875;
29962500;3.1086883544921875;
29971500;1.7262496948242188;
29980500;1.9285354614257808;
29989500;2.6157760620117188;
29998500;3.066635131835937;
