Type;FSVA3013;
Version;1.4;
Date;25.Mar 2023;
Mode;ANALYZER;
Preamplifier;ON;
Transducer;OFF;
Center Freq;15076500;Hz
Freq Offset;0;Hz
Start;154500;Hz
Stop;29998500;Hz
Span;29844000;Hz
Ref Level;62;dB”V
Level Offset;0;dB
Rf Att;0;dB
El Att;0;dB
RBW;9000;Hz
VBW;100000;Hz
SWT;0.000654;s
Sweep Count;10;
Window;1;Frequency Sweep
Ref Position;100;%
Level Range;100;dB
x-Axis;LIN;
y-Axis;LOG;
x-Unit;Hz;
y-Unit;dB”V;
Trace;1;
Trace Mode;VIEW;
Detector;RMS;
Values;3317;
154500;16.89879608;
163500;25.02103424;
172500;20.94467163;
181500;29.96296692;
190500;24.71794891;
199500;17.24674988;
208500;30.94981384;
217500;23.86406708;
226500;21.74047852;
235500;25.43083954;
244500;13.36273956;
253500;22.43359375;
262500;32.52227783;
271500;21.04125214;
280500;24.82695007;
289500;19.43281555;
298500;22.59947968;
307500;29.81062317;
316500;28.00300598;
325500;27.18630219;
334500;23.42710876;
343500;26.69759369;
352500;20.23326874;
361500;18.75158691;
370500;8.441253662;
379500;10.21891022;
388500;20.71641541;
397500;23.86772919;
406500;22.20468903;
415500;28.50920105;
424500;39.34703827;
433500;31.99186707;
442500;40.59766388;
451500;34.90841675;
460500;30.89775085;
469500;32.43479156;
478500;34.21209717;
487500;29.59078979;
496500;36.33701324;
505500;25.54241943;
514500;32.86048889;
523500;36.20643616;
532500;33.17311096;
541500;35.7729187;
550500;26.80583191;
559500;30.06078339;
568500;33.41467285;
577500;32.53918457;
586500;36.09881592;
595500;32.96495056;
604500;31.32722473;
613500;30.97438049;
622500;32.34682465;
631500;40.65129089;
640500;39.53126526;
649500;30.63938141;
658500;43.38335037;
667500;33.50804138;
676500;36.46963501;
685500;42.73966217;
694500;40.67947388;
703500;43.23497391;
712500;37.74911499;
721500;37.85691071;
730500;39.63717651;
739500;38.16888428;
748500;36.18456268;
757500;31.35823059;
766500;36.75524902;
775500;33.42517853;
784500;38.69003296;
793500;41.1869812;
802500;38.56045532;
811500;32.74576569;
820500;33.813797;
829500;38.23653412;
838500;32.1663208;
847500;44.59513092;
856500;39.7457428;
865500;36.62486267;
874500;45.285923;
883500;31.09520721;
892500;41.24276733;
901500;41.94734192;
910500;35.60283661;
919500;42.46185303;
928500;34.58460236;
937500;31.33690643;
946500;40.27256012;
955500;24.94904327;
964500;39.08532715;
973500;37.98921204;
982500;33.51023102;
991500;38.00471497;
1000500;29.64945984;
1009500;33.01072693;
1018500;37.81802368;
1027500;15.54851532;
1036500;33.40127563;
1045500;33.77758789;
1054500;28.63674164;
1063500;32.22208405;
1072500;23.61886597;
1081500;27.55281067;
1090500;27.60150146;
1099500;25.1181488;
1108500;33.80440521;
1117500;29.98963928;
1126500;28.7692337;
1135500;31.04893494;
1144500;29.44166565;
1153500;27.40205383;
1162500;25.74166107;
1171500;23.42880249;
1180500;23.31781769;
1189500;38.36195374;
1198500;31.32129669;
1207500;21.58030701;
1216500;25.10111237;
1225500;28.20090485;
1234500;34.74874878;
1243500;38.82828522;
1252500;31.64888763;
1261500;30.69035339;
1270500;39.0400238;
1279500;34.49121857;
1288500;33.34347534;
1297500;30.75964355;
1306500;27.3605957;
1315500;34.89814758;
1324500;35.93999481;
1333500;34.73762512;
1342500;33.55130005;
1351500;37.39570618;
1360500;36.83765411;
1369500;46.45057678;
1378500;46.45510864;
1387500;40.41547394;
1396500;42.29623413;
1405500;41.77738953;
1414500;39.52719116;
1423500;38.69815063;
1432500;39.88330078;
1441500;38.49559784;
1450500;45.65049744;
1459500;45.80506516;
1468500;39.42633057;
1477500;42.81406403;
1486500;45.00353622;
1495500;43.93611526;
1504500;52.97824478;
1513500;51.10426712;
1522500;44.68901825;
1531500;41.96679688;
1540500;42.73023224;
1549500;40.33266449;
1558500;38.60967255;
1567500;38.34715271;
1576500;34.47917175;
1585500;37.94238281;
1594500;38.19910431;
1603500;35.26990509;
1612500;39.20025635;
1621500;38.50424194;
1630500;33.30950928;
1639500;41.94895935;
1648500;38.62226868;
1657500;34.01255798;
1666500;42.32719421;
1675500;39.37919617;
1684500;37.11862946;
1693500;30.5424118;
1702500;38.13401031;
1711500;32.01950836;
1720500;42.48303986;
1729500;40.75725555;
1738500;28.68926239;
1747500;37.65236664;
1756500;37.20265961;
1765500;29.23545837;
1774500;32.96215057;
1783500;28.30081177;
1792500;26.60605621;
1801500;27.57004547;
1810500;27.27487946;
1819500;27.99641418;
1828500;28.71649933;
1837500;26.38021088;
1846500;30.10223389;
1855500;27.57135773;
1864500;27.18530273;
1873500;31.03444672;
1882500;26.24495697;
1891500;27.09005737;
1900500;26.99784088;
1909500;22.03285217;
1918500;21.05402374;
1927500;23.5811615;
1936500;29.5799942;
1945500;23.9520874;
1954500;23.63827515;
1963500;24.1444931;
1972500;15.45085144;
1981500;31.68598175;
1990500;33.14128113;
1999500;25.2290802;
2008500;22.94625092;
2017500;27.88140869;
2026500;23.3531723;
2035500;25.86114502;
2044500;26.34415436;
2053500;24.81455231;
2062500;27.15462494;
2071500;32.93354034;
2080500;32.17383575;
2089500;30.59580994;
2098500;22.68411255;
2107500;31.54439545;
2116500;35.73945618;
2125500;35.86730194;
2134500;32.87641907;
2143500;24.1960907;
2152500;35.6542511;
2161500;32.20496368;
2170500;31.70618439;
2179500;28.3776474;
2188500;24.22267151;
2197500;26.68431854;
2206500;21.01470184;
2215500;28.09739685;
2224500;34.59130859;
2233500;31.53010559;
2242500;32.15176392;
2251500;40.74990845;
2260500;33.16687775;
2269500;29.46038818;
2278500;32.60297394;
2287500;26.60028839;
2296500;25.78283691;
2305500;31.63245392;
2314500;27.5684967;
2323500;29.7663269;
2332500;33.53902435;
2341500;29.44746399;
2350500;28.39078522;
2359500;21.73818207;
2368500;24.6460495;
2377500;23.14227295;
2386500;27.81024933;
2395500;20.29605865;
2404500;22.81548309;
2413500;23.3017807;
2422500;23.07061005;
2431500;32.51841736;
2440500;37.33638763;
2449500;29.78981018;
2458500;33.56726074;
2467500;39.20264435;
2476500;20.46555328;
2485500;36.07058716;
2494500;32.14614868;
2503500;29.06708527;
2512500;34.90578461;
2521500;32.4993515;
2530500;33.68196869;
2539500;35.26917267;
2548500;26.60400391;
2557500;36.13335419;
2566500;33.01441956;
2575500;30.87296295;
2584500;33.17670441;
2593500;26.28803253;
2602500;33.45146942;
2611500;31.37602997;
2620500;24.38703918;
2629500;32.31496429;
2638500;25.05562592;
2647500;29.66743469;
2656500;30.92558289;
2665500;24.97528839;
2674500;26.95700836;
2683500;23.28759766;
2692500;18.60001373;
2701500;13.5169754;
2710500;21.22606659;
2719500;15.26368713;
2728500;23.39351654;
2737500;22.74854279;
2746500;14.96101379;
2755500;20.97224426;
2764500;20.95722961;
2773500;13.68432617;
2782500;17.98527527;
2791500;25.09919739;
2800500;24.79753113;
2809500;19.16311646;
2818500;25.62345886;
2827500;22.05342102;
2836500;22.69877625;
2845500;23.83350372;
2854500;14.27529144;
2863500;15.32246399;
2872500;14.44867706;
2881500;22.9789505;
2890500;24.85979462;
2899500;14.65675354;
2908500;25.95785522;
2917500;29.08184814;
2926500;23.03910065;
2935500;24.73336029;
2944500;24.33792114;
2953500;22.82633972;
2962500;23.99895477;
2971500;24.02975464;
2980500;18.94576263;
2989500;20.34949493;
2998500;27.18904877;
3007500;22.22859192;
3016500;25.02944946;
3025500;21.52841949;
3034500;15.37672424;
3043500;29.56105042;
3052500;30.27394867;
3061500;24.21127319;
3070500;21.56898499;
3079500;26.84441376;
3088500;24.12884521;
3097500;29.80516052;
3106500;26.64618683;
3115500;20.22575378;
3124500;26.62622833;
3133500;30.08347321;
3142500;23.6269455;
3151500;22.19593811;
3160500;19.63114166;
3169500;19.21362305;
3178500;30.54814148;
3187500;29.28666687;
3196500;26.34265137;
3205500;23.34841156;
3214500;26.42241669;
3223500;29.41152191;
3232500;29.39076996;
3241500;29.32790375;
3250500;22.82269287;
3259500;31.0361557;
3268500;32.29335785;
3277500;25.38698578;
3286500;20.09015656;
3295500;30.16607666;
3304500;26.41236115;
3313500;34.11208344;
3322500;30.64040375;
3331500;23.70639038;
3340500;29.33469391;
3349500;24.96287537;
3358500;27.89194489;
3367500;26.15546417;
3376500;26.61251068;
3385500;22.39974213;
3394500;28.12155151;
3403500;26.40839386;
3412500;28.48914337;
3421500;18.88211823;
3430500;25.21832275;
3439500;26.97865295;
3448500;29.5025177;
3457500;26.39028168;
3466500;25.22416687;
3475500;24.80197906;
3484500;22.64924622;
3493500;22.80302429;
3502500;22.06743622;
3511500;22.46302795;
3520500;18.90944672;
3529500;28.47768402;
3538500;20.48578644;
3547500;19.72676849;
3556500;19.48564911;
3565500;22.75681305;
3574500;21.96671295;
3583500;24.0761795;
3592500;16.44405365;
3601500;28.58516693;
3610500;27.20227814;
3619500;26.37701416;
3628500;32.53223419;
3637500;22.62037659;
3646500;31.4072876;
3655500;29.60613251;
3664500;23.71126556;
3673500;33.04366302;
3682500;28.62574005;
3691500;28.48307037;
3700500;33.20874023;
3709500;23.08866119;
3718500;34.83860779;
3727500;32.26982117;
3736500;27.91993713;
3745500;36.9278717;
3754500;28.92279053;
3763500;29.60719299;
3772500;32.37556458;
3781500;20.95584106;
3790500;29.22929382;
3799500;24.68772888;
3808500;29.99278259;
3817500;34.5647049;
3826500;25.23435211;
3835500;32.59188843;
3844500;36.30825806;
3853500;28.52723694;
3862500;27.98804474;
3871500;28.93276215;
3880500;30.14117432;
3889500;25.88917542;
3898500;22.27687073;
3907500;23.28585052;
3916500;24.05661774;
3925500;30.45507813;
3934500;28.55204773;
3943500;28.2155304;
3952500;19.64627075;
3961500;21.29462433;
3970500;23.30181122;
3979500;24.66109467;
3988500;27.06983185;
3997500;18.82509613;
4006500;30.23757172;
4015500;28.23365784;
4024500;35.04811859;
4033500;35.52204132;
4042500;24.31532288;
4051500;36.08258057;
4060500;36.27516174;
4069500;28.66815948;
4078500;35.77456665;
4087500;29.41863251;
4096500;32.8584137;
4105500;33.88708496;
4114500;28.88777161;
4123500;35.44551086;
4132500;31.12541199;
4141500;30.1024704;
4150500;36.11218262;
4159500;26.79240417;
4168500;35.60764313;
4177500;35.63686371;
4186500;27.74559021;
4195500;36.63283539;
4204500;27.46389008;
4213500;29.6153183;
4222500;31.61867523;
4231500;19.08404541;
4240500;28.32506561;
4249500;27.58242798;
4258500;25.9080658;
4267500;27.74819946;
4276500;24.84409332;
4285500;21.52856445;
4294500;17.17479706;
4303500;19.84746552;
4312500;16.99528503;
4321500;19.17520905;
4330500;20.62067413;
4339500;25.93440247;
4348500;22.02127075;
4357500;20.04502869;
4366500;26.85906219;
4375500;25.23468018;
4384500;29.09444427;
4393500;27.09537506;
4402500;25.76403046;
4411500;31.20897675;
4420500;23.94992828;
4429500;33.82011414;
4438500;33.93013;
4447500;25.28327179;
4456500;37.42651367;
4465500;30.72706604;
4474500;29.56611633;
4483500;35.49169159;
4492500;22.22872925;
4501500;32.53546906;
4510500;29.56090546;
4519500;26.66333008;
4528500;36.35954285;
4537500;27.63471222;
4546500;32.05921173;
4555500;37.6815567;
4564500;26.73110199;
4573500;36.12812805;
4582500;32.19467926;
4591500;31.58744049;
4600500;35.83393097;
4609500;22.44184875;
4618500;29.81383514;
4627500;32.93419647;
4636500;21.55169678;
4645500;27.71207428;
4654500;24.68227386;
4663500;24.14306641;
4672500;25.20363617;
4681500;21.787323;
4690500;29.4368515;
4699500;29.83055878;
4708500;23.99221039;
4717500;27.00444794;
4726500;28.52302551;
4735500;24.45639038;
4744500;28.49633789;
4753500;16.22164154;
4762500;29.86035919;
4771500;32.27191925;
4780500;25.20072937;
4789500;33.77417755;
4798500;27.58128357;
4807500;31.39852905;
4816500;33.7453537;
4825500;25.07278442;
4834500;32.98117828;
4843500;31.34767151;
4852500;25.46992493;
4861500;35.56265259;
4870500;27.42414856;
4879500;33.71686554;
4888500;35.8026886;
4897500;23.46948242;
4906500;36.38614655;
4915500;31.95946503;
4924500;29.2767334;
4933500;36.42205811;
4942500;27.32270813;
4951500;33.29514313;
4960500;34.01984406;
4969500;20.74995422;
4978500;32.87077332;
4987500;27.6043396;
4996500;25.78173828;
5005500;28.73297119;
5014500;18.46162415;
5023500;24.97438812;
5032500;24.72436523;
5041500;20.19638062;
5050500;22.2312851;
5059500;21.11360168;
5068500;14.2106781;
5077500;18.9016037;
5086500;26.6629715;
5095500;20.53022003;
5104500;20.5645752;
5113500;17.88471985;
5122500;24.82269287;
5131500;21.69581604;
5140500;29.56406403;
5149500;30.48233032;
5158500;20.63778687;
5167500;33.74995422;
5176500;29.88185883;
5185500;24.0652771;
5194500;32.56494141;
5203500;21.76797485;
5212500;30.27169037;
5221500;28.74733734;
5230500;25.15169525;
5239500;35.11826324;
5248500;28.51437378;
5257500;27.82842255;
5266500;35.78371429;
5275500;25.76415253;
5284500;34.70581818;
5293500;32.31032562;
5302500;29.461586;
5311500;36.60656738;
5320500;26.90120697;
5329500;29.75240326;
5338500;34.76976776;
5347500;23.46377563;
5356500;30.82717133;
5365500;27.84316254;
5374500;26.1692276;
5383500;31.26141357;
5392500;22.09321594;
5401500;31.7898407;
5410500;32.99179077;
5419500;20.82395935;
5428500;32.34700775;
5437500;31.82536316;
5446500;27.27619934;
5455500;27.02457428;
5464500;23.64834595;
5473500;25.90756226;
5482500;24.02591705;
5491500;22.39618683;
5500500;14.37426758;
5509500;19.74788666;
5518500;24.39418793;
5527500;19.95933533;
5536500;23.20654297;
5545500;25.44698334;
5554500;25.64614105;
5563500;26.43453217;
5572500;30.07756042;
5581500;21.50498199;
5590500;26.96456909;
5599500;28.95277405;
5608500;18.16181183;
5617500;29.79981995;
5626500;27.88090515;
5635500;21.40159607;
5644500;31.57017517;
5653500;27.82269287;
5662500;26.05648804;
5671500;30.07680511;
5680500;22.43796539;
5689500;29.1402359;
5698500;25.85829926;
5707500;24.57051849;
5716500;22.67401886;
5725500;16.78699493;
5734500;24.78549957;
5743500;26.94097137;
5752500;20.08287811;
5761500;24.37304688;
5770500;17.68899536;
5779500;18.83479309;
5788500;21.83371735;
5797500;15.74961853;
5806500;23.52329254;
5815500;25.96920013;
5824500;18.92874146;
5833500;25.57118988;
5842500;19.90500641;
5851500;8.322547913;
5860500;18.48526001;
5869500;15.84536743;
5878500;7.957939148;
5887500;14.65779877;
5896500;15.44716644;
5905500;8.750610352;
5914500;10.86890411;
5923500;8.590042114;
5932500;9.556694031;
5941500;10.057724;
5950500;13.89019012;
5959500;15.23683167;
5968500;19.96421814;
5977500;14.49934387;
5986500;12.16235352;
5995500;13.12595367;
6004500;13.95706177;
6013500;14.71305847;
6022500;21.96096802;
6031500;18.73426056;
6040500;12.46352386;
6049500;22.61693573;
6058500;13.14996338;
6067500;12.85794067;
6076500;14.1677475;
6085500;12.52839661;
6094500;13.04393005;
6103500;13.28427887;
6112500;12.02592468;
6121500;16.018013;
6130500;11.01902008;
6139500;19.59103394;
6148500;19.55033112;
6157500;17.84102631;
6166500;21.8432312;
6175500;14.99645233;
6184500;18.58724213;
6193500;15.5055542;
6202500;1.381324768;
6211500;11.27465057;
6220500;10.25616455;
6229500;12.41477966;
6238500;18.64453125;
6247500;11.88521576;
6256500;6.751800537;
6265500;6.087181091;
6274500;11.45989227;
6283500;7.388221741;
6292500;12.38465118;
6301500;21.79975128;
6310500;21.80865479;
6319500;10.5226059;
6328500;14.89181519;
6337500;17.34663391;
6346500;11.49325562;
6355500;17.30290985;
6364500;17.3864212;
6373500;13.92095184;
6382500;15.91897583;
6391500;12.52275085;
6400500;13.38546753;
6409500;8.500038147;
6418500;9.541114807;
6427500;18.30002594;
6436500;15.33304596;
6445500;15.25643158;
6454500;19.59953308;
6463500;12.47467041;
6472500;16.77017212;
6481500;12.584198;
6490500;16.2325058;
6499500;12.52868652;
6508500;7.953323364;
6517500;13.89468384;
6526500;14.97799683;
6535500;14.18778992;
6544500;16.23321533;
6553500;13.91796875;
6562500;12.10813904;
6571500;7.595779419;
6580500;2.693145752;
6589500;5.353096008;
6598500;11.90576172;
6607500;10.35886383;
6616500;13.10665131;
6625500;9.379226685;
6634500;12.75606537;
6643500;15.31124115;
6652500;12.436409;
6661500;8.441596985;
6670500;4.45426178;
6679500;11.95139313;
6688500;4.310089111;
6697500;3.963134766;
6706500;7.658592224;
6715500;11.90226746;
6724500;13.00686646;
6733500;8.739707947;
6742500;10.78456116;
6751500;6.38092804;
6760500;13.64356995;
6769500;6.096977234;
6778500;5.902000427;
6787500;12.54794312;
6796500;8.499443054;
6805500;3.714515686;
6814500;4.178291321;
6823500;8.627593994;
6832500;9.360580444;
6841500;4.72782135;
6850500;10.20391846;
6859500;16.67310333;
6868500;11.32505035;
6877500;16.20275116;
6886500;8.09929657;
6895500;5.429924011;
6904500;5.31552124;
6913500;1.19543457;
6922500;-0.624290466;
6931500;9.428077698;
6940500;10.45363617;
6949500;6.538070679;
6958500;8.010025024;
6967500;9.313591003;
6976500;9.632644653;
6985500;5.369033813;
6994500;0.463752747;
7003500;10.32264709;
7012500;12.46394348;
7021500;3.797103882;
7030500;13.15182495;
7039500;16.84343719;
7048500;2.210678101;
7057500;7.839248657;
7066500;11.7370224;
7075500;12.20388031;
7084500;10.54174805;
7093500;3.310005188;
7102500;4.874816895;
7111500;13.94351959;
7120500;12.18300629;
7129500;13.88160706;
7138500;13.60451508;
7147500;10.3440094;
7156500;17.09025574;
7165500;18.09123993;
7174500;8.924598694;
7183500;10.73600769;
7192500;14.84040833;
7201500;11.71992493;
7210500;8.161819458;
7219500;10.97819519;
7228500;9.041809082;
7237500;10.66864014;
7246500;14.60377502;
7255500;13.09047699;
7264500;15.32715607;
7273500;23.25204468;
7282500;18.40187836;
7291500;14.9561615;
7300500;16.99368286;
7309500;15.04673767;
7318500;10.35168457;
7327500;15.8949585;
7336500;15.30234528;
7345500;13.67301178;
7354500;13.65517426;
7363500;8.139297485;
7372500;7.710037231;
7381500;13.48788452;
7390500;9.602607727;
7399500;9.637969971;
7408500;17.06167603;
7417500;15.09923553;
7426500;14.27441406;
7435500;17.00748444;
7444500;12.01395416;
7453500;12.41874695;
7462500;9.691825867;
7471500;19.24105835;
7480500;13.63591003;
7489500;17.14848328;
7498500;18.63922119;
7507500;6.815536499;
7516500;10.46007538;
7525500;8.082519531;
7534500;12.67551422;
7543500;17.42506409;
7552500;13.00006104;
7561500;15.23788452;
7570500;13.20352936;
7579500;16.70697021;
7588500;18.42884827;
7597500;13.9619751;
7606500;15.39492035;
7615500;12.83203125;
7624500;13.89858246;
7633500;7.008529663;
7642500;15.44881439;
7651500;16.42221069;
7660500;18.79090118;
7669500;15.76864624;
7678500;10.05214691;
7687500;10.76250458;
7696500;13.92702484;
7705500;5.793678284;
7714500;8.702949524;
7723500;12.66014099;
7732500;15.51094055;
7741500;19.06987762;
7750500;12.78927612;
7759500;9.626785278;
7768500;17.10015106;
7777500;19.47410583;
7786500;14.89656067;
7795500;16.12371063;
7804500;13.24028778;
7813500;6.303253174;
7822500;14.63959503;
7831500;18.72865295;
7840500;11.14192963;
7849500;17.84215546;
7858500;13.96824646;
7867500;17.25190735;
7876500;21.7385788;
7885500;16.95778656;
7894500;7.091018677;
7903500;13.26264191;
7912500;15.44171143;
7921500;9.845741272;
7930500;11.41466522;
7939500;14.63076782;
7948500;18.32982635;
7957500;19.32894897;
7966500;19.87339783;
7975500;11.55780792;
7984500;22.08596039;
7993500;14.80278778;
8002500;19.06215668;
8011500;18.73609161;
8020500;13.68309784;
8029500;10.58712769;
8038500;14.94174194;
8047500;15.62259674;
8056500;16.25863647;
8065500;17.29934692;
8074500;14.11795807;
8083500;22.52037811;
8092500;24.29478455;
8101500;17.28492737;
8110500;6.748947144;
8119500;8.614097595;
8128500;17.07149506;
8137500;18.89705658;
8146500;17.95087433;
8155500;13.74737549;
8164500;9.164772034;
8173500;15.53142548;
8182500;14.94875336;
8191500;16.28502655;
8200500;17.62535858;
8209500;13.28838348;
8218500;23.36257935;
8227500;18.13831329;
8236500;15.34824371;
8245500;28.11586761;
8254500;21.45244598;
8263500;15.48284912;
8272500;20.49375153;
8281500;19.04959869;
8290500;14.76277924;
8299500;12.41467285;
8308500;17.29640198;
8317500;18.00454712;
8326500;13.46885681;
8335500;11.72795105;
8344500;16.26686859;
8353500;18.61810303;
8362500;16.20994568;
8371500;6.068527222;
8380500;17.3516922;
8389500;16.7028656;
8398500;16.43964386;
8407500;14.27992249;
8416500;14.87024689;
8425500;15.45392609;
8434500;13.38775635;
8443500;13.0613327;
8452500;13.02323914;
8461500;14.33786774;
8470500;14.98514557;
8479500;15.83394623;
8488500;15.83638;
8497500;17.12716675;
8506500;12.65673828;
8515500;2.728477478;
8524500;10.34873962;
8533500;14.74469757;
8542500;16.46809387;
8551500;13.85475922;
8560500;8.340568542;
8569500;5.699562073;
8578500;5.945045471;
8587500;16.67485809;
8596500;16.84900665;
8605500;8.254714966;
8614500;14.37184143;
8623500;12.81933594;
8632500;9.637916565;
8641500;12.98786926;
8650500;15.51899719;
8659500;12.29146576;
8668500;12.9066391;
8677500;13.14245605;
8686500;5.626312256;
8695500;-1.525421143;
8704500;11.98386383;
8713500;11.49633026;
8722500;15.90587616;
8731500;17.12153625;
8740500;7.967895508;
8749500;7.528366089;
8758500;11.24302673;
8767500;14.24163055;
8776500;16.72657013;
8785500;14.83428192;
8794500;11.639534;
8803500;14.29782104;
8812500;12.23377228;
8821500;4.473953247;
8830500;8.192405701;
8839500;16.8430481;
8848500;11.68264771;
8857500;15.16107941;
8866500;16.86142731;
8875500;13.65656281;
8884500;12.40318298;
8893500;14.18133545;
8902500;4.112419128;
8911500;10.12982178;
8920500;15.27718353;
8929500;13.96215057;
8938500;14.0139389;
8947500;15.35690308;
8956500;15.9759903;
8965500;12.26495361;
8974500;14.26007843;
8983500;19.69311523;
8992500;19.59733582;
9001500;7.959159851;
9010500;8.818809509;
9019500;14.49298096;
9028500;13.28659821;
9037500;9.525405884;
9046500;15.42020416;
9055500;7.540588379;
9064500;14.71640015;
9073500;10.3925705;
9082500;13.62730408;
9091500;9.530982971;
9100500;16.99089813;
9109500;17.09092712;
9118500;14.27276611;
9127500;16.40267181;
9136500;9.561531067;
9145500;14.00099945;
9154500;9.594696045;
9163500;12.51041412;
9172500;11.86378479;
9181500;14.21624756;
9190500;16.9120636;
9199500;15.18341064;
9208500;12.25596619;
9217500;20.54495239;
9226500;14.13606262;
9235500;22.6153183;
9244500;18.88100433;
9253500;12.77139282;
9262500;17.91650391;
9271500;10.14530182;
9280500;17.93655396;
9289500;20.36639404;
9298500;12.55389404;
9307500;17.42015839;
9316500;10.89918518;
9325500;17.99475098;
9334500;20.74463654;
9343500;9.263435364;
9352500;13.11631775;
9361500;12.93491364;
9370500;10.22272491;
9379500;16.58573151;
9388500;18.49730682;
9397500;18.29753113;
9406500;11.01573944;
9415500;18.93001556;
9424500;19.4332962;
9433500;12.18264771;
9442500;15.02998352;
9451500;9.326377869;
9460500;14.91903687;
9469500;14.57524872;
9478500;10.21143341;
9487500;10.49246216;
9496500;21.16990662;
9505500;21.9205246;
9514500;14.41227722;
9523500;15.05570221;
9532500;9.648757935;
9541500;16.705513;
9550500;19.98197174;
9559500;16.36261749;
9568500;20.19934082;
9577500;18.40019226;
9586500;19.83390808;
9595500;20.50629425;
9604500;18.62886047;
9613500;12.89315796;
9622500;12.46212006;
9631500;17.17202759;
9640500;18.45461273;
9649500;17.04373169;
9658500;16.67234039;
9667500;11.79771423;
9676500;14.62319183;
9685500;15.53437805;
9694500;16.72688293;
9703500;23.18247223;
9712500;15.9885025;
9721500;9.428749084;
9730500;20.51353455;
9739500;16.93387604;
9748500;6.991317749;
9757500;15.30873871;
9766500;16.4665451;
9775500;19.61108398;
9784500;18.66020203;
9793500;16.10432434;
9802500;9.271064758;
9811500;12.83705139;
9820500;13.35983276;
9829500;13.7559967;
9838500;10.15848541;
9847500;5.499092102;
9856500;7.425643921;
9865500;16.87320709;
9874500;6.349266052;
9883500;12.57294464;
9892500;13.60951996;
9901500;18.93117523;
9910500;16.22084808;
9919500;19.2671051;
9928500;9.034851074;
9937500;17.81327057;
9946500;22.66332245;
9955500;17.2322998;
9964500;13.92698669;
9973500;10.28562927;
9982500;16.39276123;
9991500;16.09169769;
10000500;20.95774841;
10009500;14.36682892;
10018500;12.26602936;
10027500;8.562843323;
10036500;13.51760864;
10045500;14.15750122;
10054500;18.98112488;
10063500;13.23690033;
10072500;12.47701263;
10081500;18.11400604;
10090500;17.13618469;
10099500;14.92230988;
10108500;13.46031952;
10117500;6.917060852;
10126500;16.73363495;
10135500;16.756073;
10144500;14.82271576;
10153500;16.3587265;
10162500;11.9352951;
10171500;17.12445831;
10180500;15.11140442;
10189500;22.26647949;
10198500;14.85509491;
10207500;14.8411026;
10216500;10.75157928;
10225500;10.02891541;
10234500;17.23509979;
10243500;15.85653687;
10252500;11.39984131;
10261500;13.2407074;
10270500;20.79741669;
10279500;14.508255;
10288500;12.19658661;
10297500;17.02755737;
10306500;12.95677185;
10315500;6.608383179;
10324500;11.07559967;
10333500;17.20697784;
10342500;18.31973267;
10351500;15.5732193;
10360500;12.27606964;
10369500;9.351448059;
10378500;15.95485687;
10387500;12.36769867;
10396500;14.30296326;
10405500;13.09445953;
10414500;8.932525635;
10423500;13.86676025;
10432500;12.31726074;
10441500;17.18840027;
10450500;13.25810242;
10459500;14.9797287;
10468500;16.00891113;
10477500;7.749488831;
10486500;15.40978241;
10495500;13.98722076;
10504500;14.29950714;
10513500;15.35470581;
10522500;16.32157898;
10531500;20.97194672;
10540500;13.3547287;
10549500;14.99424744;
10558500;13.14739227;
10567500;7.940513611;
10576500;13.61723328;
10585500;17.11807251;
10594500;15.57948303;
10603500;9.771774292;
10612500;10.74979401;
10621500;13.34051514;
10630500;13.01802063;
10639500;11.77610779;
10648500;16.22663116;
10657500;15.92791748;
10666500;15.77872467;
10675500;16.97098541;
10684500;13.77870178;
10693500;16.96114349;
10702500;17.78392029;
10711500;16.92280579;
10720500;10.67399597;
10729500;14.61865997;
10738500;8.996276855;
10747500;16.34679413;
10756500;17.30532837;
10765500;18.8082428;
10774500;20.04668427;
10783500;24.73461914;
10792500;18.65157318;
10801500;18.00590515;
10810500;14.35895538;
10819500;10.15901184;
10828500;9.848091125;
10837500;17.22437286;
10846500;20.08988953;
10855500;15.43850708;
10864500;14.15126038;
10873500;10.07292938;
10882500;11.57082367;
10891500;14.64487457;
10900500;13.48321533;
10909500;13.22877502;
10918500;7.849250793;
10927500;13.56101227;
10936500;11.96252441;
10945500;6.869140625;
10954500;9.520362854;
10963500;8.559265137;
10972500;17.72520447;
10981500;18.27677155;
10990500;13.62275696;
10999500;9.577339172;
11008500;7.001113892;
11017500;9.43939209;
11026500;15.41885376;
11035500;10.66921997;
11044500;19.64294434;
11053500;10.58120728;
11062500;16.34404755;
11071500;15.94630432;
11080500;15.43037415;
11089500;12.9598465;
11098500;13.15395355;
11107500;16.83621216;
11116500;10.19078827;
11125500;3.638580322;
11134500;9.531478882;
11143500;12.16184235;
11152500;18.87751007;
11161500;17.40200043;
11170500;16.14861298;
11179500;19.35512543;
11188500;6.176124573;
11197500;13.83732605;
11206500;12.18122101;
11215500;11.45205688;
11224500;12.67984772;
11233500;6.199859619;
11242500;16.08213806;
11251500;10.63532257;
11260500;5.880004883;
11269500;9.256912231;
11278500;12.83161926;
11287500;16.21146393;
11296500;13.98523712;
11305500;13.18566132;
11314500;8.081718445;
11323500;6.627433777;
11332500;8.015563965;
11341500;8.464477539;
11350500;0.486724854;
11359500;5.786987305;
11368500;10.20964813;
11377500;8.884590149;
11386500;12.89659882;
11395500;5.545288086;
11404500;13.76351929;
11413500;16.22955322;
11422500;14.03677368;
11431500;9.850631714;
11440500;3.618659973;
11449500;10.10624695;
11458500;9.096084595;
11467500;13.14981079;
11476500;11.12679291;
11485500;11.87932587;
11494500;11.33093262;
11503500;11.68912506;
11512500;4.82950592;
11521500;9.973297119;
11530500;6.48286438;
11539500;8.688873291;
11548500;7.505821228;
11557500;13.03314209;
11566500;7.80216217;
11575500;8.258239746;
11584500;6.845336914;
11593500;12.30748749;
11602500;8.46131134;
11611500;11.98651123;
11620500;9.799118042;
11629500;6.865104675;
11638500;9.35042572;
11647500;14.64452362;
11656500;1.942756653;
11665500;-7.412918091;
11674500;12.10712433;
11683500;8.690322876;
11692500;8.946044922;
11701500;18.12503052;
11710500;16.97003937;
11719500;7.257377625;
11728500;14.29885864;
11737500;8.572219849;
11746500;8.887962341;
11755500;5.972969055;
11764500;10.44217682;
11773500;14.40498352;
11782500;14.13775635;
11791500;17.46169281;
11800500;14.9883194;
11809500;15.76783752;
11818500;9.106674194;
11827500;6.385437012;
11836500;8.915428162;
11845500;13.79497528;
11854500;8.557411194;
11863500;5.278152466;
11872500;8.393486023;
11881500;11.91422272;
11890500;15.77101135;
11899500;3.46762085;
11908500;13.73639679;
11917500;14.37438202;
11926500;12.39471436;
11935500;11.03891754;
11944500;15.80184174;
11953500;12.73725891;
11962500;4.413139343;
11971500;11.83058929;
11980500;16.99291992;
11989500;8.009880066;
11998500;3.429473877;
12007500;13.1555481;
12016500;12.21266174;
12025500;7.27596283;
12034500;9.026885986;
12043500;8.0470047;
12052500;14.22195435;
12061500;8.140769958;
12070500;17.95539856;
12079500;9.825935364;
12088500;10.54381561;
12097500;10.89339447;
12106500;11.23460388;
12115500;10.36004639;
12124500;17.09739685;
12133500;16.35334015;
12142500;12.18106842;
12151500;7.340042114;
12160500;15.55815125;
12169500;3.05796814;
12178500;10.02711487;
12187500;12.57062531;
12196500;17.21187592;
12205500;10.59343719;
12214500;12.67045593;
12223500;9.562957764;
12232500;9.847229004;
12241500;6.83921814;
12250500;16.44529724;
12259500;14.38767242;
12268500;5.446815491;
12277500;9.233039856;
12286500;5.809700012;
12295500;11.80084991;
12304500;10.51475525;
12313500;12.54763794;
12322500;14.88167572;
12331500;10.92549133;
12340500;12.60147858;
12349500;14.40102386;
12358500;9.147651672;
12367500;15.22332001;
12376500;12.32528687;
12385500;13.08739471;
12394500;10.15141296;
12403500;6.042556763;
12412500;7.382087708;
12421500;10.68621826;
12430500;10.56544495;
12439500;6.52734375;
12448500;13.33108521;
12457500;20.57342529;
12466500;15.16062164;
12475500;18.28770447;
12484500;14.00442505;
12493500;5.107414246;
12502500;11.52805328;
12511500;10.42624664;
12520500;15.20115662;
12529500;14.18670654;
12538500;10.15210724;
12547500;4.174171448;
12556500;11.60955811;
12565500;11.58024597;
12574500;9.235794067;
12583500;13.39768219;
12592500;8.513298035;
12601500;10.27529144;
12610500;14.46702576;
12619500;12.48352814;
12628500;8.801826477;
12637500;10.75575256;
12646500;11.52120972;
12655500;8.959106445;
12664500;12.22363281;
12673500;9.866539001;
12682500;9.751548767;
12691500;8.226295471;
12700500;7.42225647;
12709500;20.66657257;
12718500;17.74996948;
12727500;10.78895569;
12736500;12.5923996;
12745500;7.652908325;
12754500;11.93211365;
12763500;14.28756714;
12772500;17.30315399;
12781500;17.65292358;
12790500;10.37058258;
12799500;13.96592712;
12808500;11.2878952;
12817500;13.14723969;
12826500;7.822044373;
12835500;14.23996735;
12844500;16.76369476;
12853500;12.72327423;
12862500;14.09113312;
12871500;7.868125916;
12880500;9.196746826;
12889500;16.72246552;
12898500;11.88110352;
12907500;4.219039917;
12916500;6.628890991;
12925500;8.173126221;
12934500;6.032592773;
12943500;11.92069244;
12952500;2.976242065;
12961500;6.723258972;
12970500;4.725914001;
12979500;8.196479797;
12988500;10.64748383;
12997500;6.375442505;
13006500;6.506385803;
13015500;7.301170349;
13024500;11.96037292;
13033500;12.18714905;
13042500;9.676055908;
13051500;6.29334259;
13060500;8.592788696;
13069500;13.4872818;
13078500;7.047492981;
13087500;1.807189941;
13096500;13.94677734;
13105500;14.10662079;
13114500;9.682243347;
13123500;10.5798645;
13132500;14.78504181;
13141500;12.67801666;
13150500;9.686882019;
13159500;3.62348175;
13168500;14.96330261;
13177500;13.06692505;
13186500;8.672431946;
13195500;8.348442078;
13204500;10.45184326;
13213500;10.13238525;
13222500;17.46781158;
13231500;14.29708099;
13240500;8.941902161;
13249500;2.817192078;
13258500;9.759750366;
13267500;8.853866577;
13276500;10.7722702;
13285500;13.01017761;
13294500;10.99295807;
13303500;2.433433533;
13312500;8.465003967;
13321500;12.73492432;
13330500;5.574813843;
13339500;5.362541199;
13348500;11.98326111;
13357500;15.74525452;
13366500;12.70415497;
13375500;9.263290405;
13384500;6.662261963;
13393500;-0.96622467;
13402500;-3.247039795;
13411500;8.827682495;
13420500;7.615455627;
13429500;14.70340729;
13438500;10.91753387;
13447500;14.60067749;
13456500;13.9032135;
13465500;5.434829712;
13474500;3.540412903;
13483500;8.651596069;
13492500;3.843200684;
13501500;8.524719238;
13510500;8.997581482;
13519500;11.15470123;
13528500;12.06445313;
13537500;11.00005341;
13546500;7.259155273;
13555500;8.26373291;
13564500;12.83903503;
13573500;16.99407959;
13582500;17.57013702;
13591500;15.21861267;
13600500;19.55257416;
13609500;12.59331512;
13618500;14.84835815;
13627500;14.25658417;
13636500;5.391723633;
13645500;0.864593506;
13654500;10.62426758;
13663500;6.066177368;
13672500;10.75415039;
13681500;7.371582031;
13690500;6.071296692;
13699500;8.642723083;
13708500;12.64996338;
13717500;10.9473877;
13726500;7.863006592;
13735500;6.088356018;
13744500;7.822288513;
13753500;7.029197693;
13762500;6.342704773;
13771500;7.214881897;
13780500;7.846893311;
13789500;10.65623474;
13798500;15.00627899;
13807500;12.22901154;
13816500;12.57473755;
13825500;-3.033805847;
13834500;3.234840393;
13843500;14.33444214;
13852500;13.25032806;
13861500;8.249031067;
13870500;7.965614319;
13879500;8.890350342;
13888500;8.132156372;
13897500;10.40722656;
13906500;11.36396027;
13915500;4.870010376;
13924500;7.491661072;
13933500;7.128395081;
13942500;7.944549561;
13951500;9.191886902;
13960500;2.5936203;
13969500;19.02159882;
13978500;22.58106995;
13987500;12.78743744;
13996500;15.06493378;
14005500;12.1109848;
14014500;10.78077698;
14023500;12.79843903;
14032500;8.962097168;
14041500;4.012237549;
14050500;15.43588257;
14059500;13.36014557;
14068500;18.848526;
14077500;16.05945587;
14086500;16.00201416;
14095500;4.581878662;
14104500;10.45120239;
14113500;14.03084564;
14122500;8.014022827;
14131500;8.075393677;
14140500;11.62721252;
14149500;9.574989319;
14158500;11.65174103;
14167500;16.53231049;
14176500;18.13326263;
14185500;13.33029175;
14194500;7.05393219;
14203500;7.181495667;
14212500;14.98049927;
14221500;12.01442719;
14230500;5.409805298;
14239500;6.100639343;
14248500;10.57696533;
14257500;12.71081543;
14266500;14.42778778;
14275500;13.37805939;
14284500;5.861373901;
14293500;10.32164764;
14302500;7.05657196;
14311500;10.23889923;
14320500;12.46062469;
14329500;14.49698639;
14338500;10.43183136;
14347500;-0.703346252;
14356500;4.002243042;
14365500;9.439857483;
14374500;19.71834564;
14383500;10.73439789;
14392500;13.88923645;
14401500;13.99388123;
14410500;13.37926483;
14419500;13.75216675;
14428500;7.622001648;
14437500;10.6080246;
14446500;17.46369171;
14455500;13.78400421;
14464500;10.16080475;
14473500;12.13819122;
14482500;16.27547455;
14491500;15.26887512;
14500500;16.09093475;
14509500;6.173141479;
14518500;11.0377655;
14527500;6.58996582;
14536500;16.38065338;
14545500;10.62084198;
14554500;19.4822464;
14563500;16.93051147;
14572500;9.987831116;
14581500;8.429275513;
14590500;8.665122986;
14599500;6.952285767;
14608500;8.881896973;
14617500;11.25078583;
14626500;17.55899811;
14635500;18.21385193;
14644500;10.38048553;
14653500;8.719665527;
14662500;5.399589539;
14671500;5.412391663;
14680500;7.258926392;
14689500;10.90827179;
14698500;18.38336945;
14707500;13.72659302;
14716500;10.35028076;
14725500;8.127128601;
14734500;1.859642029;
14743500;3.541427612;
14752500;9.952064514;
14761500;13.15890503;
14770500;22.06958771;
14779500;21.44898224;
14788500;14.18795776;
14797500;1.710266113;
14806500;6.860778809;
14815500;13.9209671;
14824500;8.433303833;
14833500;15.8478775;
14842500;19.17059326;
14851500;12.52246857;
14860500;14.52687073;
14869500;9.705940247;
14878500;15.16314697;
14887500;15.17531586;
14896500;11.44790649;
14905500;19.85038757;
14914500;14.45153046;
14923500;7.913833618;
14932500;6.758750916;
14941500;2.654907227;
14950500;8.72215271;
14959500;6.434692383;
14968500;9.986656189;
14977500;19.95386505;
14986500;17.63315582;
14995500;17.77492523;
15004500;13.14178467;
15013500;14.45762634;
15022500;7.278656006;
15031500;11.54669952;
15040500;17.65738678;
15049500;14.56552887;
15058500;14.95166779;
15067500;5.350280762;
15076500;9.65083313;
15085500;16.5017395;
15094500;9.865211487;
15103500;13.07543945;
15112500;10.32506561;
15121500;17.64658356;
15130500;15.84185028;
15139500;9.778785706;
15148500;10.56069946;
15157500;6.99395752;
15166500;16.65129852;
15175500;21.2113266;
15184500;15.06080627;
15193500;19.42971039;
15202500;16.19007111;
15211500;10.50946045;
15220500;10.45253754;
15229500;6.13948822;
15238500;6.579605103;
15247500;12.72989655;
15256500;14.49550629;
15265500;18.27230835;
15274500;16.47181702;
15283500;11.85345459;
15292500;7.10823822;
15301500;7.083045959;
15310500;1.896614075;
15319500;14.03675079;
15328500;18.1021347;
15337500;21.61217499;
15346500;15.5378952;
15355500;15.17425537;
15364500;16.45039368;
15373500;8.410331726;
15382500;11.58751678;
15391500;16.28055573;
15400500;17.89486694;
15409500;21.02095032;
15418500;16.13178253;
15427500;18.89811707;
15436500;10.05995178;
15445500;3.725471497;
15454500;13.6167984;
15463500;12.07681274;
15472500;18.67009735;
15481500;16.01737976;
15490500;14.09407806;
15499500;12.99525452;
15508500;8.907806396;
15517500;10.26383972;
15526500;13.94477081;
15535500;16.89013672;
15544500;19.71547699;
15553500;17.0129776;
15562500;14.63334656;
15571500;25.45650482;
15580500;13.64641571;
15589500;7.953598022;
15598500;7.14982605;
15607500;13.41501617;
15616500;18.58943939;
15625500;19.28192902;
15634500;17.96715546;
15643500;12.7173233;
15652500;12.01851654;
15661500;9.683906555;
15670500;13.02661896;
15679500;15.5140686;
15688500;19.04537201;
15697500;15.52973938;
15706500;6.180335999;
15715500;8.224685669;
15724500;15.05277252;
15733500;12.78192139;
15742500;14.19110107;
15751500;13.65071869;
15760500;20.48169708;
15769500;19.00518036;
15778500;15.19879913;
15787500;10.06234741;
15796500;8.013587952;
15805500;12.06730652;
15814500;16.07400513;
15823500;13.78972626;
15832500;17.71685791;
15841500;14.06446075;
15850500;15.79039001;
15859500;8.24798584;
15868500;7.939613342;
15877500;9.480979919;
15886500;13.7534256;
15895500;15.14866638;
15904500;14.16723633;
15913500;15.0973053;
15922500;13.25618744;
15931500;13.85597992;
15940500;7.901321411;
15949500;13.66226959;
15958500;9.628875732;
15967500;13.97429657;
15976500;7.505859375;
15985500;-0.16342926;
15994500;15.40291595;
16003500;18.88605499;
16012500;14.30239105;
16021500;16.79532623;
16030500;11.50106812;
16039500;15.67124939;
16048500;14.56858063;
16057500;13.58840942;
16066500;17.56672668;
16075500;12.40992737;
16084500;8.100997925;
16093500;11.70649719;
16102500;15.27199554;
16111500;18.54717255;
16120500;16.67610168;
16129500;13.60577393;
16138500;12.13135529;
16147500;13.9138031;
16156500;9.450462341;
16165500;18.14212036;
16174500;15.90732574;
16183500;19.33274841;
16192500;13.96240997;
16201500;16.08296967;
16210500;12.8850708;
16219500;9.377616882;
16228500;16.44968414;
16237500;15.26296234;
16246500;17.36170197;
16255500;20.56404877;
16264500;15.14054108;
16273500;19.66579437;
16282500;13.8078537;
16291500;10.40190887;
16300500;6.671279907;
16309500;13.42925262;
16318500;20.45632935;
16327500;18.61557007;
16336500;16.01806641;
16345500;10.40753937;
16354500;12.51284027;
16363500;15.06958771;
16372500;17.01324463;
16381500;13.85098267;
16390500;18.03028107;
16399500;14.47631836;
16408500;12.10366058;
16417500;16.10825348;
16426500;11.29496765;
16435500;8.205223083;
16444500;16.36299896;
16453500;14.9570694;
16462500;17.7247467;
16471500;21.53230286;
16480500;15.98577881;
16489500;16.28211975;
16498500;15.29282379;
16507500;10.02128601;
16516500;13.0223999;
16525500;16.28391266;
16534500;13.80157471;
16543500;12.5568161;
16552500;15.47416687;
16561500;18.07601929;
16570500;11.4012146;
16579500;9.626647949;
16588500;17.04764557;
16597500;13.18328857;
16606500;17.84776306;
16615500;17.32450104;
16624500;11.46076965;
16633500;12.57785797;
16642500;12.45864105;
16651500;12.05865479;
16660500;12.66659546;
16669500;16.05284882;
16678500;16.85678864;
16687500;12.60743713;
16696500;9.529579163;
16705500;11.7848053;
16714500;13.03436279;
16723500;10.95231628;
16732500;12.05329895;
16741500;15.37743378;
16750500;18.7765274;
16759500;15.67077637;
16768500;16.37233734;
16777500;13.91857147;
16786500;10.30848694;
16795500;15.6473999;
16804500;11.82744598;
16813500;19.538414;
16822500;16.55716705;
16831500;8.89591217;
16840500;12.54903412;
16849500;5.754348755;
16858500;10.18690491;
16867500;9.214576721;
16876500;8.259346008;
16885500;15.71245575;
16894500;14.59230042;
16903500;13.66736603;
16912500;11.58691406;
16921500;10.58566284;
16930500;9.53238678;
16939500;14.56358337;
16948500;8.38658905;
16957500;14.92992401;
16966500;19.34337616;
16975500;10.80950165;
16984500;11.5394516;
16993500;11.65019226;
17002500;11.32300568;
17011500;13.76721954;
17020500;5.721939087;
17029500;6.66708374;
17038500;9.748054504;
17047500;10.43521118;
17056500;12.42329407;
17065500;10.40735626;
17074500;4.517539978;
17083500;7.0987854;
17092500;5.806907654;
17101500;8.141670227;
17110500;9.686019897;
17119500;6.4582901;
17128500;8.221115112;
17137500;14.643013;
17146500;13.72373962;
17155500;13.64205933;
17164500;4.897033691;
17173500;15.94750977;
17182500;14.85169983;
17191500;19.84869385;
17200500;11.92192841;
17209500;11.78425598;
17218500;6.458770752;
17227500;9.396881104;
17236500;8.447692871;
17245500;10.73339844;
17254500;9.078651428;
17263500;6.35723877;
17272500;8.632904053;
17281500;11.82681274;
17290500;10.45215607;
17299500;8.602233887;
17308500;13.00826263;
17317500;14.97983551;
17326500;10.29212189;
17335500;9.822654724;
17344500;8.042900085;
17353500;9.500480652;
17362500;10.07905579;
17371500;13.6596756;
17380500;8.870399475;
17389500;5.308624268;
17398500;11.48590088;
17407500;8.4688797;
17416500;1.577384949;
17425500;3.282905579;
17434500;12.39296722;
17443500;10.84042358;
17452500;10.84488678;
17461500;14.52580261;
17470500;15.10206604;
17479500;6.926239014;
17488500;0.918060303;
17497500;-5.243934631;
17506500;8.159004211;
17515500;9.034843445;
17524500;12.22550964;
17533500;10.71305847;
17542500;5.237518311;
17551500;9.839393616;
17560500;14.14324951;
17569500;12.29296112;
17578500;10.78858948;
17587500;9.023864746;
17596500;16.00517273;
17605500;12.82057953;
17614500;4.341629028;
17623500;4.774108887;
17632500;11.93522644;
17641500;8.433898926;
17650500;18.21574402;
17659500;6.232032776;
17668500;8.913101196;
17677500;14.51513672;
17686500;12.63288116;
17695500;16.05186462;
17704500;11.2991333;
17713500;5.051132202;
17722500;11.50712585;
17731500;-0.254516602;
17740500;15.39571381;
17749500;13.03392029;
17758500;8.779075623;
17767500;7.956916809;
17776500;2.667228699;
17785500;11.23431396;
17794500;4.918487549;
17803500;9.178337097;
17812500;12.43867493;
17821500;6.469139099;
17830500;16.85349274;
17839500;13.77146912;
17848500;3.055130005;
17857500;9.935462952;
17866500;5.303344727;
17875500;8.471069336;
17884500;3.804756165;
17893500;-2.059432983;
17902500;1.492782593;
17911500;3.809967041;
17920500;12.2985611;
17929500;11.19617462;
17938500;9.047637939;
17947500;8.592079163;
17956500;9.79259491;
17965500;15.44010925;
17974500;15.16472626;
17983500;1.858383179;
17992500;4.984054565;
18001500;10.85358429;
18010500;11.01753998;
18019500;14.17605591;
18028500;9.852706909;
18037500;6.741241455;
18046500;-5.594810486;
18055500;3.676147461;
18064500;2.388153076;
18073500;7.787796021;
18082500;6.066314697;
18091500;7.320121765;
18100500;9.305427551;
18109500;13.48809052;
18118500;7.572776794;
18127500;6.893882751;
18136500;8.087043762;
18145500;40.35969543;
18154500;40.06771088;
18163500;9.161064148;
18172500;6.692939758;
18181500;9.699272156;
18190500;9.681861877;
18199500;11.37578583;
18208500;6.881942749;
18217500;9.067214966;
18226500;9.398277283;
18235500;4.783363342;
18244500;13.88048553;
18253500;6.386985779;
18262500;8.301429749;
18271500;3.410003662;
18280500;6.753242493;
18289500;10.40337372;
18298500;9.690345764;
18307500;10.86243439;
18316500;8.640106201;
18325500;3.598304749;
18334500;6.857421875;
18343500;4.474334717;
18352500;4.015083313;
18361500;6.877723694;
18370500;15.37478638;
18379500;10.23783112;
18388500;9.667434692;
18397500;8.496299744;
18406500;7.2629776;
18415500;5.827056885;
18424500;9.975234985;
18433500;7.921569824;
18442500;6.258003235;
18451500;5.584861755;
18460500;8.439567566;
18469500;6.608222961;
18478500;8.071929932;
18487500;11.74600983;
18496500;2.001304626;
18505500;4.948768616;
18514500;4.00630188;
18523500;8.668998718;
18532500;7.69808197;
18541500;10.03103638;
18550500;5.200660706;
18559500;8.398468018;
18568500;0.18573761;
18577500;5.312797546;
18586500;1.883590698;
18595500;1.672660828;
18604500;6.094604492;
18613500;5.243293762;
18622500;-2.480690002;
18631500;3.988517761;
18640500;2.248901367;
18649500;8.196968079;
18658500;10.88288879;
18667500;8.785301208;
18676500;3.824729919;
18685500;9.569023132;
18694500;7.626739502;
18703500;4.098518372;
18712500;-7.707511902;
18721500;0.419883728;
18730500;0.399162292;
18739500;9.674713135;
18748500;11.50135803;
18757500;3.446205139;
18766500;17.01576233;
18775500;12.00482178;
18784500;1.549606323;
18793500;9.475112915;
18802500;9.154190063;
18811500;2.807449341;
18820500;7.309211731;
18829500;5.786811829;
18838500;5.118400574;
18847500;4.191375732;
18856500;3.910041809;
18865500;5.037017822;
18874500;1.73690033;
18883500;4.519767761;
18892500;7.860473633;
18901500;5.886520386;
18910500;9.479225159;
18919500;7.326599121;
18928500;5.440711975;
18937500;0.564979553;
18946500;3.173362732;
18955500;8.281318665;
18964500;3.592147827;
18973500;4.281822205;
18982500;1.875831604;
18991500;-0.29447937;
19000500;3.254676819;
19009500;8.351737976;
19018500;5.688652039;
19027500;13.53733826;
19036500;12.62620544;
19045500;0.986686707;
19054500;3.431510925;
19063500;5.728988647;
19072500;7.283325195;
19081500;5.745376587;
19090500;5.679321289;
19099500;10.18112946;
19108500;8.549598694;
19117500;3.350143433;
19126500;12.33700562;
19135500;5.771842957;
19144500;5.896659851;
19153500;4.949699402;
19162500;1.780311584;
19171500;4.440544128;
19180500;2.165641785;
19189500;5.84854126;
19198500;8.471000671;
19207500;13.71016693;
19216500;7.616539001;
19225500;8.701538086;
19234500;12.58211517;
19243500;6.828018188;
19252500;9.705566406;
19261500;3.843643188;
19270500;4.763504028;
19279500;5.534667969;
19288500;8.63936615;
19297500;8.305412292;
19306500;6.261734009;
19315500;6.005348206;
19324500;7.116394043;
19333500;0.670768738;
19342500;5.438896179;
19351500;5.967788696;
19360500;-0.976455688;
19369500;6.561286926;
19378500;9.905944824;
19387500;14.49445343;
19396500;15.21663666;
19405500;13.7364502;
19414500;12.99282837;
19423500;12.73066711;
19432500;13.47276306;
19441500;14.4478302;
19450500;10.87564087;
19459500;8.884941101;
19468500;7.196777344;
19477500;11.60783386;
19486500;9.005477905;
19495500;7.555870056;
19504500;5.327041626;
19513500;10.87397003;
19522500;9.846008301;
19531500;7.907234192;
19540500;1.886978149;
19549500;4.234298706;
19558500;10.34718323;
19567500;23.695961;
19576500;10.24362183;
19585500;17.44878387;
19594500;17.15216064;
19603500;14.20360565;
19612500;12.67758179;
19621500;6.60546875;
19630500;8.332290649;
19639500;15.30995941;
19648500;9.510879517;
19657500;16.31311035;
19666500;10.4923172;
19675500;12.50083923;
19684500;8.231285095;
19693500;16.79978943;
19702500;12.87852478;
19711500;19.19816589;
19720500;14.12315369;
19729500;9.418312073;
19738500;11.94402313;
19747500;14.27275085;
19756500;11.0335083;
19765500;10.31890869;
19774500;14.13652039;
19783500;17.57823944;
19792500;10.56149292;
19801500;14.7117691;
19810500;15.8427124;
19819500;16.05436707;
19828500;15.36174011;
19837500;14.73907471;
19846500;14.57243347;
19855500;14.47641754;
19864500;10.42976379;
19873500;12.46656799;
19882500;17.72559357;
19891500;18.97633362;
19900500;16.23862457;
19909500;13.42111206;
19918500;11.2752533;
19927500;12.94853973;
19936500;11.08389282;
19945500;8.865936279;
19954500;15.97750854;
19963500;27.28376007;
19972500;23.05112457;
19981500;4.606307983;
19990500;14.42516327;
19999500;20.63080597;
20008500;18.87995911;
20017500;18.89508057;
20026500;9.880203247;
20035500;14.13745117;
20044500;10.71497345;
20053500;11.87262726;
20062500;11.72827911;
20071500;5.310043335;
20080500;17.71871185;
20089500;16.98197937;
20098500;15.99977875;
20107500;18.34272766;
20116500;13.38047028;
20125500;18.54547882;
20134500;9.501205444;
20143500;4.710990906;
20152500;11.40367126;
20161500;8.799736023;
20170500;12.9564209;
20179500;11.9172287;
20188500;15.69036102;
20197500;15.94333649;
20206500;16.66621399;
20215500;6.785179138;
20224500;11.47879028;
20233500;13.62091064;
20242500;14.91632843;
20251500;12.70559692;
20260500;20.39381409;
20269500;11.83152008;
20278500;10.91886139;
20287500;11.6098938;
20296500;11.05566406;
20305500;9.780326843;
20314500;11.56777954;
20323500;19.82440186;
20332500;15.93232727;
20341500;13.57210541;
20350500;15.24185944;
20359500;17.13879395;
20368500;21.69738007;
20377500;20.60514069;
20386500;18.93881226;
20395500;17.44754791;
20404500;19.52346802;
20413500;16.44909668;
20422500;16.0788269;
20431500;18.10834503;
20440500;12.61032104;
20449500;13.27359772;
20458500;15.62387848;
20467500;17.4766922;
20476500;5.555374146;
20485500;14.16847992;
20494500;19.31430817;
20503500;16.70165253;
20512500;10.65325928;
20521500;15.4285965;
20530500;5.055229187;
20539500;12.63960266;
20548500;14.88413239;
20557500;18.02003479;
20566500;24.70610809;
20575500;19.86728668;
20584500;15.49596405;
20593500;14.44168854;
20602500;8.293769836;
20611500;17.15260315;
20620500;17.86034393;
20629500;20.05567932;
20638500;16.21877289;
20647500;12.72750854;
20656500;11.50695801;
20665500;20.74904633;
20674500;20.9188385;
20683500;18.82844543;
20692500;18.50817871;
20701500;15.79389191;
20710500;17.77498627;
20719500;18.65843964;
20728500;13.54271698;
20737500;8.030334473;
20746500;14.75894165;
20755500;13.1890564;
20764500;22.59004211;
20773500;13.14343262;
20782500;2.950737;
20791500;12.71081543;
20800500;14.14781952;
20809500;17.23141479;
20818500;15.58210754;
20827500;11.79200745;
20836500;11.35837555;
20845500;12.70791626;
20854500;16.47702789;
20863500;16.21759033;
20872500;19.10920715;
20881500;14.85230255;
20890500;16.28610229;
20899500;12.26067352;
20908500;6.417259216;
20917500;8.576515198;
20926500;13.56761932;
20935500;14.48815918;
20944500;14.41832733;
20953500;6.698989868;
20962500;7.88671875;
20971500;10.36681366;
20980500;12.35402679;
20989500;19.9249649;
20998500;16.30945587;
21007500;8.204818726;
21016500;6.120513916;
21025500;12.24223328;
21034500;18.87402344;
21043500;9.217353821;
21052500;16.10518646;
21061500;15.71472168;
21070500;20.60197449;
21079500;15.17855835;
21088500;19.5328598;
21097500;9.977073669;
21106500;8.4347229;
21115500;10.69765472;
21124500;19.7203064;
21133500;12.15089417;
21142500;13.25954437;
21151500;18.48103333;
21160500;25.45379639;
21169500;24.65824127;
21178500;13.91130066;
21187500;11.70132446;
21196500;13.65553284;
21205500;15.05221558;
21214500;17.84600067;
21223500;13.42070007;
21232500;13.07260132;
21241500;8.765213013;
21250500;14.34855652;
21259500;2.515174866;
21268500;10.81824493;
21277500;14.29575348;
21286500;21.25522614;
21295500;20.00827026;
21304500;19.0484848;
21313500;13.59241486;
21322500;11.68489838;
21331500;16.71466064;
21340500;21.01142883;
21349500;19.19124603;
21358500;15.45783997;
21367500;20.26771545;
21376500;16.71672821;
21385500;21.28037262;
21394500;18.43789673;
21403500;14.55704498;
21412500;19.70627594;
21421500;25.85614777;
21430500;20.82318878;
21439500;18.70330811;
21448500;13.16286469;
21457500;10.91197968;
21466500;14.19775391;
21475500;17.31323242;
21484500;9.712203979;
21493500;13.01247406;
21502500;16.28514099;
21511500;20.18106842;
21520500;18.0043335;
21529500;17.64601135;
21538500;12.49694061;
21547500;14.13645172;
21556500;21.90287018;
21565500;24.9473877;
21574500;17.36675262;
21583500;21.28481293;
21592500;13.15170288;
21601500;18.70172882;
21610500;18.08624268;
21619500;14.94028473;
21628500;13.63304901;
21637500;19.56339264;
21646500;18.66605377;
21655500;16.28452301;
21664500;17.98970795;
21673500;15.59867096;
21682500;17.04024506;
21691500;19.6178894;
21700500;17.39434052;
21709500;14.85140991;
21718500;22.96433258;
21727500;22.96776581;
21736500;20.36666107;
21745500;16.51739502;
21754500;14.69211578;
21763500;16.3891449;
21772500;19.32455444;
21781500;22.19817352;
21790500;23.71608734;
21799500;18.18974304;
21808500;18.63129425;
21817500;14.26717377;
21826500;16.07072449;
21835500;19.41078186;
21844500;11.47170258;
21853500;8.764533997;
21862500;15.89167786;
21871500;15.55183411;
21880500;15.86062622;
21889500;16.5859375;
21898500;14.40050507;
21907500;15.61618805;
21916500;22.44860077;
21925500;15.76628876;
21934500;23.40515137;
21943500;20.88527679;
21952500;20.32736206;
21961500;23.83415222;
21970500;21.2967453;
21979500;16.12485504;
21988500;16.79764557;
21997500;19.14190674;
22006500;23.62016296;
22015500;9.800598145;
22024500;18.24510956;
22033500;15.97188568;
22042500;17.84996033;
22051500;22.24377441;
22060500;17.75185394;
22069500;20.51131439;
22078500;24.96922302;
22087500;19.3017807;
22096500;16.05316162;
22105500;15.39180756;
22114500;10.47693634;
22123500;14.12546539;
22132500;21.79188538;
22141500;21.82923889;
22150500;21.9706955;
22159500;13.09823608;
22168500;13.32196045;
22177500;21.39159393;
22186500;19.63442993;
22195500;18.74081421;
22204500;18.9885788;
22213500;26.74463654;
22222500;23.06217194;
22231500;21.63283539;
22240500;11.24813843;
22249500;12.82617188;
22258500;15.9829483;
22267500;23.00462341;
22276500;20.77963257;
22285500;19.92101288;
22294500;16.81124115;
22303500;6.483253479;
22312500;18.02951813;
22321500;15.3500061;
22330500;18.34064484;
22339500;19.46560669;
22348500;13.63092804;
22357500;21.9388504;
22366500;25.93307495;
22375500;5.807319641;
22384500;16.24980927;
22393500;20.00983429;
22402500;24.69057465;
22411500;24.1147995;
22420500;18.58296967;
22429500;25.21469879;
22438500;16.52646637;
22447500;23.46138763;
22456500;20.70269012;
22465500;20.23049164;
22474500;18.79240417;
22483500;24.95754242;
22492500;18.40541077;
22501500;15.97878265;
22510500;7.201789856;
22519500;14.93228912;
22528500;18.09127808;
22537500;20.91339111;
22546500;16.9822464;
22555500;20.706604;
22564500;24.80912781;
22573500;23.64487457;
22582500;20.39336395;
22591500;16.85622406;
22600500;19.77938843;
22609500;19.54347992;
22618500;19.51218414;
22627500;23.07627869;
22636500;26.96047211;
22645500;19.61144257;
22654500;9.835136414;
22663500;23.57247162;
22672500;19.31716919;
22681500;20.35916138;
22690500;20.09000397;
22699500;20.16346741;
22708500;21.87934113;
22717500;17.35303497;
22726500;13.06404877;
22735500;12.7338562;
22744500;25.53352356;
22753500;24.91867828;
22762500;31.37137604;
22771500;23.46922302;
22780500;25.64107513;
22789500;20.97450256;
22798500;27.15305328;
22807500;22.6001358;
22816500;17.07478333;
22825500;17.64356232;
22834500;18.69422913;
22843500;25.19892883;
22852500;28.37189484;
22861500;18.4727478;
22870500;19.07576752;
22879500;22.37398529;
22888500;17.44755554;
22897500;18.04006958;
22906500;15.44942474;
22915500;19.55898285;
22924500;24.11664581;
22933500;21.11930847;
22942500;15.70632172;
22951500;13.575737;
22960500;20.73116302;
22969500;16.59112549;
22978500;19.8515625;
22987500;23.1647644;
22996500;21.5581131;
23005500;21.04833984;
23014500;21.84291077;
23023500;13.79599762;
23032500;16.38630676;
23041500;14.39416504;
23050500;16.13660431;
23059500;28.29599762;
23068500;24.70185852;
23077500;8.998344421;
23086500;15.4815979;
23095500;14.80693817;
23104500;18.17491913;
23113500;22.417099;
23122500;20.27065277;
23131500;26.32632446;
23140500;19.29671478;
23149500;12.83153534;
23158500;27.81713104;
23167500;24.08652496;
23176500;15.50848389;
23185500;12.54350281;
23194500;17.54884338;
23203500;21.38329315;
23212500;17.2297287;
23221500;14.65272522;
23230500;20.99591064;
23239500;16.86897278;
23248500;18.78543091;
23257500;18.45417023;
23266500;22.14530945;
23275500;22.52723694;
23284500;14.3873291;
23293500;17.48841858;
23302500;16.56175232;
23311500;14.66548157;
23320500;15.64224243;
23329500;22.74227142;
23338500;20.35273743;
23347500;21.66889954;
23356500;15.42565918;
23365500;14.34128571;
23374500;19.71183777;
23383500;21.03315735;
23392500;12.20318604;
23401500;15.25603485;
23410500;26.36553192;
23419500;24.83533478;
23428500;22.59087372;
23437500;12.9988327;
23446500;11.9577713;
23455500;18.90280914;
23464500;22.46628571;
23473500;15.23204803;
23482500;20.49430084;
23491500;11.93543243;
23500500;12.71225739;
23509500;20.0721817;
23518500;16.08956909;
23527500;13.32315826;
23536500;21.22154999;
23545500;20.65714264;
23554500;23.65187073;
23563500;25.50848389;
23572500;13.58430481;
23581500;17.71035004;
23590500;22.42513275;
23599500;19.05480957;
23608500;15.42098236;
23617500;17.99813843;
23626500;21.13056183;
23635500;19.897789;
23644500;20.36742401;
23653500;14.97214508;
23662500;10.3169632;
23671500;14.22827148;
23680500;15.48642731;
23689500;11.81640625;
23698500;22.50547791;
23707500;13.17308044;
23716500;8.097351074;
23725500;10.29331207;
23734500;12.70220184;
23743500;13.8133316;
23752500;13.03591919;
23761500;13.87096405;
23770500;18.1057663;
23779500;16.8094635;
23788500;18.13066101;
23797500;16.26537323;
23806500;13.32389069;
23815500;15.68481445;
23824500;12.11561584;
23833500;15.45679474;
23842500;14.13282776;
23851500;19.46915436;
23860500;17.19519806;
23869500;14.40330505;
23878500;14.39125061;
23887500;19.02098846;
23896500;16.73417664;
23905500;22.24229431;
23914500;20.34403229;
23923500;12.43148804;
23932500;16.6638031;
23941500;13.66375732;
23950500;15.00550079;
23959500;28.0729599;
23968500;19.95869446;
23977500;16.81494904;
23986500;18.11058807;
23995500;20.15599823;
24004500;25.49606323;
24013500;14.62172699;
24022500;13.7664032;
24031500;11.31593323;
24040500;12.12036133;
24049500;18.9777832;
24058500;16.19155884;
24067500;15.19236755;
24076500;16.00587463;
24085500;12.38362885;
24094500;13.70317841;
24103500;2.243995667;
24112500;16.98114014;
24121500;19.44389343;
24130500;18.73068237;
24139500;20.86057281;
24148500;18.98464966;
24157500;13.78255463;
24166500;14.77335358;
24175500;19.24935913;
24184500;12.97775269;
24193500;15.23336029;
24202500;17.99952698;
24211500;18.73150635;
24220500;17.01344299;
24229500;15.46073151;
24238500;9.847099304;
24247500;6.992202759;
24256500;19.0345993;
24265500;14.9246521;
24274500;11.99997711;
24283500;15.44560242;
24292500;11.29057312;
24301500;8.638885498;
24310500;16.80986023;
24319500;11.2127533;
24328500;7.653884888;
24337500;20.89865112;
24346500;15.26313782;
24355500;27.80879974;
24364500;26.97036743;
24373500;11.00701141;
24382500;17.0815506;
24391500;21.74736786;
24400500;17.65493011;
24409500;14.68772888;
24418500;13.77732086;
24427500;15.31279755;
24436500;12.87945557;
24445500;14.06594086;
24454500;10.05223846;
24463500;18.21815491;
24472500;14.22479248;
24481500;9.48525238;
24490500;8.773048401;
24499500;14.85271454;
24508500;13.18658447;
24517500;15.65873718;
24526500;17.9181366;
24535500;14.0486145;
24544500;20.17960358;
24553500;8.709480286;
24562500;7.853424072;
24571500;19.67260742;
24580500;18.51168823;
24589500;15.53631592;
24598500;8.137969971;
24607500;13.48975372;
24616500;17.06868744;
24625500;3.628929138;
24634500;12.03202057;
24643500;10.95262146;
24652500;11.77236938;
24661500;7.175178528;
24670500;-0.274627686;
24679500;11.68888855;
24688500;14.52071381;
24697500;10.66055298;
24706500;13.41459656;
24715500;15.73969269;
24724500;7.495101929;
24733500;16.56541443;
24742500;17.29503632;
24751500;16.68373108;
24760500;24.48336792;
24769500;10.72768402;
24778500;10.34079742;
24787500;6.771644592;
24796500;14.60442352;
24805500;14.84306335;
24814500;7.901809692;
24823500;16.86471558;
24832500;13.75944519;
24841500;11.5160675;
24850500;10.99519348;
24859500;7.104179382;
24868500;18.22361755;
24877500;15.202034;
24886500;16.2387085;
24895500;18.23067474;
24904500;14.32488251;
24913500;16.17482758;
24922500;13.71851349;
24931500;13.08219147;
24940500;13.81388855;
24949500;13.47473907;
24958500;15.93161011;
24967500;20.57276154;
24976500;9.136001587;
24985500;13.01854706;
24994500;11.40834808;
25003500;17.97034454;
25012500;10.81989288;
25021500;12.2024765;
25030500;12.90723419;
25039500;7.988945007;
25048500;12.47067261;
25057500;17.12025452;
25066500;14.25498199;
25075500;15.2053833;
25084500;13.33757019;
25093500;5.416427612;
25102500;10.90822601;
25111500;10.08939362;
25120500;4.204826355;
25129500;16.21369934;
25138500;15.37882233;
25147500;14.36795044;
25156500;20.71386719;
25165500;13.45428467;
25174500;14.48439789;
25183500;13.79259491;
25192500;18.61188507;
25201500;10.02365112;
25210500;13.07880402;
25219500;10.11529541;
25228500;15.28313446;
25237500;16.08355713;
25246500;15.14959717;
25255500;16.84827423;
25264500;8.253196716;
25273500;10.12032318;
25282500;8.253181458;
25291500;3.792724609;
25300500;4.237426758;
25309500;9.375167847;
25318500;15.52233887;
25327500;9.410011292;
25336500;7.272201538;
25345500;1.488929749;
25354500;1.5912323;
25363500;7.526115417;
25372500;5.692985535;
25381500;9.680839539;
25390500;9.233413696;
25399500;10.42346954;
25408500;11.81069946;
25417500;13.94556427;
25426500;15.98290253;
25435500;3.714134216;
25444500;12.33596802;
25453500;19.47221375;
25462500;15.79168701;
25471500;9.44834137;
25480500;12.7784729;
25489500;4.283798218;
25498500;6.085723877;
25507500;8.751861572;
25516500;12.7518158;
25525500;8.04776001;
25534500;11.79477692;
25543500;8.380081177;
25552500;20.26100922;
25561500;21.92193604;
25570500;6.596557617;
25579500;10.50656891;
25588500;11.76554871;
25597500;8.612754822;
25606500;10.35317993;
25615500;11.94434357;
25624500;12.00143433;
25633500;13.86022186;
25642500;13.52173615;
25651500;17.29235077;
25660500;13.00662994;
25669500;9.589889526;
25678500;10.08449554;
25687500;10.19607544;
25696500;16.11741638;
25705500;9.20526886;
25714500;19.2782135;
25723500;12.39059448;
25732500;0.217941284;
25741500;13.30467224;
25750500;11.25493622;
25759500;8.305686951;
25768500;5.998046875;
25777500;11.3675766;
25786500;8.344856262;
25795500;9.305862427;
25804500;9.468978882;
25813500;15.01964569;
25822500;7.722969055;
25831500;2.945755005;
25840500;11.88947296;
25849500;12.31925964;
25858500;12.66741943;
25867500;19.06632996;
25876500;10.44043732;
25885500;11.25154877;
25894500;8.742744446;
25903500;7.752746582;
25912500;5.945266724;
25921500;8.314064026;
25930500;9.993209839;
25939500;13.21268463;
25948500;16.61132813;
25957500;25.43524933;
25966500;11.72142792;
25975500;9.894096375;
25984500;14.26331329;
25993500;16.26689148;
26002500;18.62042999;
26011500;10.30918121;
26020500;12.32107544;
26029500;14.82021332;
26038500;16.04414368;
26047500;8.48236084;
26056500;0.191108704;
26065500;10.65036011;
26074500;8.198493958;
26083500;13.48709869;
26092500;15.53978729;
26101500;12.00337219;
26110500;3.016456604;
26119500;6.899932861;
26128500;12.05788422;
26137500;6.467681885;
26146500;15.00727844;
26155500;16.79754639;
26164500;11.79205322;
26173500;11.26861572;
26182500;6.474899292;
26191500;1.518592834;
26200500;8.363861084;
26209500;7.48638916;
26218500;12.59675598;
26227500;7.455375671;
26236500;16.6845932;
26245500;10.43939972;
26254500;8.608352661;
26263500;12.41667938;
26272500;11.10622406;
26281500;12.2361145;
26290500;13.34629059;
26299500;17.07234192;
26308500;18.39521027;
26317500;4.643089294;
26326500;14.46431732;
26335500;11.16099548;
26344500;4.761024475;
26353500;20.29328156;
26362500;16.88045502;
26371500;14.2517395;
26380500;15.24694824;
26389500;11.47022247;
26398500;5.878974915;
26407500;9.766105652;
26416500;15.47583008;
26425500;10.66641235;
26434500;13.71787262;
26443500;17.1292038;
26452500;17.51126862;
26461500;5.352012634;
26470500;10.54891968;
26479500;12.71461487;
26488500;18.31666565;
26497500;14.39418793;
26506500;13.42836761;
26515500;19.24430084;
26524500;16.1681366;
26533500;3.479515076;
26542500;11.47372437;
26551500;13.86598969;
26560500;10.07798004;
26569500;14.20134735;
26578500;15.78414154;
26587500;19.21318817;
26596500;12.4852066;
26605500;12.13709259;
26614500;13.36643982;
26623500;11.2181015;
26632500;0.770217896;
26641500;11.6055069;
26650500;10.74410248;
26659500;18.88612366;
26668500;11.73162842;
26677500;9.478736877;
26686500;9.44342804;
26695500;14.03929901;
26704500;4.370849609;
26713500;7.787017822;
26722500;6.21635437;
26731500;15.94713593;
26740500;11.79208374;
26749500;13.6644516;
26758500;19.94953156;
26767500;12.4732132;
26776500;5.556640625;
26785500;10.35114288;
26794500;16.24199677;
26803500;18.33717346;
26812500;5.933784485;
26821500;13.84178162;
26830500;15.19469452;
26839500;10.1422348;
26848500;12.61975098;
26857500;16.05892181;
26866500;17.56501007;
26875500;17.28614807;
26884500;11.53972626;
26893500;13.19342041;
26902500;12.50431824;
26911500;5.367378235;
26920500;12.78800964;
26929500;11.64542389;
26938500;18.06889343;
26947500;17.21274567;
26956500;10.13557434;
26965500;12.46338654;
26974500;12.90574646;
26983500;8.297042847;
26992500;11.63989258;
27001500;7.932441711;
27010500;19.97936249;
27019500;12.72502899;
27028500;8.334281921;
27037500;7.94682312;
27046500;9.395515442;
27055500;6.382507324;
27064500;11.62407684;
27073500;13.75427246;
27082500;20.89865112;
27091500;13.2191391;
27100500;9.271247864;
27109500;16.32025909;
27118500;11.50528717;
27127500;13.69326019;
27136500;16.24139404;
27145500;18.24139404;
27154500;25.15405273;
27163500;17.2456131;
27172500;10.66300201;
27181500;10.21069336;
27190500;15.79087067;
27199500;5.487129211;
27208500;11.06388855;
27217500;12.30713654;
27226500;18.90903473;
27235500;7.150909424;
27244500;12.53232574;
27253500;9.435455322;
27262500;13.00608826;
27271500;14.66350555;
27280500;13.35246277;
27289500;16.64260864;
27298500;17.42890167;
27307500;11.58412933;
27316500;15.54666901;
27325500;17.95192719;
27334500;16.92040253;
27343500;12.77804565;
27352500;15.41529083;
27361500;20.75739288;
27370500;20.93967438;
27379500;7.976356506;
27388500;16.85036469;
27397500;15.59653473;
27406500;12.3194046;
27415500;9.53490448;
27424500;11.46665955;
27433500;20.25215149;
27442500;16.53639984;
27451500;13.80118561;
27460500;14.69248199;
27469500;10.80831909;
27478500;8.561691284;
27487500;13.0593338;
27496500;14.22115326;
27505500;19.87213135;
27514500;16.2477417;
27523500;11.8194809;
27532500;13.00756836;
27541500;12.41548157;
27550500;19.41324615;
27559500;19.18848419;
27568500;12.14686584;
27577500;20.41902161;
27586500;12.16464996;
27595500;14.02642822;
27604500;15.85231018;
27613500;15.04976654;
27622500;14.72229004;
27631500;15.78380585;
27640500;17.45016479;
27649500;22.21952057;
27658500;8.200027466;
27667500;12.09153748;
27676500;15.74084473;
27685500;8.533302307;
27694500;16.47947693;
27703500;16.86826324;
27712500;17.21192932;
27721500;19.48012543;
27730500;17.9158783;
27739500;11.14459991;
27748500;11.6031189;
27757500;15.43888855;
27766500;14.79607391;
27775500;14.25233459;
27784500;21.94605255;
27793500;18.21470642;
27802500;12.02531433;
27811500;4.680915833;
27820500;14.88957977;
27829500;13.91480255;
27838500;11.10176086;
27847500;11.74061584;
27856500;20.44239044;
27865500;16.10540009;
27874500;12.74927521;
27883500;16.59095001;
27892500;13.05948639;
27901500;14.72415924;
27910500;13.05029297;
27919500;7.872520447;
27928500;21.14419556;
27937500;14.14717102;
27946500;13.10489655;
27955500;20.82213593;
27964500;11.23438263;
27973500;15.49990845;
27982500;15.84498596;
27991500;16.46483612;
28000500;19.915802;
28009500;15.59228516;
28018500;11.62831116;
28027500;11.43807983;
28036500;13.72364044;
28045500;10.16429138;
28054500;15.93752289;
28063500;17.40236664;
28072500;22.56619263;
28081500;14.88051605;
28090500;12.97547913;
28099500;15.15400696;
28108500;12.75054169;
28117500;9.090019226;
28126500;19.50889587;
28135500;19.046875;
28144500;19.0453186;
28153500;11.77148438;
28162500;16.51413727;
28171500;19.71099091;
28180500;14.72232056;
28189500;17.46805573;
28198500;13.14482117;
28207500;18.82447815;
28216500;21.11108398;
28225500;11.44119263;
28234500;16.25982666;
28243500;21.36697388;
28252500;14.22952271;
28261500;11.49515533;
28270500;18.61490631;
28279500;21.97466278;
28288500;19.68190765;
28297500;5.721214294;
28306500;16.22883606;
28315500;18.59779358;
28324500;9.330741882;
28333500;17.21238708;
28342500;16.14881897;
28351500;17.26369476;
28360500;13.9569397;
28369500;17.11948395;
28378500;10.71253204;
28387500;10.0662384;
28396500;10.58828735;
28405500;16.71937561;
28414500;16.75980377;
28423500;22.95717621;
28432500;14.23147583;
28441500;10.31156158;
28450500;17.85083771;
28459500;14.80580139;
28468500;13.78926849;
28477500;19.2188797;
28486500;17.37857056;
28495500;24.58978271;
28504500;16.12506104;
28513500;11.72272491;
28522500;18.25299072;
28531500;9.658882141;
28540500;10.93436432;
28549500;15.51335907;
28558500;20.25170135;
28567500;25.12211609;
28576500;14.28961945;
28585500;11.41112518;
28594500;18.81162262;
28603500;16.53953552;
28612500;17.69317627;
28621500;16.63513184;
28630500;19.33287811;
28639500;20.51668549;
28648500;17.85144043;
28657500;10.33886719;
28666500;12.03430176;
28675500;11.02911377;
28684500;10.08528137;
28693500;16.68279266;
28702500;23.40415955;
28711500;20.84518433;
28720500;14.35321045;
28729500;18.00448608;
28738500;18.3079071;
28747500;17.45189667;
28756500;18.92558289;
28765500;16.19581604;
28774500;22.4810257;
28783500;17.18149567;
28792500;15.7052002;
28801500;20.29824829;
28810500;15.82691956;
28819500;16.69661713;
28828500;14.56848907;
28837500;14.74598694;
28846500;23.73540497;
28855500;18.49736786;
28864500;14.12494659;
28873500;10.66912842;
28882500;9.111953735;
28891500;14.71630859;
28900500;17.60014343;
28909500;18.2925415;
28918500;24.25552368;
28927500;16.90099335;
28936500;13.70462036;
28945500;9.178184509;
28954500;11.32763672;
28963500;12.37471008;
28972500;16.72350311;
28981500;14.74498749;
28990500;22.14268494;
28999500;13.43704224;
29008500;17.12195587;
29017500;18.47297668;
29026500;18.51091003;
29035500;11.08449554;
29044500;16.0222702;
29053500;19.2555542;
29062500;20.98347473;
29071500;16.87810516;
29080500;14.17450714;
29089500;16.82723236;
29098500;14.72881317;
29107500;15.78645325;
29116500;11.48681641;
29125500;20.07975769;
29134500;18.18719482;
29143500;5.749526978;
29152500;19.54465485;
29161500;16.10020447;
29170500;17.62713623;
29179500;12.0921936;
29188500;16.06773376;
29197500;22.28495789;
29206500;17.36666107;
29215500;14.57086182;
29224500;18.56935883;
29233500;15.84515381;
29242500;15.83727264;
29251500;17.75434875;
29260500;16.59305573;
29269500;23.04486847;
29278500;13.78636932;
29287500;8.177772522;
29296500;16.12225342;
29305500;15.05058289;
29314500;9.685180664;
29323500;17.81377411;
29332500;17.2365036;
29341500;20.92615509;
29350500;12.86025238;
29359500;16.28800201;
29368500;17.74986267;
29377500;8.497817993;
29386500;11.38304138;
29395500;13.11172485;
29404500;19.10450745;
29413500;22.9564743;
29422500;18.62298584;
29431500;14.14928436;
29440500;7.405128479;
29449500;2.560791016;
29458500;15.71395111;
29467500;16.59508514;
29476500;18.73310089;
29485500;22.01373291;
29494500;16.26582336;
29503500;10.93941498;
29512500;15.48924255;
29521500;10.03670502;
29530500;9.101005554;
29539500;12.90814209;
29548500;18.77478027;
29557500;15.89655304;
29566500;10.47670746;
29575500;12.29818726;
29584500;13.85697937;
29593500;17.30587769;
29602500;9.995758057;
29611500;14.96817017;
29620500;18.78249359;
29629500;17.19483185;
29638500;11.48777008;
29647500;13.91072845;
29656500;6.17489624;
29665500;6.383811951;
29674500;14.66794586;
29683500;17.55066681;
29692500;22.04943085;
29701500;15.45066071;
29710500;21.28639221;
29719500;16.89736176;
29728500;9.492393494;
29737500;10.67705536;
29746500;8.616958618;
29755500;14.36534882;
29764500;21.55059052;
29773500;7.848342896;
29782500;8.199584961;
29791500;10.68022156;
29800500;15.01399994;
29809500;11.80866241;
29818500;18.37877655;
29827500;14.70335388;
29836500;21.9535675;
29845500;13.14491272;
29854500;15.07928467;
29863500;18.32173157;
29872500;16.93344879;
29881500;11.48899841;
29890500;12.59473419;
29899500;13.44231415;
29908500;15.64717102;
29917500;17.27077484;
29926500;14.58644104;
29935500;15.22547913;
29944500;15.22119141;
29953500;21.72527313;
29962500;11.11233521;
29971500;18.33387756;
29980500;17.26571655;
29989500;14.49404907;
29998500;16.58686829;
